{"type":"FeatureCollection","features":[{"type":"Feature","geometry":{"geodesic":false,"type":"Point","coordinates":[27.237478868253326,46.019961393396926]},"id":"+101072-170757","properties":{"count":169,"label":1}},{"type":"Feature","geometry":{"geodesic":false,"type":"Point","coordinates":[27.24010843376252,46.01579618714464]},"id":"+101079-170748","properties":{"count":9,"label":1}},{"type":"Feature","geometry":{"geodesic":false,"type":"Point","coordinates":[27.244959336296763,46.02495900304266]},"id":"+101097-170782","properties":{"count":9,"label":1}},{"type":"Feature","geometry":{"geodesic":false,"type":"Point","coordinates":[27.24576782005247,45.95017425563971]},"id":"+101100-170505","properties":{"count":6,"label":1}},{"type":"Feature","geometry":{"geodesic":false,"type":"Point","coordinates":[27.247384787563888,46.02657597055407]},"id":"+101106-170788","properties":{"count":9,"label":1}},{"type":"Feature","geometry":{"geodesic":false,"type":"Point","coordinates":[27.246387657598515,46.03758482436096]},"id":"+101106-170814","properties":{"count":120,"label":1}},{"type":"Feature","geometry":{"geodesic":false,"type":"Point","coordinates":[27.248906639339335,46.032488998806606]},"id":"+101113-170810","properties":{"count":17,"label":1}},{"type":"Feature","geometry":{"geodesic":false,"type":"Point","coordinates":[27.249405996953154,45.95327344336992]},"id":"+101114-170516","properties":{"count":12,"label":1}},{"type":"Feature","geometry":{"geodesic":false,"type":"Point","coordinates":[27.250098983029478,46.031215127342776]},"id":"+101115-170803","properties":{"count":14,"label":1}},{"type":"Feature","geometry":{"geodesic":false,"type":"Point","coordinates":[27.251039134139685,46.035081219664114]},"id":"+101116-170816","properties":{"count":25,"label":1}},{"type":"Feature","geometry":{"geodesic":false,"type":"Point","coordinates":[27.254543237484214,45.87995407277419]},"id":"+101125-170238","properties":{"count":48,"label":1}},{"type":"Feature","geometry":{"geodesic":false,"type":"Point","coordinates":[27.255469625120963,45.8733030985446]},"id":"+101137-170216","properties":{"count":124,"label":1}},{"type":"Feature","geometry":{"geodesic":false,"type":"Point","coordinates":[27.26085951682568,45.87417678260319]},"id":"+101156-170222","properties":{"count":12,"label":1}},{"type":"Feature","geometry":{"geodesic":false,"type":"Point","coordinates":[27.261668000581388,45.936564779085295]},"id":"+101159-170454","properties":{"count":9,"label":1}},{"type":"Feature","geometry":{"geodesic":false,"type":"Point","coordinates":[27.262542100410023,45.87866562502075]},"id":"+101173-170226","properties":{"count":115,"label":1}},{"type":"Feature","geometry":{"geodesic":false,"type":"Point","coordinates":[27.265710419359923,45.87377254072534]},"id":"+101174-170222","properties":{"count":3,"label":1}},{"type":"Feature","geometry":{"geodesic":false,"type":"Point","coordinates":[27.265845166652543,45.88037515806362]},"id":"+101175-170244","properties":{"count":24,"label":1}},{"type":"Feature","geometry":{"geodesic":false,"type":"Point","coordinates":[27.26719263957872,45.8779497067965]},"id":"+101181-170235","properties":{"count":18,"label":1}},{"type":"Feature","geometry":{"geodesic":false,"type":"Point","coordinates":[27.268405365212285,45.87592849740723]},"id":"+101184-170229","properties":{"count":9,"label":1}},{"type":"Feature","geometry":{"geodesic":false,"type":"Point","coordinates":[27.275176416666334,45.94326845689304]},"id":"+101209-170479","properties":{"count":8,"label":1}},{"type":"Feature","geometry":{"geodesic":false,"type":"Point","coordinates":[27.275951213598887,45.94168517620478]},"id":"+101212-170473","properties":{"count":9,"label":1}},{"type":"Feature","geometry":{"geodesic":false,"type":"Point","coordinates":[27.27693936041142,45.94024787175019]},"id":"+101215-170468","properties":{"count":3,"label":1}},{"type":"Feature","geometry":{"geodesic":false,"type":"Point","coordinates":[27.278174543927083,45.93771013107255]},"id":"+101219-170458","properties":{"count":4,"label":1}},{"type":"Feature","geometry":{"geodesic":false,"type":"Point","coordinates":[27.287269986178792,45.90018301007846]},"id":"+101253-170320","properties":{"count":1,"label":1}},{"type":"Feature","geometry":{"geodesic":false,"type":"Point","coordinates":[27.2880784699345,45.891289688765674]},"id":"+101256-170287","properties":{"count":1,"label":1}},{"type":"Feature","geometry":{"geodesic":false,"type":"Point","coordinates":[27.285914717954697,45.86292259963463]},"id":"+101280-170168","properties":{"count":242,"label":1}},{"type":"Feature","geometry":{"geodesic":false,"type":"Point","coordinates":[27.29643280207681,45.85100024827291]},"id":"+101287-170137","properties":{"count":2,"label":1}},{"type":"Feature","geometry":{"geodesic":false,"type":"Point","coordinates":[27.29901995009508,45.94750625924588]},"id":"+101298-170495","properties":{"count":5,"label":1}},{"type":"Feature","geometry":{"geodesic":false,"type":"Point","coordinates":[27.302900672122473,45.857872360196424]},"id":"+101311-170162","properties":{"count":3,"label":1}},{"type":"Feature","geometry":{"geodesic":false,"type":"Point","coordinates":[27.303655256961132,45.85603979701683]},"id":"+101314-170155","properties":{"count":5,"label":1}},{"type":"Feature","geometry":{"geodesic":false,"type":"Point","coordinates":[27.30829056382719,46.05931956266023]},"id":"+101332-170910","properties":{"count":6,"label":1}},{"type":"Feature","geometry":{"geodesic":false,"type":"Point","coordinates":[27.318261863480917,46.06417046519447]},"id":"+101369-170927","properties":{"count":12,"label":1}},{"type":"Feature","geometry":{"geodesic":false,"type":"Point","coordinates":[27.31987883099233,46.06161026663474]},"id":"+101375-170918","properties":{"count":9,"label":1}},{"type":"Feature","geometry":{"geodesic":false,"type":"Point","coordinates":[27.326616195623227,46.06996459877705]},"id":"+101400-170949","properties":{"count":9,"label":1}},{"type":"Feature","geometry":{"geodesic":false,"type":"Point","coordinates":[27.328233163134644,46.06834763126563]},"id":"+101406-170943","properties":{"count":9,"label":1}},{"type":"Feature","geometry":{"geodesic":false,"type":"Point","coordinates":[27.331781508506918,45.814843058087106]},"id":"+101420-170003","properties":{"count":6,"label":1}},{"type":"Feature","geometry":{"geodesic":false,"type":"Point","coordinates":[27.33263490802683,45.89569143365786]},"id":"+101422-170303","properties":{"count":3,"label":1}},{"type":"Feature","geometry":{"geodesic":false,"type":"Point","coordinates":[27.33348830754674,46.06336198143877]},"id":"+101425-170925","properties":{"count":4,"label":1}},{"type":"Feature","geometry":{"geodesic":false,"type":"Point","coordinates":[27.334970527765538,46.06161026663474]},"id":"+101434-170915","properties":{"count":27,"label":1}},{"type":"Feature","geometry":{"geodesic":false,"type":"Point","coordinates":[27.336587495276955,45.80343445397878]},"id":"+101437-169960","properties":{"count":9,"label":1}},{"type":"Feature","geometry":{"geodesic":false,"type":"Point","coordinates":[27.339147693836697,45.78349185467133]},"id":"+101446-169887","properties":{"count":2,"label":1}},{"type":"Feature","geometry":{"geodesic":false,"type":"Point","coordinates":[27.342516376152144,45.79332840703244]},"id":"+101459-169922","properties":{"count":12,"label":1}},{"type":"Feature","geometry":{"geodesic":false,"type":"Point","coordinates":[27.34467233283403,45.775407017114254]},"id":"+101466-169857","properties":{"count":1,"label":1}},{"type":"Feature","geometry":{"geodesic":false,"type":"Point","coordinates":[27.290661983499483,45.87867941685418]},"id":"+101467-169861","properties":{"count":21459,"label":1}},{"type":"Feature","geometry":{"geodesic":false,"type":"Point","coordinates":[27.343066365101603,46.05397642001621]},"id":"+101484-170876","properties":{"count":147,"label":1}},{"type":"Feature","geometry":{"geodesic":false,"type":"Point","coordinates":[27.349425237337282,45.76761617365016]},"id":"+101485-169827","properties":{"count":11,"label":1}},{"type":"Feature","geometry":{"geodesic":false,"type":"Point","coordinates":[27.34828163531487,45.77040211767416]},"id":"+101485-169836","properties":{"count":28,"label":1}},{"type":"Feature","geometry":{"geodesic":false,"type":"Point","coordinates":[27.339971432002887,45.88375655238781]},"id":"+101485-170219","properties":{"count":318,"label":1}},{"type":"Feature","geometry":{"geodesic":false,"type":"Point","coordinates":[27.350870708294455,45.98830773945058]},"id":"+101490-170646","properties":{"count":9,"label":1}},{"type":"Feature","geometry":{"geodesic":false,"type":"Point","coordinates":[27.350938081940765,46.00441004091842]},"id":"+101490-170706","properties":{"count":4,"label":1}},{"type":"Feature","geometry":{"geodesic":false,"type":"Point","coordinates":[27.35114020287969,46.07427651214082]},"id":"+101490-170966","properties":{"count":1,"label":1}},{"type":"Feature","geometry":{"geodesic":false,"type":"Point","coordinates":[27.351679192050163,45.969982107654545]},"id":"+101493-170578","properties":{"count":9,"label":1}},{"type":"Feature","geometry":{"geodesic":false,"type":"Point","coordinates":[27.35248767580587,46.00339943622379]},"id":"+101496-170702","properties":{"count":9,"label":1}},{"type":"Feature","geometry":{"geodesic":false,"type":"Point","coordinates":[27.353296159561577,45.986690771939166]},"id":"+101499-170640","properties":{"count":9,"label":1}},{"type":"Feature","geometry":{"geodesic":false,"type":"Point","coordinates":[27.354104643317285,45.96917362389883]},"id":"+101502-170575","properties":{"count":9,"label":1}},{"type":"Feature","geometry":{"geodesic":false,"type":"Point","coordinates":[27.353827222420723,46.0273368964418]},"id":"+101502-170786","properties":{"count":34,"label":1}},{"type":"Feature","geometry":{"geodesic":false,"type":"Point","coordinates":[27.354104643317285,46.06996459877705]},"id":"+101502-170949","properties":{"count":9,"label":1}},{"type":"Feature","geometry":{"geodesic":false,"type":"Point","coordinates":[27.354913127072994,45.986151782768694]},"id":"+101505-170639","properties":{"count":3,"label":1}},{"type":"Feature","geometry":{"geodesic":false,"type":"Point","coordinates":[27.354913127072994,46.021186078849354]},"id":"+101505-170769","properties":{"count":3,"label":1}},{"type":"Feature","geometry":{"geodesic":false,"type":"Point","coordinates":[27.355020924907087,46.02490510412561]},"id":"+101505-170782","properties":{"count":5,"label":1}},{"type":"Feature","geometry":{"geodesic":false,"type":"Point","coordinates":[27.354744692957222,46.002826760230164]},"id":"+101506-170700","properties":{"count":8,"label":1}},{"type":"Feature","geometry":{"geodesic":false,"type":"Point","coordinates":[27.35422073329246,46.01157548733279]},"id":"+101512-170727","properties":{"count":65,"label":1}},{"type":"Feature","geometry":{"geodesic":false,"type":"Point","coordinates":[27.357635022383878,46.01924571783565]},"id":"+101515-170760","properties":{"count":10,"label":1}},{"type":"Feature","geometry":{"geodesic":false,"type":"Point","coordinates":[27.358147062095824,46.05729835327096]},"id":"+101516-170903","properties":{"count":1,"label":1}},{"type":"Feature","geometry":{"geodesic":false,"type":"Point","coordinates":[27.359225040436765,46.0493482630065]},"id":"+101521-170872","properties":{"count":12,"label":1}},{"type":"Feature","geometry":{"geodesic":false,"type":"Point","coordinates":[27.362119177939082,45.73172545999429]},"id":"+101533-169691","properties":{"count":23,"label":1}},{"type":"Feature","geometry":{"geodesic":false,"type":"Point","coordinates":[27.362728470044832,46.0478660427877]},"id":"+101533-170868","properties":{"count":1,"label":1}},{"type":"Feature","geometry":{"geodesic":false,"type":"Point","coordinates":[27.361561647335133,46.05569027019642]},"id":"+101533-170890","properties":{"count":91,"label":1}},{"type":"Feature","geometry":{"geodesic":false,"type":"Point","coordinates":[27.361710304716574,45.74224843022909]},"id":"+101536-169706","properties":{"count":401,"label":1}},{"type":"Feature","geometry":{"geodesic":false,"type":"Point","coordinates":[27.363267459215304,45.74980503151685]},"id":"+101536-169762","properties":{"count":3,"label":1}},{"type":"Feature","geometry":{"geodesic":false,"type":"Point","coordinates":[27.363357290743714,46.029989568633724]},"id":"+101536-170801","properties":{"count":6,"label":1}},{"type":"Feature","geometry":{"geodesic":false,"type":"Point","coordinates":[27.363806448385777,46.052582198029334]},"id":"+101537-170885","properties":{"count":2,"label":1}},{"type":"Feature","geometry":{"geodesic":false,"type":"Point","coordinates":[27.364255606027836,45.728425127754804]},"id":"+101539-169682","properties":{"count":3,"label":1}},{"type":"Feature","geometry":{"geodesic":false,"type":"Point","coordinates":[27.365869475900343,45.72719536510723]},"id":"+101549-169675","properties":{"count":29,"label":1}},{"type":"Feature","geometry":{"geodesic":false,"type":"Point","coordinates":[27.368505027893583,45.98512067305127]},"id":"+101558-170634","properties":{"count":23,"label":1}},{"type":"Feature","geometry":{"geodesic":false,"type":"Point","coordinates":[27.370890306054832,45.98430381989851]},"id":"+101564-170631","properties":{"count":7,"label":1}},{"type":"Feature","geometry":{"geodesic":false,"type":"Point","coordinates":[27.372430275113324,45.98332208962372]},"id":"+101570-170627","properties":{"count":12,"label":1}},{"type":"Feature","geometry":{"geodesic":false,"type":"Point","coordinates":[27.37404724262474,45.982378858575395]},"id":"+101576-170624","properties":{"count":9,"label":1}},{"type":"Feature","geometry":{"geodesic":false,"type":"Point","coordinates":[27.375664210136154,45.98183986940492]},"id":"+101583-170623","properties":{"count":5,"label":1}},{"type":"Feature","geometry":{"geodesic":false,"type":"Point","coordinates":[27.37646488245461,45.98980362968457]},"id":"+101586-170646","properties":{"count":207,"label":1}},{"type":"Feature","geometry":{"geodesic":false,"type":"Point","coordinates":[27.3767421884771,45.99504510408148]},"id":"+101586-170671","properties":{"count":9,"label":1}},{"type":"Feature","geometry":{"geodesic":false,"type":"Point","coordinates":[27.3767421884771,46.056894111393106]},"id":"+101586-170901","properties":{"count":6,"label":1}},{"type":"Feature","geometry":{"geodesic":false,"type":"Point","coordinates":[27.378224408695896,46.01188851565872]},"id":"+101591-170734","properties":{"count":4,"label":1}},{"type":"Feature","geometry":{"geodesic":false,"type":"Point","coordinates":[27.378359155988512,46.01417921963322]},"id":"+101592-170742","properties":{"count":9,"label":1}},{"type":"Feature","geometry":{"geodesic":false,"type":"Point","coordinates":[27.38066210971689,45.980810890079475]},"id":"+101601-170618","properties":{"count":11,"label":1}},{"type":"Feature","geometry":{"geodesic":false,"type":"Point","coordinates":[27.38105410184087,46.03519979728162]},"id":"+101601-170821","properties":{"count":1,"label":1}},{"type":"Feature","geometry":{"geodesic":false,"type":"Point","coordinates":[27.38186258559658,45.994506114911005]},"id":"+101604-170670","properties":{"count":1,"label":1}},{"type":"Feature","geometry":{"geodesic":false,"type":"Point","coordinates":[27.381691089042338,46.07226755250542]},"id":"+101605-170956","properties":{"count":11,"label":1}},{"type":"Feature","geometry":{"geodesic":false,"type":"Point","coordinates":[27.38240157476705,45.963244743023644]},"id":"+101607-170553","properties":{"count":9,"label":1}},{"type":"Feature","geometry":{"geodesic":false,"type":"Point","coordinates":[27.38240157476705,46.01000205356207]},"id":"+101607-170726","properties":{"count":12,"label":1}},{"type":"Feature","geometry":{"geodesic":false,"type":"Point","coordinates":[27.382435261590206,46.03085419709469]},"id":"+101607-170804","properties":{"count":8,"label":1}},{"type":"Feature","geometry":{"geodesic":false,"type":"Point","coordinates":[27.382940563937524,46.007172360417094]},"id":"+101608-170717","properties":{"count":1,"label":1}},{"type":"Feature","geometry":{"geodesic":false,"type":"Point","coordinates":[27.38330805655375,45.705852914615654]},"id":"+101611-169598","properties":{"count":11,"label":1}},{"type":"Feature","geometry":{"geodesic":false,"type":"Point","coordinates":[27.38516389426572,45.72885182751476]},"id":"+101617-169684","properties":{"count":4,"label":1}},{"type":"Feature","geometry":{"geodesic":false,"type":"Point","coordinates":[27.384730777968016,45.9784904367027]},"id":"+101617-170609","properties":{"count":14,"label":1}},{"type":"Feature","geometry":{"geodesic":false,"type":"Point","coordinates":[27.38509652061941,45.99423662032577]},"id":"+101617-170668","properties":{"count":9,"label":1}},{"type":"Feature","geometry":{"geodesic":false,"type":"Point","coordinates":[27.384692278741554,46.03007940016214]},"id":"+101617-170801","properties":{"count":18,"label":1}},{"type":"Feature","geometry":{"geodesic":false,"type":"Point","coordinates":[27.386713488130823,45.95515990546657]},"id":"+101623-170524","properties":{"count":3,"label":1}},{"type":"Feature","geometry":{"geodesic":false,"type":"Point","coordinates":[27.387252477301296,46.00555539290568]},"id":"+101624-170711","properties":{"count":1,"label":1}},{"type":"Feature","geometry":{"geodesic":false,"type":"Point","coordinates":[27.387841604999256,45.957585356733695]},"id":"+101629-170526","properties":{"count":43,"label":1}},{"type":"Feature","geometry":{"geodesic":false,"type":"Point","coordinates":[27.38833045564224,45.96081929175652]},"id":"+101629-170544","properties":{"count":9,"label":1}},{"type":"Feature","geometry":{"geodesic":false,"type":"Point","coordinates":[27.38833045564224,46.002860447053315]},"id":"+101629-170701","properties":{"count":3,"label":1}},{"type":"Feature","geometry":{"geodesic":false,"type":"Point","coordinates":[27.389314696736143,45.712146092519106]},"id":"+101635-169619","properties":{"count":23,"label":1}},{"type":"Feature","geometry":{"geodesic":false,"type":"Point","coordinates":[27.38833045564224,45.97711334898694]},"id":"+101635-170603","properties":{"count":39,"label":1}},{"type":"Feature","geometry":{"geodesic":false,"type":"Point","coordinates":[27.390755906909362,45.986690771939166]},"id":"+101638-170640","properties":{"count":9,"label":1}},{"type":"Feature","geometry":{"geodesic":false,"type":"Point","coordinates":[27.39282203206284,45.97595590429393]},"id":"+101645-170600","properties":{"count":18,"label":1}},{"type":"Feature","geometry":{"geodesic":false,"type":"Point","coordinates":[27.39425933651743,45.97510250477402]},"id":"+101651-170597","properties":{"count":9,"label":1}},{"type":"Feature","geometry":{"geodesic":false,"type":"Point","coordinates":[27.382452833900203,46.04398915597603]},"id":"+101651-170671","properties":{"count":17539,"label":1}},{"type":"Feature","geometry":{"geodesic":false,"type":"Point","coordinates":[27.394744426770853,46.0621492558052]},"id":"+101651-170919","properties":{"count":15,"label":1}},{"type":"Feature","geometry":{"geodesic":false,"type":"Point","coordinates":[27.39523625438891,46.05969011771493]},"id":"+101654-170909","properties":{"count":24,"label":1}},{"type":"Feature","geometry":{"geodesic":false,"type":"Point","coordinates":[27.395269941212064,45.694962883421354]},"id":"+101657-169551","properties":{"count":48,"label":1}},{"type":"Feature","geometry":{"geodesic":false,"type":"Point","coordinates":[27.394602329625908,45.717539179811794]},"id":"+101657-169635","properties":{"count":66,"label":1}},{"type":"Feature","geometry":{"geodesic":false,"type":"Point","coordinates":[27.394449121436608,45.71036772531121]},"id":"+101660-169613","properties":{"count":71,"label":1}},{"type":"Feature","geometry":{"geodesic":false,"type":"Point","coordinates":[27.394130808330626,45.96165265193548]},"id":"+101660-170547","properties":{"count":65,"label":1}},{"type":"Feature","geometry":{"geodesic":false,"type":"Point","coordinates":[27.39743038947037,45.974478175651555]},"id":"+101663-170593","properties":{"count":60,"label":1}},{"type":"Feature","geometry":{"geodesic":false,"type":"Point","coordinates":[27.39749327154026,46.067539147509926]},"id":"+101663-170940","properties":{"count":9,"label":1}},{"type":"Feature","geometry":{"geodesic":false,"type":"Point","coordinates":[27.398301755295964,45.71989113255567]},"id":"+101666-169650","properties":{"count":9,"label":1}},{"type":"Feature","geometry":{"geodesic":false,"type":"Point","coordinates":[27.398301755295964,45.97968391272303]},"id":"+101666-170615","properties":{"count":3,"label":1}},{"type":"Feature","geometry":{"geodesic":false,"type":"Point","coordinates":[27.39909676432241,45.712116213771615]},"id":"+101668-169619","properties":{"count":20,"label":1}},{"type":"Feature","geometry":{"geodesic":false,"type":"Point","coordinates":[27.398503876234894,45.68957299171664]},"id":"+101669-169533","properties":{"count":36,"label":1}},{"type":"Feature","geometry":{"geodesic":false,"type":"Point","coordinates":[27.399110239051673,46.0432846348387]},"id":"+101669-170850","properties":{"count":9,"label":1}},{"type":"Feature","geometry":{"geodesic":false,"type":"Point","coordinates":[27.39978397551476,45.71881315421472]},"id":"+101671-169645","properties":{"count":10,"label":1}},{"type":"Feature","geometry":{"geodesic":false,"type":"Point","coordinates":[27.398975491759057,45.96081929175652]},"id":"+101671-170544","properties":{"count":24,"label":1}},{"type":"Feature","geometry":{"geodesic":false,"type":"Point","coordinates":[27.397229438605972,45.98596343851375]},"id":"+101671-170612","properties":{"count":714,"label":1}},{"type":"Feature","geometry":{"geodesic":false,"type":"Point","coordinates":[27.399952409630536,45.686776985394815]},"id":"+101672-169527","properties":{"count":8,"label":1}},{"type":"Feature","geometry":{"geodesic":false,"type":"Point","coordinates":[27.39991872280738,46.066730663754214]},"id":"+101672-170937","properties":{"count":9,"label":1}},{"type":"Feature","geometry":{"geodesic":false,"type":"Point","coordinates":[27.401670437611415,46.01000205356207]},"id":"+101679-170726","properties":{"count":16,"label":1}},{"type":"Feature","geometry":{"geodesic":false,"type":"Point","coordinates":[27.40180518490403,46.0327743460145]},"id":"+101679-170812","properties":{"count":3,"label":1}},{"type":"Feature","geometry":{"geodesic":false,"type":"Point","coordinates":[27.401670437611415,46.06592217999851]},"id":"+101679-170934","properties":{"count":12,"label":1}},{"type":"Feature","geometry":{"geodesic":false,"type":"Point","coordinates":[27.403813561217813,45.719037733035755]},"id":"+101680-169641","properties":{"count":42,"label":1}},{"type":"Feature","geometry":{"geodesic":false,"type":"Point","coordinates":[27.402344174074504,46.01593093443726]},"id":"+101680-170749","properties":{"count":2,"label":1}},{"type":"Feature","geometry":{"geodesic":false,"type":"Point","coordinates":[27.402736166198483,46.02167606900433]},"id":"+101684-170770","properties":{"count":11,"label":1}},{"type":"Feature","geometry":{"geodesic":false,"type":"Point","coordinates":[27.4043041346944,46.0097448087307]},"id":"+101685-170723","properties":{"count":33,"label":1}},{"type":"Feature","geometry":{"geodesic":false,"type":"Point","coordinates":[27.403422152415448,46.048405031958175]},"id":"+101685-170869","properties":{"count":9,"label":1}},{"type":"Feature","geometry":{"geodesic":false,"type":"Point","coordinates":[27.40503911992686,46.02091658426412]},"id":"+101691-170767","properties":{"count":9,"label":1}},{"type":"Feature","geometry":{"geodesic":false,"type":"Point","coordinates":[27.40503911992686,46.066730663754214]},"id":"+101691-170937","properties":{"count":9,"label":1}},{"type":"Feature","geometry":{"geodesic":false,"type":"Point","coordinates":[27.40773406577922,46.08249609699051]},"id":"+101702-170995","properties":{"count":20,"label":1}},{"type":"Feature","geometry":{"geodesic":false,"type":"Point","coordinates":[27.408273054949692,46.000839237664046]},"id":"+101703-170692","properties":{"count":12,"label":1}},{"type":"Feature","geometry":{"geodesic":false,"type":"Point","coordinates":[27.409485780583253,46.083843569916695]},"id":"+101706-170999","properties":{"count":18,"label":1}},{"type":"Feature","geometry":{"geodesic":false,"type":"Point","coordinates":[27.411506989972523,45.68000593394076]},"id":"+101714-169502","properties":{"count":3,"label":1}},{"type":"Feature","geometry":{"geodesic":false,"type":"Point","coordinates":[27.411506989972523,46.08667326306167]},"id":"+101714-171011","properties":{"count":3,"label":1}},{"type":"Feature","geometry":{"geodesic":false,"type":"Point","coordinates":[27.413393452069172,45.67892795559982]},"id":"+101722-169499","properties":{"count":3,"label":1}},{"type":"Feature","geometry":{"geodesic":false,"type":"Point","coordinates":[27.414848722829447,45.6784428653464]},"id":"+101726-169496","properties":{"count":5,"label":1}},{"type":"Feature","geometry":{"geodesic":false,"type":"Point","coordinates":[27.42219165764599,45.67039924460824]},"id":"+101756-169465","properties":{"count":17,"label":1}},{"type":"Feature","geometry":{"geodesic":false,"type":"Point","coordinates":[27.42417323547861,45.66922615053133]},"id":"+101762-169462","properties":{"count":9,"label":1}},{"type":"Feature","geometry":{"geodesic":false,"type":"Point","coordinates":[27.428822017073927,46.00750922864864]},"id":"+101778-170717","properties":{"count":4,"label":1}},{"type":"Feature","geometry":{"geodesic":false,"type":"Point","coordinates":[27.430540045054805,46.00646493713085]},"id":"+101787-170714","properties":{"count":8,"label":1}},{"type":"Feature","geometry":{"geodesic":false,"type":"Point","coordinates":[27.430708479170576,46.001108732249286]},"id":"+101790-170691","properties":{"count":24,"label":1}},{"type":"Feature","geometry":{"geodesic":false,"type":"Point","coordinates":[27.43135447354401,46.04203227764848]},"id":"+101790-170844","properties":{"count":17,"label":1}},{"type":"Feature","geometry":{"geodesic":false,"type":"Point","coordinates":[27.43252756762092,46.00582488749091]},"id":"+101793-170711","properties":{"count":9,"label":1}},{"type":"Feature","geometry":{"geodesic":false,"type":"Point","coordinates":[27.43252756762092,46.040050699815865]},"id":"+101793-170838","properties":{"count":9,"label":1}},{"type":"Feature","geometry":{"geodesic":false,"type":"Point","coordinates":[27.433369738199783,46.0166383577235]},"id":"+101796-170751","properties":{"count":8,"label":1}},{"type":"Feature","geometry":{"geodesic":false,"type":"Point","coordinates":[27.435707603726705,45.6784428653464]},"id":"+101805-169496","properties":{"count":10,"label":1}},{"type":"Feature","geometry":{"geodesic":false,"type":"Point","coordinates":[27.434574269741226,46.037013423003884]},"id":"+101805-170822","properties":{"count":37,"label":1}},{"type":"Feature","geometry":{"geodesic":false,"type":"Point","coordinates":[27.43656998639946,46.01903012216747]},"id":"+101808-170760","properties":{"count":9,"label":1}},{"type":"Feature","geometry":{"geodesic":false,"type":"Point","coordinates":[27.436520987383958,46.03434231451041]},"id":"+101808-170816","properties":{"count":11,"label":1}},{"type":"Feature","geometry":{"geodesic":false,"type":"Point","coordinates":[27.439264932251817,46.00663337124662]},"id":"+101818-170714","properties":{"count":9,"label":1}},{"type":"Feature","geometry":{"geodesic":false,"type":"Point","coordinates":[27.4384115327319,46.03101514524976]},"id":"+101820-170798","properties":{"count":36,"label":1}},{"type":"Feature","geometry":{"geodesic":false,"type":"Point","coordinates":[27.440073416007525,46.12574997792087]},"id":"+101821-171156","properties":{"count":9,"label":1}},{"type":"Feature","geometry":{"geodesic":false,"type":"Point","coordinates":[27.441555636226322,45.67919745018506]},"id":"+101826-169499","properties":{"count":6,"label":1}},{"type":"Feature","geometry":{"geodesic":false,"type":"Point","coordinates":[27.44628788069692,46.03022822553011]},"id":"+101830-170791","properties":{"count":201,"label":1}},{"type":"Feature","geometry":{"geodesic":false,"type":"Point","coordinates":[27.443307351030356,46.099878497738224]},"id":"+101833-171060","properties":{"count":9,"label":1}},{"type":"Feature","geometry":{"geodesic":false,"type":"Point","coordinates":[27.443442098322972,46.00865458063589]},"id":"+101834-170721","properties":{"count":14,"label":1}},{"type":"Feature","geometry":{"geodesic":false,"type":"Point","coordinates":[27.44411583478606,46.01458346151108]},"id":"+101836-170742","properties":{"count":18,"label":1}},{"type":"Feature","geometry":{"geodesic":false,"type":"Point","coordinates":[27.44425058207868,46.02482425575004]},"id":"+101836-170782","properties":{"count":4,"label":1}},{"type":"Feature","geometry":{"geodesic":false,"type":"Point","coordinates":[27.445103981598596,45.675065199878105]},"id":"+101839-169484","properties":{"count":3,"label":1}},{"type":"Feature","geometry":{"geodesic":false,"type":"Point","coordinates":[27.444978217458814,46.07443820889196]},"id":"+101839-170966","properties":{"count":5,"label":1}},{"type":"Feature","geometry":{"geodesic":false,"type":"Point","coordinates":[27.445732802297478,46.025767486798365]},"id":"+101842-170785","properties":{"count":9,"label":1}},{"type":"Feature","geometry":{"geodesic":false,"type":"Point","coordinates":[27.445774263002896,46.02759175783688]},"id":"+101842-170791","properties":{"count":13,"label":1}},{"type":"Feature","geometry":{"geodesic":false,"type":"Point","coordinates":[27.445867549590094,46.05770259514881]},"id":"+101842-170904","properties":{"count":4,"label":1}},{"type":"Feature","geometry":{"geodesic":false,"type":"Point","coordinates":[27.44492431854177,46.11739564577856]},"id":"+101842-171125","properties":{"count":27,"label":1}},{"type":"Feature","geometry":{"geodesic":false,"type":"Point","coordinates":[27.44532856041962,46.12413301040945]},"id":"+101842-171150","properties":{"count":18,"label":1}},{"type":"Feature","geometry":{"geodesic":false,"type":"Point","coordinates":[27.446676033345803,46.05109997781054]},"id":"+101846-170880","properties":{"count":4,"label":1}},{"type":"Feature","geometry":{"geodesic":false,"type":"Point","coordinates":[27.441079302421564,46.012408546692754]},"id":"+101849-170691","properties":{"count":1585,"label":1}},{"type":"Feature","geometry":{"geodesic":false,"type":"Point","coordinates":[27.447619264394127,46.03924221606016]},"id":"+101849-170835","properties":{"count":9,"label":1}},{"type":"Feature","geometry":{"geodesic":false,"type":"Point","coordinates":[27.446406538760566,46.09772254105634]},"id":"+101849-171048","properties":{"count":36,"label":1}},{"type":"Feature","geometry":{"geodesic":false,"type":"Point","coordinates":[27.447619264394127,46.12332452665375]},"id":"+101849-171147","properties":{"count":9,"label":1}},{"type":"Feature","geometry":{"geodesic":false,"type":"Point","coordinates":[27.448427748149836,46.05015674676221]},"id":"+101852-170876","properties":{"count":6,"label":1}},{"type":"Feature","geometry":{"geodesic":false,"type":"Point","coordinates":[27.448427748149836,46.05541189117431]},"id":"+101852-170896","properties":{"count":3,"label":1}},{"type":"Feature","geometry":{"geodesic":false,"type":"Point","coordinates":[27.44802350627198,46.11739564577856]},"id":"+101852-171125","properties":{"count":18,"label":1}},{"type":"Feature","geometry":{"geodesic":false,"type":"Point","coordinates":[27.448080241974136,45.67321892557048]},"id":"+101856-169471","properties":{"count":38,"label":1}},{"type":"Feature","geometry":{"geodesic":false,"type":"Point","coordinates":[27.449775221076013,46.02738445430978]},"id":"+101856-170791","properties":{"count":3,"label":1}},{"type":"Feature","geometry":{"geodesic":false,"type":"Point","coordinates":[27.449775221076013,46.036412522915185]},"id":"+101856-170825","properties":{"count":2,"label":1}},{"type":"Feature","geometry":{"geodesic":false,"type":"Point","coordinates":[27.44937097919816,46.12231392195911]},"id":"+101856-171141","properties":{"count":12,"label":1}},{"type":"Feature","geometry":{"geodesic":false,"type":"Point","coordinates":[27.45004471566125,45.94815304625044]},"id":"+101857-170498","properties":{"count":1,"label":1}},{"type":"Feature","geometry":{"geodesic":false,"type":"Point","coordinates":[27.450314210246486,45.922281566067795]},"id":"+101858-170402","properties":{"count":1,"label":1}},{"type":"Feature","geometry":{"geodesic":false,"type":"Point","coordinates":[27.45017946295387,45.94195467079001]},"id":"+101858-170475","properties":{"count":2,"label":1}},{"type":"Feature","geometry":{"geodesic":false,"type":"Point","coordinates":[27.450583704831722,45.91999086209329]},"id":"+101861-170392","properties":{"count":20,"label":1}},{"type":"Feature","geometry":{"geodesic":false,"type":"Point","coordinates":[27.450853199416958,45.92497651192016]},"id":"+101861-170411","properties":{"count":9,"label":1}},{"type":"Feature","geometry":{"geodesic":false,"type":"Point","coordinates":[27.45004471566125,46.09502759520398]},"id":"+101861-171039","properties":{"count":27,"label":1}},{"type":"Feature","geometry":{"geodesic":false,"type":"Point","coordinates":[27.450835233111277,45.91707582899632]},"id":"+101864-170378","properties":{"count":60,"label":1}},{"type":"Feature","geometry":{"geodesic":false,"type":"Point","coordinates":[27.453467296893745,45.91743066353355]},"id":"+101870-170380","properties":{"count":30,"label":1}},{"type":"Feature","geometry":{"geodesic":false,"type":"Point","coordinates":[27.45104642194977,46.05227456741788]},"id":"+101870-170876","properties":{"count":53,"label":1}},{"type":"Feature","geometry":{"geodesic":false,"type":"Point","coordinates":[27.452754853610326,45.927724960374]},"id":"+101873-170392","properties":{"count":408,"label":1}},{"type":"Feature","geometry":{"geodesic":false,"type":"Point","coordinates":[27.4533002102509,46.09290397787232]},"id":"+101873-171033","properties":{"count":25,"label":1}},{"type":"Feature","geometry":{"geodesic":false,"type":"Point","coordinates":[27.45610335318859,46.05392468031505]},"id":"+101876-170884","properties":{"count":81,"label":1}},{"type":"Feature","geometry":{"geodesic":false,"type":"Point","coordinates":[27.454895618195497,46.07158156628846]},"id":"+101876-170955","properties":{"count":9,"label":1}},{"type":"Feature","geometry":{"geodesic":false,"type":"Point","coordinates":[27.455165112780733,46.114296458048344]},"id":"+101876-171114","properties":{"count":2,"label":1}},{"type":"Feature","geometry":{"geodesic":false,"type":"Point","coordinates":[27.454895618195497,46.12009059163091]},"id":"+101876-171135","properties":{"count":9,"label":1}},{"type":"Feature","geometry":{"geodesic":false,"type":"Point","coordinates":[27.455030365488113,45.91871076281342]},"id":"+101877-170388","properties":{"count":4,"label":1}},{"type":"Feature","geometry":{"geodesic":false,"type":"Point","coordinates":[27.455838849243822,45.91743066353355]},"id":"+101880-170383","properties":{"count":12,"label":1}},{"type":"Feature","geometry":{"geodesic":false,"type":"Point","coordinates":[27.45580112000189,45.91545796316962]},"id":"+101882-170375","properties":{"count":25,"label":1}},{"type":"Feature","geometry":{"geodesic":false,"type":"Point","coordinates":[27.456178412421217,46.091319349711135]},"id":"+101883-171026","properties":{"count":25,"label":1}},{"type":"Feature","geometry":{"geodesic":false,"type":"Point","coordinates":[27.458803289681416,46.11928210787521]},"id":"+101892-171132","properties":{"count":18,"label":1}},{"type":"Feature","geometry":{"geodesic":false,"type":"Point","coordinates":[27.45920753155927,46.08909871432879]},"id":"+101895-171017","properties":{"count":27,"label":1}},{"type":"Feature","geometry":{"geodesic":false,"type":"Point","coordinates":[27.459594930025546,46.112527899832735]},"id":"+101895-171107","properties":{"count":16,"label":1}},{"type":"Feature","geometry":{"geodesic":false,"type":"Point","coordinates":[27.46055500448545,45.64766658371246]},"id":"+101896-169383","properties":{"count":1,"label":1}},{"type":"Feature","geometry":{"geodesic":false,"type":"Point","coordinates":[27.461093993655922,45.647127594541985]},"id":"+101898-169381","properties":{"count":1,"label":1}},{"type":"Feature","geometry":{"geodesic":false,"type":"Point","coordinates":[27.46163298282639,46.087481746817375]},"id":"+101901-171014","properties":{"count":9,"label":1}},{"type":"Feature","geometry":{"geodesic":false,"type":"Point","coordinates":[27.462710961167335,45.90018301007846]},"id":"+101904-170320","properties":{"count":1,"label":1}},{"type":"Feature","geometry":{"geodesic":false,"type":"Point","coordinates":[27.463851821578167,46.1189392508751]},"id":"+101914-171113","properties":{"count":180,"label":1}},{"type":"Feature","geometry":{"geodesic":false,"type":"Point","coordinates":[27.46522934160178,46.12463018145463]},"id":"+101915-171147","properties":{"count":58,"label":1}},{"type":"Feature","geometry":{"geodesic":false,"type":"Point","coordinates":[27.465430406527442,45.64138245997491]},"id":"+101917-169350","properties":{"count":66,"label":1}},{"type":"Feature","geometry":{"geodesic":false,"type":"Point","coordinates":[27.466753379945875,45.90018301007846]},"id":"+101920-170320","properties":{"count":3,"label":1}},{"type":"Feature","geometry":{"geodesic":false,"type":"Point","coordinates":[27.46632590577619,45.91173875203504]},"id":"+101920-170358","properties":{"count":58,"label":1}},{"type":"Feature","geometry":{"geodesic":false,"type":"Point","coordinates":[27.466753379945875,45.939259724937656]},"id":"+101920-170464","properties":{"count":9,"label":1}},{"type":"Feature","geometry":{"geodesic":false,"type":"Point","coordinates":[27.467792859060356,46.10663511198235]},"id":"+101924-171085","properties":{"count":14,"label":1}},{"type":"Feature","geometry":{"geodesic":false,"type":"Point","coordinates":[27.468639842042524,45.91796965270402]},"id":"+101926-170386","properties":{"count":1,"label":1}},{"type":"Feature","geometry":{"geodesic":false,"type":"Point","coordinates":[27.469101832760074,46.10580737861341]},"id":"+101928-171082","properties":{"count":7,"label":1}},{"type":"Feature","geometry":{"geodesic":false,"type":"Point","coordinates":[27.46923273013004,45.918885934293826]},"id":"+101929-170389","properties":{"count":5,"label":1}},{"type":"Feature","geometry":{"geodesic":false,"type":"Point","coordinates":[27.469987314968705,46.073333281092495]},"id":"+101932-170961","properties":{"count":12,"label":1}},{"type":"Feature","geometry":{"geodesic":false,"type":"Point","coordinates":[27.471065293309646,45.92147308231209]},"id":"+101935-170399","properties":{"count":1,"label":1}},{"type":"Feature","geometry":{"geodesic":false,"type":"Point","coordinates":[27.47079579872441,46.06834763126563]},"id":"+101935-170943","properties":{"count":9,"label":1}},{"type":"Feature","geometry":{"geodesic":false,"type":"Point","coordinates":[27.47047240522213,46.104944995940656]},"id":"+101935-171079","properties":{"count":15,"label":1}},{"type":"Feature","geometry":{"geodesic":false,"type":"Point","coordinates":[27.471334787894882,45.63715629488826]},"id":"+101936-169344","properties":{"count":1,"label":1}},{"type":"Feature","geometry":{"geodesic":false,"type":"Point","coordinates":[27.471873777065355,45.6374257894735]},"id":"+101938-169344","properties":{"count":3,"label":1}},{"type":"Feature","geometry":{"geodesic":false,"type":"Point","coordinates":[27.474309021540822,45.93257622295267]},"id":"+101938-170403","properties":{"count":1486,"label":1}},{"type":"Feature","geometry":{"geodesic":false,"type":"Point","coordinates":[27.470634101973268,46.07540838939882]},"id":"+101938-170965","properties":{"count":45,"label":1}},{"type":"Feature","geometry":{"geodesic":false,"type":"Point","coordinates":[27.473824917862466,46.109515624106265]},"id":"+101948-171094","properties":{"count":25,"label":1}},{"type":"Feature","geometry":{"geodesic":false,"type":"Point","coordinates":[27.474433975625097,46.071312071703225]},"id":"+101950-170952","properties":{"count":18,"label":1}},{"type":"Feature","geometry":{"geodesic":false,"type":"Point","coordinates":[27.475916195843894,45.638189357465]},"id":"+101953-169347","properties":{"count":6,"label":1}},{"type":"Feature","geometry":{"geodesic":false,"type":"Point","coordinates":[27.477292543189918,45.94172367543124]},"id":"+101957-170470","properties":{"count":28,"label":1}},{"type":"Feature","geometry":{"geodesic":false,"type":"Point","coordinates":[27.476239589346175,46.050560988640065]},"id":"+101957-170876","properties":{"count":15,"label":1}},{"type":"Feature","geometry":{"geodesic":false,"type":"Point","coordinates":[27.478317147603267,45.63921425353915]},"id":"+101962-169350","properties":{"count":11,"label":1}},{"type":"Feature","geometry":{"geodesic":false,"type":"Point","coordinates":[27.477929478921833,45.94882281955786]},"id":"+101963-170495","properties":{"count":68,"label":1}},{"type":"Feature","geometry":{"geodesic":false,"type":"Point","coordinates":[27.478611141696252,46.0688866204361]},"id":"+101963-170946","properties":{"count":1,"label":1}},{"type":"Feature","geometry":{"geodesic":false,"type":"Point","coordinates":[27.47995861462243,45.63998598803324]},"id":"+101969-169354","properties":{"count":6,"label":1}},{"type":"Feature","geometry":{"geodesic":false,"type":"Point","coordinates":[27.481845076719082,46.05824158431928]},"id":"+101975-170906","properties":{"count":2,"label":1}},{"type":"Feature","geometry":{"geodesic":false,"type":"Point","coordinates":[27.482384065889555,45.640659724496324]},"id":"+101978-169357","properties":{"count":3,"label":1}},{"type":"Feature","geometry":{"geodesic":false,"type":"Point","coordinates":[27.482563728946378,46.058847947136066]},"id":"+101978-170905","properties":{"count":12,"label":1}},{"type":"Feature","geometry":{"geodesic":false,"type":"Point","coordinates":[27.480342975752194,45.94358378764749]},"id":"+101982-170467","properties":{"count":244,"label":1}},{"type":"Feature","geometry":{"geodesic":false,"type":"Point","coordinates":[27.486965473838563,46.10998454468457]},"id":"+101994-171098","properties":{"count":2,"label":1}},{"type":"Feature","geometry":{"geodesic":false,"type":"Point","coordinates":[27.4872349684238,46.05541189117431]},"id":"+101995-170896","properties":{"count":1,"label":1}},{"type":"Feature","geometry":{"geodesic":false,"type":"Point","coordinates":[27.488389945217666,45.62991844031336]},"id":"+102000-169316","properties":{"count":7,"label":1}},{"type":"Feature","geometry":{"geodesic":false,"type":"Point","coordinates":[27.488312946764744,46.11577867826714]},"id":"+102000-171119","properties":{"count":9,"label":1}},{"type":"Feature","geometry":{"geodesic":false,"type":"Point","coordinates":[27.488851935935212,45.641333460959416]},"id":"+102001-169359","properties":{"count":2,"label":1}},{"type":"Feature","geometry":{"geodesic":false,"type":"Point","coordinates":[27.489352425879225,45.63207439699524]},"id":"+102003-169323","properties":{"count":14,"label":1}},{"type":"Feature","geometry":{"geodesic":false,"type":"Point","coordinates":[27.49128174236314,46.07872279949772]},"id":"+102003-170876","properties":{"count":19492,"label":1}},{"type":"Feature","geometry":{"geodesic":false,"type":"Point","coordinates":[27.489525672398305,45.91500521226643]},"id":"+102006-170374","properties":{"count":18,"label":1}},{"type":"Feature","geometry":{"geodesic":false,"type":"Point","coordinates":[27.490815396484788,45.63419185445066]},"id":"+102009-169332","properties":{"count":7,"label":1}},{"type":"Feature","geometry":{"geodesic":false,"type":"Point","coordinates":[27.490738398031866,45.91689167436308]},"id":"+102009-170382","properties":{"count":3,"label":1}},{"type":"Feature","geometry":{"geodesic":false,"type":"Point","coordinates":[27.494049331507618,45.93492856196065]},"id":"+102009-170445","properties":{"count":84,"label":1}},{"type":"Feature","geometry":{"geodesic":false,"type":"Point","coordinates":[27.49146988333465,45.637387290247034]},"id":"+102012-169344","properties":{"count":7,"label":1}},{"type":"Feature","geometry":{"geodesic":false,"type":"Point","coordinates":[27.490940518970792,45.91325349746239]},"id":"+102012-170367","properties":{"count":12,"label":1}},{"type":"Feature","geometry":{"geodesic":false,"type":"Point","coordinates":[27.49289435471375,45.93117488738058]},"id":"+102016-170435","properties":{"count":1,"label":1}},{"type":"Feature","geometry":{"geodesic":false,"type":"Point","coordinates":[27.493433343884224,45.91082804619527]},"id":"+102019-170358","properties":{"count":12,"label":1}},{"type":"Feature","geometry":{"geodesic":false,"type":"Point","coordinates":[27.49370283846946,45.92928842528393]},"id":"+102019-170427","properties":{"count":3,"label":1}},{"type":"Feature","geometry":{"geodesic":false,"type":"Point","coordinates":[27.495926168797656,45.92598711661479]},"id":"+102028-170415","properties":{"count":4,"label":1}},{"type":"Feature","geometry":{"geodesic":false,"type":"Point","coordinates":[27.49403358182407,46.070736333271135]},"id":"+102028-170943","properties":{"count":66,"label":1}},{"type":"Feature","geometry":{"geodesic":false,"type":"Point","coordinates":[27.495858795151346,46.07670196340794]},"id":"+102028-170974","properties":{"count":9,"label":1}},{"type":"Feature","geometry":{"geodesic":false,"type":"Point","coordinates":[27.497595538033977,45.938466213103354]},"id":"+102033-170459","properties":{"count":18,"label":1}},{"type":"Feature","geometry":{"geodesic":false,"type":"Point","coordinates":[27.49686939984598,45.92376378628659]},"id":"+102034-170402","properties":{"count":36,"label":1}},{"type":"Feature","geometry":{"geodesic":false,"type":"Point","coordinates":[27.498284246418468,45.60751189051231]},"id":"+102037-169233","properties":{"count":9,"label":1}},{"type":"Feature","geometry":{"geodesic":false,"type":"Point","coordinates":[27.498284246418468,45.628262973575474]},"id":"+102037-169310","properties":{"count":9,"label":1}},{"type":"Feature","geometry":{"geodesic":false,"type":"Point","coordinates":[27.49882323558894,45.93629528450006]},"id":"+102039-170454","properties":{"count":3,"label":1}},{"type":"Feature","geometry":{"geodesic":false,"type":"Point","coordinates":[27.499766466637265,45.941011439741686]},"id":"+102042-170471","properties":{"count":4,"label":1}},{"type":"Feature","geometry":{"geodesic":false,"type":"Point","coordinates":[27.51066356524304,46.00442385304309]},"id":"+102043-170615","properties":{"count":1917,"label":1}},{"type":"Feature","geometry":{"geodesic":false,"type":"Point","coordinates":[27.50017070851512,46.00339943622379]},"id":"+102043-170702","properties":{"count":3,"label":1}},{"type":"Feature","geometry":{"geodesic":false,"type":"Point","coordinates":[27.50017070851512,46.02105133155674]},"id":"+102043-170768","properties":{"count":2,"label":1}},{"type":"Feature","geometry":{"geodesic":false,"type":"Point","coordinates":[27.500440203100357,45.94249365996048]},"id":"+102044-170476","properties":{"count":3,"label":1}},{"type":"Feature","geometry":{"geodesic":false,"type":"Point","coordinates":[27.50084444497821,45.82418553704194]},"id":"+102047-170037","properties":{"count":12,"label":1}},{"type":"Feature","geometry":{"geodesic":false,"type":"Point","coordinates":[27.50084444497821,46.038164237719215]},"id":"+102047-170832","properties":{"count":4,"label":1}},{"type":"Feature","geometry":{"geodesic":false,"type":"Point","coordinates":[27.50288490398071,45.8153788389887]},"id":"+102050-170001","properties":{"count":28,"label":1}},{"type":"Feature","geometry":{"geodesic":false,"type":"Point","coordinates":[27.50108699010492,45.95664212568537]},"id":"+102050-170525","properties":{"count":30,"label":1}},{"type":"Feature","geometry":{"geodesic":false,"type":"Point","coordinates":[27.501787676026535,46.02010810050841]},"id":"+102050-170764","properties":{"count":9,"label":1}},{"type":"Feature","geometry":{"geodesic":false,"type":"Point","coordinates":[27.501787676026535,46.0432846348387]},"id":"+102050-170850","properties":{"count":9,"label":1}},{"type":"Feature","geometry":{"geodesic":false,"type":"Point","coordinates":[27.518104998616586,45.96854118970323]},"id":"+102053-170493","properties":{"count":1243,"label":1}},{"type":"Feature","geometry":{"geodesic":false,"type":"Point","coordinates":[27.50124098701077,46.00078148882435]},"id":"+102053-170691","properties":{"count":35,"label":1}},{"type":"Feature","geometry":{"geodesic":false,"type":"Point","coordinates":[27.504213127293657,46.00339943622379]},"id":"+102059-170702","properties":{"count":9,"label":1}},{"type":"Feature","geometry":{"geodesic":false,"type":"Point","coordinates":[27.503808885415804,46.019164869460084]},"id":"+102059-170760","properties":{"count":24,"label":1}},{"type":"Feature","geometry":{"geodesic":false,"type":"Point","coordinates":[27.50082271154392,46.048161617494095]},"id":"+102059-170850","properties":{"count":124,"label":1}},{"type":"Feature","geometry":{"geodesic":false,"type":"Point","coordinates":[27.504859914298223,45.60999124069649]},"id":"+102060-169242","properties":{"count":5,"label":1}},{"type":"Feature","geometry":{"geodesic":false,"type":"Point","coordinates":[27.50475211646413,45.819065139922465]},"id":"+102060-170018","properties":{"count":3,"label":1}},{"type":"Feature","geometry":{"geodesic":false,"type":"Point","coordinates":[27.505021611049365,45.608185626975406]},"id":"+102062-169236","properties":{"count":6,"label":1}},{"type":"Feature","geometry":{"geodesic":false,"type":"Point","coordinates":[27.505021611049365,46.00663337124662]},"id":"+102062-170714","properties":{"count":9,"label":1}},{"type":"Feature","geometry":{"geodesic":false,"type":"Point","coordinates":[27.504213127293657,46.02334203553124]},"id":"+102062-170776","properties":{"count":27,"label":1}},{"type":"Feature","geometry":{"geodesic":false,"type":"Point","coordinates":[27.505560600219837,45.821086349311734]},"id":"+102063-170026","properties":{"count":2,"label":1}},{"type":"Feature","geometry":{"geodesic":false,"type":"Point","coordinates":[27.505830094805074,46.01620042902249]},"id":"+102065-170748","properties":{"count":18,"label":1}},{"type":"Feature","geometry":{"geodesic":false,"type":"Point","coordinates":[27.50553610071209,46.06391322036311]},"id":"+102065-170924","properties":{"count":33,"label":1}},{"type":"Feature","geometry":{"geodesic":false,"type":"Point","coordinates":[27.506234336682926,45.817178677825815]},"id":"+102067-170012","properties":{"count":4,"label":1}},{"type":"Feature","geometry":{"geodesic":false,"type":"Point","coordinates":[27.5069484973338,45.82282458938651]},"id":"+102068-170030","properties":{"count":20,"label":1}},{"type":"Feature","geometry":{"geodesic":false,"type":"Point","coordinates":[27.506715577013704,45.83411833746921]},"id":"+102068-170074","properties":{"count":7,"label":1}},{"type":"Feature","geometry":{"geodesic":false,"type":"Point","coordinates":[27.506638578560782,46.0042079199795]},"id":"+102068-170705","properties":{"count":9,"label":1}},{"type":"Feature","geometry":{"geodesic":false,"type":"Point","coordinates":[27.506638578560782,46.00663337124662]},"id":"+102068-170714","properties":{"count":9,"label":1}},{"type":"Feature","geometry":{"geodesic":false,"type":"Point","coordinates":[27.506638578560782,46.05163896698101]},"id":"+102068-170881","properties":{"count":9,"label":1}},{"type":"Feature","geometry":{"geodesic":false,"type":"Point","coordinates":[27.507447062316487,46.02091658426412]},"id":"+102071-170767","properties":{"count":9,"label":1}},{"type":"Feature","geometry":{"geodesic":false,"type":"Point","coordinates":[27.507716556901723,46.052582198029334]},"id":"+102071-170885","properties":{"count":2,"label":1}},{"type":"Feature","geometry":{"geodesic":false,"type":"Point","coordinates":[27.50798605148696,45.82432028433456]},"id":"+102072-170038","properties":{"count":2,"label":1}},{"type":"Feature","geometry":{"geodesic":false,"type":"Point","coordinates":[27.508255546072196,45.83496532045138]},"id":"+102074-170077","properties":{"count":9,"label":1}},{"type":"Feature","geometry":{"geodesic":false,"type":"Point","coordinates":[27.509064029827904,45.608320374268025]},"id":"+102077-169236","properties":{"count":9,"label":1}},{"type":"Feature","geometry":{"geodesic":false,"type":"Point","coordinates":[27.509064029827904,45.61155430929085]},"id":"+102077-169248","properties":{"count":9,"label":1}},{"type":"Feature","geometry":{"geodesic":false,"type":"Point","coordinates":[27.509064029827904,45.996662071592894]},"id":"+102077-170677","properties":{"count":9,"label":1}},{"type":"Feature","geometry":{"geodesic":false,"type":"Point","coordinates":[27.511570329470597,45.84086725186804]},"id":"+102081-170096","properties":{"count":50,"label":1}},{"type":"Feature","geometry":{"geodesic":false,"type":"Point","coordinates":[27.51024980600294,45.62376241400204]},"id":"+102083-169292","properties":{"count":10,"label":1}},{"type":"Feature","geometry":{"geodesic":false,"type":"Point","coordinates":[27.510883118278244,45.60730976957339]},"id":"+102084-169233","properties":{"count":4,"label":1}},{"type":"Feature","geometry":{"geodesic":false,"type":"Point","coordinates":[27.510950491924554,45.83833400276683]},"id":"+102084-170089","properties":{"count":12,"label":1}},{"type":"Feature","geometry":{"geodesic":false,"type":"Point","coordinates":[27.511085239217174,45.941415681619546]},"id":"+102084-170473","properties":{"count":2,"label":1}},{"type":"Feature","geometry":{"geodesic":false,"type":"Point","coordinates":[27.511758975680262,45.982378858575395]},"id":"+102087-170624","properties":{"count":9,"label":1}},{"type":"Feature","geometry":{"geodesic":false,"type":"Point","coordinates":[27.512234554360088,45.62217556647368]},"id":"+102090-169285","properties":{"count":17,"label":1}},{"type":"Feature","geometry":{"geodesic":false,"type":"Point","coordinates":[27.512702206728587,45.94222416537525]},"id":"+102090-170476","properties":{"count":2,"label":1}},{"type":"Feature","geometry":{"geodesic":false,"type":"Point","coordinates":[27.51121998650979,46.021725068019826]},"id":"+102090-170770","properties":{"count":39,"label":1}},{"type":"Feature","geometry":{"geodesic":false,"type":"Point","coordinates":[27.51116887546776,45.834621482532285]},"id":"+102091-170067","properties":{"count":58,"label":1}},{"type":"Feature","geometry":{"geodesic":false,"type":"Point","coordinates":[27.51310644860644,46.07077308253275]},"id":"+102091-170952","properties":{"count":3,"label":1}},{"type":"Feature","geometry":{"geodesic":false,"type":"Point","coordinates":[27.514049679654768,45.605760175708284]},"id":"+102095-169227","properties":{"count":4,"label":1}},{"type":"Feature","geometry":{"geodesic":false,"type":"Point","coordinates":[27.514184426947384,45.61573147536201]},"id":"+102096-169263","properties":{"count":12,"label":1}},{"type":"Feature","geometry":{"geodesic":false,"type":"Point","coordinates":[27.51431917424,45.84628409303129]},"id":"+102096-170120","properties":{"count":2,"label":1}},{"type":"Feature","geometry":{"geodesic":false,"type":"Point","coordinates":[27.514184426947384,46.02091658426412]},"id":"+102096-170767","properties":{"count":9,"label":1}},{"type":"Feature","geometry":{"geodesic":false,"type":"Point","coordinates":[27.51512765799571,45.60481694465996]},"id":"+102099-169224","properties":{"count":2,"label":1}},{"type":"Feature","geometry":{"geodesic":false,"type":"Point","coordinates":[27.51512765799571,45.94545810039808]},"id":"+102099-170488","properties":{"count":2,"label":1}},{"type":"Feature","geometry":{"geodesic":false,"type":"Point","coordinates":[27.515801394458798,46.03749050125612]},"id":"+102102-170828","properties":{"count":12,"label":1}},{"type":"Feature","geometry":{"geodesic":false,"type":"Point","coordinates":[27.51657619139135,45.94764774390312]},"id":"+102104-170495","properties":{"count":8,"label":1}},{"type":"Feature","geometry":{"geodesic":false,"type":"Point","coordinates":[27.516609878214506,46.000839237664046]},"id":"+102105-170692","properties":{"count":12,"label":1}},{"type":"Feature","geometry":{"geodesic":false,"type":"Point","coordinates":[27.516609878214506,46.017413154656055]},"id":"+102105-170754","properties":{"count":9,"label":1}},{"type":"Feature","geometry":{"geodesic":false,"type":"Point","coordinates":[27.51755310926283,45.60239149339284]},"id":"+102108-169214","properties":{"count":6,"label":1}},{"type":"Feature","geometry":{"geodesic":false,"type":"Point","coordinates":[27.517418361970215,45.837660266303736]},"id":"+102108-170088","properties":{"count":3,"label":1}},{"type":"Feature","geometry":{"geodesic":false,"type":"Point","coordinates":[27.517108443197195,46.07369709878257]},"id":"+102108-170961","properties":{"count":20,"label":1}},{"type":"Feature","geometry":{"geodesic":false,"type":"Point","coordinates":[27.518092098433304,46.0222640571903]},"id":"+102110-170773","properties":{"count":2,"label":1}},{"type":"Feature","geometry":{"geodesic":false,"type":"Point","coordinates":[27.518159472079613,45.60050503129619]},"id":"+102111-169207","properties":{"count":8,"label":1}},{"type":"Feature","geometry":{"geodesic":false,"type":"Point","coordinates":[27.518226845725923,45.996662071592894]},"id":"+102111-170677","properties":{"count":9,"label":1}},{"type":"Feature","geometry":{"geodesic":false,"type":"Point","coordinates":[27.517580058721357,46.01549075994804]},"id":"+102111-170743","properties":{"count":30,"label":1}},{"type":"Feature","geometry":{"geodesic":false,"type":"Point","coordinates":[27.518226845725923,46.040185447108485]},"id":"+102111-170839","properties":{"count":6,"label":1}},{"type":"Feature","geometry":{"geodesic":false,"type":"Point","coordinates":[27.519170076774248,46.00528589832044]},"id":"+102115-170710","properties":{"count":4,"label":1}},{"type":"Feature","geometry":{"geodesic":false,"type":"Point","coordinates":[27.519170076774248,46.01256225212181]},"id":"+102115-170736","properties":{"count":12,"label":1}},{"type":"Feature","geometry":{"geodesic":false,"type":"Point","coordinates":[27.519170076774248,46.085864779305965]},"id":"+102115-171008","properties":{"count":12,"label":1}},{"type":"Feature","geometry":{"geodesic":false,"type":"Point","coordinates":[27.520113307822573,45.99504510408148]},"id":"+102118-170671","properties":{"count":9,"label":1}},{"type":"Feature","geometry":{"geodesic":false,"type":"Point","coordinates":[27.520113307822573,46.07077308253275]},"id":"+102118-170952","properties":{"count":9,"label":1}},{"type":"Feature","geometry":{"geodesic":false,"type":"Point","coordinates":[27.52038280240781,46.08101387677171]},"id":"+102118-170991","properties":{"count":1,"label":1}},{"type":"Feature","geometry":{"geodesic":false,"type":"Point","coordinates":[27.520652296993045,46.066730663754214]},"id":"+102119-170937","properties":{"count":3,"label":1}},{"type":"Feature","geometry":{"geodesic":false,"type":"Point","coordinates":[27.520951735421086,45.83822919931702]},"id":"+102121-170089","properties":{"count":9,"label":1}},{"type":"Feature","geometry":{"geodesic":false,"type":"Point","coordinates":[27.528667719278168,45.84447929596047]},"id":"+102121-170099","properties":{"count":198,"label":1}},{"type":"Feature","geometry":{"geodesic":false,"type":"Point","coordinates":[27.52092179157828,45.999087522860016]},"id":"+102121-170686","properties":{"count":9,"label":1}},{"type":"Feature","geometry":{"geodesic":false,"type":"Point","coordinates":[27.520180681468883,46.0030962548154]},"id":"+102121-170699","properties":{"count":48,"label":1}},{"type":"Feature","geometry":{"geodesic":false,"type":"Point","coordinates":[27.5215884360786,46.01298776988797]},"id":"+102121-170731","properties":{"count":38,"label":1}},{"type":"Feature","geometry":{"geodesic":false,"type":"Point","coordinates":[27.52092179157828,46.101764959834874]},"id":"+102121-171067","properties":{"count":9,"label":1}},{"type":"Feature","geometry":{"geodesic":false,"type":"Point","coordinates":[27.520950159429358,46.034490601004684]},"id":"+102122-170816","properties":{"count":19,"label":1}},{"type":"Feature","geometry":{"geodesic":false,"type":"Point","coordinates":[27.52173027533399,45.96081929175652]},"id":"+102124-170544","properties":{"count":9,"label":1}},{"type":"Feature","geometry":{"geodesic":false,"type":"Point","coordinates":[27.52173027533399,45.986690771939166]},"id":"+102124-170640","properties":{"count":9,"label":1}},{"type":"Feature","geometry":{"geodesic":false,"type":"Point","coordinates":[27.521999769919223,46.00663337124662]},"id":"+102124-170714","properties":{"count":3,"label":1}},{"type":"Feature","geometry":{"geodesic":false,"type":"Point","coordinates":[27.521932396272916,46.01013680085469]},"id":"+102124-170727","properties":{"count":4,"label":1}},{"type":"Feature","geometry":{"geodesic":false,"type":"Point","coordinates":[27.52173027533399,46.06376622331662]},"id":"+102124-170921","properties":{"count":39,"label":1}},{"type":"Feature","geometry":{"geodesic":false,"type":"Point","coordinates":[27.52226926450446,46.0613407720495]},"id":"+102125-170918","properties":{"count":1,"label":1}},{"type":"Feature","geometry":{"geodesic":false,"type":"Point","coordinates":[27.522538759089695,45.84655358761652]},"id":"+102127-170120","properties":{"count":9,"label":1}},{"type":"Feature","geometry":{"geodesic":false,"type":"Point","coordinates":[27.52280825367493,46.00528589832044]},"id":"+102127-170710","properties":{"count":1,"label":1}},{"type":"Feature","geometry":{"geodesic":false,"type":"Point","coordinates":[27.522538759089695,46.01579618714464]},"id":"+102127-170748","properties":{"count":9,"label":1}},{"type":"Feature","geometry":{"geodesic":false,"type":"Point","coordinates":[27.522538759089695,46.06834763126563]},"id":"+102127-170943","properties":{"count":9,"label":1}},{"type":"Feature","geometry":{"geodesic":false,"type":"Point","coordinates":[27.523077748260167,46.03142687308832]},"id":"+102128-170807","properties":{"count":1,"label":1}},{"type":"Feature","geometry":{"geodesic":false,"type":"Point","coordinates":[27.523077748260167,46.032235356844026]},"id":"+102128-170810","properties":{"count":1,"label":1}},{"type":"Feature","geometry":{"geodesic":false,"type":"Point","coordinates":[27.523077748260167,46.03560403915947]},"id":"+102128-170822","properties":{"count":2,"label":1}},{"type":"Feature","geometry":{"geodesic":false,"type":"Point","coordinates":[27.523347242845404,45.98830773945058]},"id":"+102130-170646","properties":{"count":9,"label":1}},{"type":"Feature","geometry":{"geodesic":false,"type":"Point","coordinates":[27.525009126121027,46.016567241096844]},"id":"+102130-170748","properties":{"count":36,"label":1}},{"type":"Feature","geometry":{"geodesic":false,"type":"Point","coordinates":[27.523801128462644,46.03376722080221]},"id":"+102130-170813","properties":{"count":19,"label":1}},{"type":"Feature","geometry":{"geodesic":false,"type":"Point","coordinates":[27.524122039777957,46.062452437213594]},"id":"+102132-170921","properties":{"count":8,"label":1}},{"type":"Feature","geometry":{"geodesic":false,"type":"Point","coordinates":[27.524155726601112,45.9583938404894]},"id":"+102133-170535","properties":{"count":9,"label":1}},{"type":"Feature","geometry":{"geodesic":false,"type":"Point","coordinates":[27.525149487884168,45.99242426924006]},"id":"+102133-170652","properties":{"count":80,"label":1}},{"type":"Feature","geometry":{"geodesic":false,"type":"Point","coordinates":[27.524155726601112,46.01094528461039]},"id":"+102133-170730","properties":{"count":9,"label":1}},{"type":"Feature","geometry":{"geodesic":false,"type":"Point","coordinates":[27.52422310024742,46.0139770986943]},"id":"+102133-170739","properties":{"count":12,"label":1}},{"type":"Feature","geometry":{"geodesic":false,"type":"Point","coordinates":[27.525797193620274,46.03908296925979]},"id":"+102136-170833","properties":{"count":22,"label":1}},{"type":"Feature","geometry":{"geodesic":false,"type":"Point","coordinates":[27.524964210356817,46.06592217999851]},"id":"+102136-170934","properties":{"count":9,"label":1}},{"type":"Feature","geometry":{"geodesic":false,"type":"Point","coordinates":[27.51651306891072,46.03407209496151]},"id":"+102137-170757","properties":{"count":4596,"label":1}},{"type":"Feature","geometry":{"geodesic":false,"type":"Point","coordinates":[27.526026336075102,46.00741694373815]},"id":"+102139-170708","properties":{"count":119,"label":1}},{"type":"Feature","geometry":{"geodesic":false,"type":"Point","coordinates":[27.525772694112526,46.015526692559405]},"id":"+102139-170748","properties":{"count":3,"label":1}},{"type":"Feature","geometry":{"geodesic":false,"type":"Point","coordinates":[27.52693152082904,46.06461513126011]},"id":"+102141-170927","properties":{"count":20,"label":1}},{"type":"Feature","geometry":{"geodesic":false,"type":"Point","coordinates":[27.526581177868234,46.01417921963322]},"id":"+102142-170742","properties":{"count":9,"label":1}},{"type":"Feature","geometry":{"geodesic":false,"type":"Point","coordinates":[27.52752440891656,46.00528589832044]},"id":"+102145-170710","properties":{"count":2,"label":1}},{"type":"Feature","geometry":{"geodesic":false,"type":"Point","coordinates":[27.528332892672267,46.009058822513744]},"id":"+102149-170723","properties":{"count":12,"label":1}},{"type":"Feature","geometry":{"geodesic":false,"type":"Point","coordinates":[27.52841374104784,46.01339768533604]},"id":"+102149-170739","properties":{"count":10,"label":1}},{"type":"Feature","geometry":{"geodesic":false,"type":"Point","coordinates":[27.52873713455012,46.035276795734546]},"id":"+102149-170819","properties":{"count":21,"label":1}},{"type":"Feature","geometry":{"geodesic":false,"type":"Point","coordinates":[27.5291683258865,46.00754965283642]},"id":"+102150-170717","properties":{"count":5,"label":1}},{"type":"Feature","geometry":{"geodesic":false,"type":"Point","coordinates":[27.525316931211023,46.00074412192808]},"id":"+102152-170680","properties":{"count":136,"label":1}},{"type":"Feature","geometry":{"geodesic":false,"type":"Point","coordinates":[27.528332892672267,46.017413154656055]},"id":"+102152-170754","properties":{"count":30,"label":1}},{"type":"Feature","geometry":{"geodesic":false,"type":"Point","coordinates":[27.52671592516085,46.06775964307966]},"id":"+102152-170937","properties":{"count":66,"label":1}},{"type":"Feature","geometry":{"geodesic":false,"type":"Point","coordinates":[27.5300846074763,45.94020295598598]},"id":"+102155-170468","properties":{"count":6,"label":1}},{"type":"Feature","geometry":{"geodesic":false,"type":"Point","coordinates":[27.530623596646773,46.021186078849354]},"id":"+102156-170769","properties":{"count":1,"label":1}},{"type":"Feature","geometry":{"geodesic":false,"type":"Point","coordinates":[27.53092677805516,45.975944675352885]},"id":"+102158-170600","properties":{"count":8,"label":1}},{"type":"Feature","geometry":{"geodesic":false,"type":"Point","coordinates":[27.530893091232006,46.0365472702078]},"id":"+102158-170825","properties":{"count":9,"label":1}},{"type":"Feature","geometry":{"geodesic":false,"type":"Point","coordinates":[27.531027838524626,46.02724970701716]},"id":"+102159-170791","properties":{"count":8,"label":1}},{"type":"Feature","geometry":{"geodesic":false,"type":"Point","coordinates":[27.531701574987714,45.84844004971317]},"id":"+102161-170127","properties":{"count":9,"label":1}},{"type":"Feature","geometry":{"geodesic":false,"type":"Point","coordinates":[27.526107478623054,45.94451348020241]},"id":"+102161-170473","properties":{"count":194,"label":1}},{"type":"Feature","geometry":{"geodesic":false,"type":"Point","coordinates":[27.531701574987714,45.94424537476452]},"id":"+102161-170483","properties":{"count":6,"label":1}},{"type":"Feature","geometry":{"geodesic":false,"type":"Point","coordinates":[27.531906390872493,45.96238236035089]},"id":"+102161-170547","properties":{"count":25,"label":1}},{"type":"Feature","geometry":{"geodesic":false,"type":"Point","coordinates":[27.531701574987714,46.03331333518497]},"id":"+102161-170813","properties":{"count":9,"label":1}},{"type":"Feature","geometry":{"geodesic":false,"type":"Point","coordinates":[27.532510058743423,46.02738445430978]},"id":"+102164-170791","properties":{"count":9,"label":1}},{"type":"Feature","geometry":{"geodesic":false,"type":"Point","coordinates":[27.53472665170699,45.965589345915205]},"id":"+102167-170556","properties":{"count":40,"label":1}},{"type":"Feature","geometry":{"geodesic":false,"type":"Point","coordinates":[27.53331854249913,46.019164869460084]},"id":"+102167-170760","properties":{"count":12,"label":1}},{"type":"Feature","geometry":{"geodesic":false,"type":"Point","coordinates":[27.53500900853379,45.97725846145591]},"id":"+102170-170601","properties":{"count":33,"label":1}},{"type":"Feature","geometry":{"geodesic":false,"type":"Point","coordinates":[27.534897010784082,45.94257065841341]},"id":"+102171-170476","properties":{"count":7,"label":1}},{"type":"Feature","geometry":{"geodesic":false,"type":"Point","coordinates":[27.53466601542531,46.011214779195626]},"id":"+102171-170732","properties":{"count":1,"label":1}},{"type":"Feature","geometry":{"geodesic":false,"type":"Point","coordinates":[27.534935510010545,45.99342813657006]},"id":"+102173-170665","properties":{"count":9,"label":1}},{"type":"Feature","geometry":{"geodesic":false,"type":"Point","coordinates":[27.532414943007456,46.00231749472718]},"id":"+102173-170674","properties":{"count":272,"label":1}},{"type":"Feature","geometry":{"geodesic":false,"type":"Point","coordinates":[27.534935510010545,46.02010810050841]},"id":"+102173-170764","properties":{"count":9,"label":1}},{"type":"Feature","geometry":{"geodesic":false,"type":"Point","coordinates":[27.53491692417708,46.02556304263025]},"id":"+102173-170782","properties":{"count":29,"label":1}},{"type":"Feature","geometry":{"geodesic":false,"type":"Point","coordinates":[27.535397500728095,46.027923443480255]},"id":"+102173-170791","properties":{"count":21,"label":1}},{"type":"Feature","geometry":{"geodesic":false,"type":"Point","coordinates":[27.535743993766253,46.01256225212181]},"id":"+102176-170736","properties":{"count":9,"label":1}},{"type":"Feature","geometry":{"geodesic":false,"type":"Point","coordinates":[27.536282982936726,46.009328317098976]},"id":"+102177-170725","properties":{"count":1,"label":1}},{"type":"Feature","geometry":{"geodesic":false,"type":"Point","coordinates":[27.536687224814578,45.93171387655105]},"id":"+102179-170436","properties":{"count":6,"label":1}},{"type":"Feature","geometry":{"geodesic":false,"type":"Point","coordinates":[27.536552477521962,45.943302143716195]},"id":"+102179-170479","properties":{"count":9,"label":1}},{"type":"Feature","geometry":{"geodesic":false,"type":"Point","coordinates":[27.535549706972244,46.02151197927802]},"id":"+102179-170767","properties":{"count":43,"label":1}},{"type":"Feature","geometry":{"geodesic":false,"type":"Point","coordinates":[27.537360961277667,46.00595963478353]},"id":"+102180-170711","properties":{"count":6,"label":1}},{"type":"Feature","geometry":{"geodesic":false,"type":"Point","coordinates":[27.53709146669243,46.02482425575004]},"id":"+102180-170782","properties":{"count":2,"label":1}},{"type":"Feature","geometry":{"geodesic":false,"type":"Point","coordinates":[27.53843893961861,45.932522360306756]},"id":"+102186-170439","properties":{"count":9,"label":1}},{"type":"Feature","geometry":{"geodesic":false,"type":"Point","coordinates":[27.53843893961861,46.01188851565872]},"id":"+102186-170734","properties":{"count":6,"label":1}},{"type":"Feature","geometry":{"geodesic":false,"type":"Point","coordinates":[27.536846471614947,46.0173886551483]},"id":"+102186-170754","properties":{"count":33,"label":1}},{"type":"Feature","geometry":{"geodesic":false,"type":"Point","coordinates":[27.53924742337432,46.01822163841176]},"id":"+102189-170757","properties":{"count":9,"label":1}},{"type":"Feature","geometry":{"geodesic":false,"type":"Point","coordinates":[27.53924742337432,46.02091658426412]},"id":"+102189-170767","properties":{"count":9,"label":1}},{"type":"Feature","geometry":{"geodesic":false,"type":"Point","coordinates":[27.540190654422645,45.93333084406247]},"id":"+102192-170442","properties":{"count":6,"label":1}},{"type":"Feature","geometry":{"geodesic":false,"type":"Point","coordinates":[27.540430205165077,45.96999163524089]},"id":"+102192-170569","properties":{"count":198,"label":1}},{"type":"Feature","geometry":{"geodesic":false,"type":"Point","coordinates":[27.53924742337432,45.97698896687068]},"id":"+102192-170603","properties":{"count":27,"label":1}},{"type":"Feature","geometry":{"geodesic":false,"type":"Point","coordinates":[27.545279346296805,45.93651523963948]},"id":"+102195-170442","properties":{"count":136,"label":1}},{"type":"Feature","geometry":{"geodesic":false,"type":"Point","coordinates":[27.535993276257596,46.008839858163235]},"id":"+102198-170708","properties":{"count":240,"label":1}},{"type":"Feature","geometry":{"geodesic":false,"type":"Point","coordinates":[27.53560363200311,46.01493810889929]},"id":"+102199-170733","properties":{"count":288,"label":1}},{"type":"Feature","geometry":{"geodesic":false,"type":"Point","coordinates":[27.542616105689767,45.91338824475501]},"id":"+102201-170368","properties":{"count":6,"label":1}},{"type":"Feature","geometry":{"geodesic":false,"type":"Point","coordinates":[27.541920393273376,45.95997302478286]},"id":"+102201-170522","properties":{"count":699,"label":1}},{"type":"Feature","geometry":{"geodesic":false,"type":"Point","coordinates":[27.54126863276359,45.97510250477402]},"id":"+102201-170597","properties":{"count":36,"label":1}},{"type":"Feature","geometry":{"geodesic":false,"type":"Point","coordinates":[27.543289842152856,45.97604573582235]},"id":"+102204-170601","properties":{"count":6,"label":1}},{"type":"Feature","geometry":{"geodesic":false,"type":"Point","coordinates":[27.543289842152856,45.98332208962372]},"id":"+102204-170627","properties":{"count":12,"label":1}},{"type":"Feature","geometry":{"geodesic":false,"type":"Point","coordinates":[27.543828831323328,45.94424537476452]},"id":"+102205-170483","properties":{"count":2,"label":1}},{"type":"Feature","geometry":{"geodesic":false,"type":"Point","coordinates":[27.543828831323328,46.009328317098976]},"id":"+102205-170725","properties":{"count":1,"label":1}},{"type":"Feature","geometry":{"geodesic":false,"type":"Point","coordinates":[27.543828831323328,46.013370735877515]},"id":"+102205-170739","properties":{"count":3,"label":1}},{"type":"Feature","geometry":{"geodesic":false,"type":"Point","coordinates":[27.544401507316955,45.94783302143047]},"id":"+102207-170491","properties":{"count":48,"label":1}},{"type":"Feature","geometry":{"geodesic":false,"type":"Point","coordinates":[27.544098325908564,45.97281180079952]},"id":"+102207-170587","properties":{"count":18,"label":1}},{"type":"Feature","geometry":{"geodesic":false,"type":"Point","coordinates":[27.544637315079036,46.009328317098976]},"id":"+102208-170725","properties":{"count":1,"label":1}},{"type":"Feature","geometry":{"geodesic":false,"type":"Point","coordinates":[27.544906809664273,45.91338824475501]},"id":"+102210-170368","properties":{"count":9,"label":1}},{"type":"Feature","geometry":{"geodesic":false,"type":"Point","coordinates":[27.54551317248105,45.922416313360415]},"id":"+102210-170401","properties":{"count":12,"label":1}},{"type":"Feature","geometry":{"geodesic":false,"type":"Point","coordinates":[27.544906809664273,45.97604573582235]},"id":"+102210-170601","properties":{"count":6,"label":1}},{"type":"Feature","geometry":{"geodesic":false,"type":"Point","coordinates":[27.544637315079036,46.0042079199795]},"id":"+102211-170705","properties":{"count":21,"label":1}},{"type":"Feature","geometry":{"geodesic":false,"type":"Point","coordinates":[27.546658524468306,45.95017425563971]},"id":"+102217-170505","properties":{"count":8,"label":1}},{"type":"Feature","geometry":{"geodesic":false,"type":"Point","coordinates":[27.54625428259045,45.9846118137102]},"id":"+102217-170631","properties":{"count":21,"label":1}},{"type":"Feature","geometry":{"geodesic":false,"type":"Point","coordinates":[27.54706276634616,46.00339943622379]},"id":"+102220-170702","properties":{"count":21,"label":1}},{"type":"Feature","geometry":{"geodesic":false,"type":"Point","coordinates":[27.547736502809247,45.969982107654545]},"id":"+102221-170578","properties":{"count":12,"label":1}},{"type":"Feature","geometry":{"geodesic":false,"type":"Point","coordinates":[27.549184423717197,45.965003807680006]},"id":"+102226-170550","properties":{"count":55,"label":1}},{"type":"Feature","geometry":{"geodesic":false,"type":"Point","coordinates":[27.548919284600007,45.91072324274546]},"id":"+102227-170355","properties":{"count":27,"label":1}},{"type":"Feature","geometry":{"geodesic":false,"type":"Point","coordinates":[27.549757712198517,45.91338824475501]},"id":"+102227-170368","properties":{"count":3,"label":1}},{"type":"Feature","geometry":{"geodesic":false,"type":"Point","coordinates":[27.549757712198517,45.91958662021544]},"id":"+102227-170389","properties":{"count":7,"label":1}},{"type":"Feature","geometry":{"geodesic":false,"type":"Point","coordinates":[27.549757712198517,45.93575629532959]},"id":"+102227-170451","properties":{"count":3,"label":1}},{"type":"Feature","geometry":{"geodesic":false,"type":"Point","coordinates":[27.549757712198517,45.97159907516596]},"id":"+102227-170584","properties":{"count":3,"label":1}},{"type":"Feature","geometry":{"geodesic":false,"type":"Point","coordinates":[27.549353470320664,45.976517351346516]},"id":"+102227-170600","properties":{"count":12,"label":1}},{"type":"Feature","geometry":{"geodesic":false,"type":"Point","coordinates":[27.549757712198517,45.990733190717705]},"id":"+102227-170655","properties":{"count":3,"label":1}},{"type":"Feature","geometry":{"geodesic":false,"type":"Point","coordinates":[27.550161954076373,46.00447741456473]},"id":"+102229-170707","properties":{"count":2,"label":1}},{"type":"Feature","geometry":{"geodesic":false,"type":"Point","coordinates":[27.552048416173022,45.796292847470035]},"id":"+102235-169932","properties":{"count":18,"label":1}},{"type":"Feature","geometry":{"geodesic":false,"type":"Point","coordinates":[27.55757305517036,46.00582488749091]},"id":"+102257-170711","properties":{"count":9,"label":1}},{"type":"Feature","geometry":{"geodesic":false,"type":"Point","coordinates":[27.567544354824083,46.00070449037143]},"id":"+102294-170691","properties":{"count":15,"label":1}},{"type":"Feature","geometry":{"geodesic":false,"type":"Point","coordinates":[27.57263106512041,46.000670803548275]},"id":"+102316-170691","properties":{"count":16,"label":1}},{"type":"Feature","geometry":{"geodesic":false,"type":"Point","coordinates":[27.575898686966397,46.00339943622379]},"id":"+102325-170702","properties":{"count":9,"label":1}},{"type":"Feature","geometry":{"geodesic":false,"type":"Point","coordinates":[27.579132621989224,46.005016403735205]},"id":"+102337-170708","properties":{"count":9,"label":1}},{"type":"Feature","geometry":{"geodesic":false,"type":"Point","coordinates":[27.581346327510808,46.00287488426324]},"id":"+102346-170691","properties":{"count":224,"label":1}},{"type":"Feature","geometry":{"geodesic":false,"type":"Point","coordinates":[27.586274228497977,46.00238883152915]},"id":"+102362-170696","properties":{"count":36,"label":1}},{"type":"Feature","geometry":{"geodesic":false,"type":"Point","coordinates":[27.586736219215524,46.13626026674507]},"id":"+102365-171193","properties":{"count":42,"label":1}},{"type":"Feature","geometry":{"geodesic":false,"type":"Point","coordinates":[27.590608599743852,46.00283798917121]},"id":"+102368-170691","properties":{"count":72,"label":1}},{"type":"Feature","geometry":{"geodesic":false,"type":"Point","coordinates":[27.589103921642952,46.0042079199795]},"id":"+102374-170705","properties":{"count":9,"label":1}},{"type":"Feature","geometry":{"geodesic":false,"type":"Point","coordinates":[27.588092887816813,46.14224836776796]},"id":"+102375-171190","properties":{"count":314,"label":1}},{"type":"Feature","geometry":{"geodesic":false,"type":"Point","coordinates":[27.58991240539866,46.00825033875803]},"id":"+102377-170720","properties":{"count":9,"label":1}},{"type":"Feature","geometry":{"geodesic":false,"type":"Point","coordinates":[27.591664120202694,46.00663337124662]},"id":"+102384-170714","properties":{"count":12,"label":1}},{"type":"Feature","geometry":{"geodesic":false,"type":"Point","coordinates":[27.59176892365251,46.12176744682794]},"id":"+102384-171141","properties":{"count":9,"label":1}},{"type":"Feature","geometry":{"geodesic":false,"type":"Point","coordinates":[27.593281087714107,46.00070449037143]},"id":"+102389-170692","properties":{"count":6,"label":1}},{"type":"Feature","geometry":{"geodesic":false,"type":"Point","coordinates":[27.593281087714107,46.1462315663988]},"id":"+102390-171233","properties":{"count":4,"label":1}},{"type":"Feature","geometry":{"geodesic":false,"type":"Point","coordinates":[27.594224318762432,46.00070449037143]},"id":"+102393-170691","properties":{"count":15,"label":1}},{"type":"Feature","geometry":{"geodesic":false,"type":"Point","coordinates":[27.593858576111042,46.120177214890454]},"id":"+102396-171132","properties":{"count":84,"label":1}},{"type":"Feature","geometry":{"geodesic":false,"type":"Point","coordinates":[27.595481960160203,46.146920274783284]},"id":"+102399-171235","properties":{"count":9,"label":1}},{"type":"Feature","geometry":{"geodesic":false,"type":"Point","coordinates":[27.596649770029558,46.00259095246808]},"id":"+102402-170699","properties":{"count":9,"label":1}},{"type":"Feature","geometry":{"geodesic":false,"type":"Point","coordinates":[27.597323506492646,46.112275248659074]},"id":"+102404-171107","properties":{"count":2,"label":1}},{"type":"Feature","geometry":{"geodesic":false,"type":"Point","coordinates":[27.599761207513644,46.042010660435764]},"id":"+102413-170844","properties":{"count":11,"label":1}},{"type":"Feature","geometry":{"geodesic":false,"type":"Point","coordinates":[27.600579899397577,45.544023457807164]},"id":"+102414-168995","properties":{"count":12,"label":1}},{"type":"Feature","geometry":{"geodesic":false,"type":"Point","coordinates":[27.601770167149038,45.54620187237116]},"id":"+102421-169004","properties":{"count":18,"label":1}},{"type":"Feature","geometry":{"geodesic":false,"type":"Point","coordinates":[27.601972288087964,46.03843373230445]},"id":"+102421-170832","properties":{"count":4,"label":1}},{"type":"Feature","geometry":{"geodesic":false,"type":"Point","coordinates":[27.602537190199325,45.549073026221556]},"id":"+102422-169014","properties":{"count":13,"label":1}},{"type":"Feature","geometry":{"geodesic":false,"type":"Point","coordinates":[27.603926123830924,46.10904131363625]},"id":"+102428-171094","properties":{"count":3,"label":1}},{"type":"Feature","geometry":{"geodesic":false,"type":"Point","coordinates":[27.60560528240047,46.03578024715751]},"id":"+102436-170822","properties":{"count":13,"label":1}},{"type":"Feature","geometry":{"geodesic":false,"type":"Point","coordinates":[27.6093721602409,46.03578370221629]},"id":"+102452-170822","properties":{"count":24,"label":1}},{"type":"Feature","geometry":{"geodesic":false,"type":"Point","coordinates":[27.613943888068313,46.03455858602709]},"id":"+102467-170816","properties":{"count":58,"label":1}},{"type":"Feature","geometry":{"geodesic":false,"type":"Point","coordinates":[27.615584459588227,46.10559178294523]},"id":"+102470-171076","properties":{"count":50,"label":1}},{"type":"Feature","geometry":{"geodesic":false,"type":"Point","coordinates":[27.61659236933701,46.11011929197719]},"id":"+102476-171098","properties":{"count":9,"label":1}},{"type":"Feature","geometry":{"geodesic":false,"type":"Point","coordinates":[27.621207085605544,46.03411879091163]},"id":"+102498-170813","properties":{"count":89,"label":1}},{"type":"Feature","geometry":{"geodesic":false,"type":"Point","coordinates":[27.62030622622396,46.10177972666146]},"id":"+102501-171061","properties":{"count":73,"label":1}},{"type":"Feature","geometry":{"geodesic":false,"type":"Point","coordinates":[27.621874463207636,46.106481115076505]},"id":"+102501-171081","properties":{"count":30,"label":1}},{"type":"Feature","geometry":{"geodesic":false,"type":"Point","coordinates":[27.624003470430996,46.03109000485677]},"id":"+102504-170804","properties":{"count":12,"label":1}},{"type":"Feature","geometry":{"geodesic":false,"type":"Point","coordinates":[27.624677206894084,46.10311243276106]},"id":"+102505-171073","properties":{"count":1,"label":1}},{"type":"Feature","geometry":{"geodesic":false,"type":"Point","coordinates":[27.62575518523503,45.54984004927184]},"id":"+102513-169020","properties":{"count":9,"label":1}},{"type":"Feature","geometry":{"geodesic":false,"type":"Point","coordinates":[27.626563668990737,46.03493030269639]},"id":"+102513-170819","properties":{"count":9,"label":1}},{"type":"Feature","geometry":{"geodesic":false,"type":"Point","coordinates":[27.625862983069123,46.09929908437997]},"id":"+102513-171055","properties":{"count":40,"label":1}},{"type":"Feature","geometry":{"geodesic":false,"type":"Point","coordinates":[27.627564648878757,46.101918956740725]},"id":"+102517-171068","properties":{"count":7,"label":1}},{"type":"Feature","geometry":{"geodesic":false,"type":"Point","coordinates":[27.63087558235451,46.087481746817375]},"id":"+102529-171014","properties":{"count":9,"label":1}},{"type":"Feature","geometry":{"geodesic":false,"type":"Point","coordinates":[27.631490030008848,46.092063154766386]},"id":"+102529-171020","properties":{"count":75,"label":1}},{"type":"Feature","geometry":{"geodesic":false,"type":"Point","coordinates":[27.631630167193173,46.09683320892506]},"id":"+102531-171048","properties":{"count":10,"label":1}},{"type":"Feature","geometry":{"geodesic":false,"type":"Point","coordinates":[27.63117202639827,46.08486764934059]},"id":"+102532-171004","properties":{"count":10,"label":1}},{"type":"Feature","geometry":{"geodesic":false,"type":"Point","coordinates":[27.638480016520514,45.644678708963106]},"id":"+102557-169368","properties":{"count":23,"label":1}},{"type":"Feature","geometry":{"geodesic":false,"type":"Point","coordinates":[27.638839856544507,45.65139695612914]},"id":"+102557-169391","properties":{"count":38,"label":1}},{"type":"Feature","geometry":{"geodesic":false,"type":"Point","coordinates":[27.63914008296841,45.64838523593975]},"id":"+102559-169384","properties":{"count":9,"label":1}},{"type":"Feature","geometry":{"geodesic":false,"type":"Point","coordinates":[27.63343254697923,45.54835243916134]},"id":"+102562-169007","properties":{"count":125,"label":1}},{"type":"Feature","geometry":{"geodesic":false,"type":"Point","coordinates":[27.64003839825253,45.65709889419571]},"id":"+102563-169417","properties":{"count":9,"label":1}},{"type":"Feature","geometry":{"geodesic":false,"type":"Point","coordinates":[27.643923341279454,46.094435031808736]},"id":"+102566-171033","properties":{"count":166,"label":1}},{"type":"Feature","geometry":{"geodesic":false,"type":"Point","coordinates":[27.641763163598036,45.545352964427664]},"id":"+102572-169001","properties":{"count":20,"label":1}},{"type":"Feature","geometry":{"geodesic":false,"type":"Point","coordinates":[27.645428289957245,46.033987071648056]},"id":"+102582-170816","properties":{"count":2,"label":1}},{"type":"Feature","geometry":{"geodesic":false,"type":"Point","coordinates":[27.64553608779134,46.09831542914386]},"id":"+102582-171054","properties":{"count":5,"label":1}},{"type":"Feature","geometry":{"geodesic":false,"type":"Point","coordinates":[27.645428289957245,46.10122597066441]},"id":"+102582-171066","properties":{"count":1,"label":1}},{"type":"Feature","geometry":{"geodesic":false,"type":"Point","coordinates":[27.636572925628297,46.03504796934627]},"id":"+102584-170807","properties":{"count":213,"label":1}},{"type":"Feature","geometry":{"geodesic":false,"type":"Point","coordinates":[27.645383374193038,45.54242894817786]},"id":"+102585-168986","properties":{"count":54,"label":1}},{"type":"Feature","geometry":{"geodesic":false,"type":"Point","coordinates":[27.646977883822352,46.09738567282479]},"id":"+102588-171051","properties":{"count":4,"label":1}},{"type":"Feature","geometry":{"geodesic":false,"type":"Point","coordinates":[27.647045257468662,46.03007940016214]},"id":"+102591-170798","properties":{"count":27,"label":1}},{"type":"Feature","geometry":{"geodesic":false,"type":"Point","coordinates":[27.648392730394843,45.500792034758916]},"id":"+102594-168837","properties":{"count":9,"label":1}},{"type":"Feature","geometry":{"geodesic":false,"type":"Point","coordinates":[27.648505019805356,46.02653854075057]},"id":"+102595-170782","properties":{"count":36,"label":1}},{"type":"Feature","geometry":{"geodesic":false,"type":"Point","coordinates":[27.649335961443168,45.50160051851462]},"id":"+102597-168840","properties":{"count":6,"label":1}},{"type":"Feature","geometry":{"geodesic":false,"type":"Point","coordinates":[27.650144445198872,45.50160051851462]},"id":"+102600-168840","properties":{"count":6,"label":1}},{"type":"Feature","geometry":{"geodesic":false,"type":"Point","coordinates":[27.65179975543583,45.49732147034417]},"id":"+102606-168821","properties":{"count":123,"label":1}},{"type":"Feature","geometry":{"geodesic":false,"type":"Point","coordinates":[27.653185506645997,45.503228054441145]},"id":"+102606-168843","properties":{"count":51,"label":1}},{"type":"Feature","geometry":{"geodesic":false,"type":"Point","coordinates":[27.648196925735256,45.534386219149724]},"id":"+102619-168952","properties":{"count":128,"label":1}},{"type":"Feature","geometry":{"geodesic":false,"type":"Point","coordinates":[27.65658536578601,45.50515784703974]},"id":"+102623-168853","properties":{"count":5,"label":1}},{"type":"Feature","geometry":{"geodesic":false,"type":"Point","coordinates":[27.65755554629286,45.506720915634105]},"id":"+102628-168856","properties":{"count":27,"label":1}},{"type":"Feature","geometry":{"geodesic":false,"type":"Point","coordinates":[27.660565279938055,45.51414447236019]},"id":"+102631-168868","properties":{"count":119,"label":1}},{"type":"Feature","geometry":{"geodesic":false,"type":"Point","coordinates":[27.6599630312543,45.479663659276426]},"id":"+102636-168757","properties":{"count":15,"label":1}},{"type":"Feature","geometry":{"geodesic":false,"type":"Point","coordinates":[27.659980997559984,45.47330358706486]},"id":"+102637-168735","properties":{"count":9,"label":1}},{"type":"Feature","geometry":{"geodesic":false,"type":"Point","coordinates":[27.661564278248242,45.47252879013231]},"id":"+102642-168732","properties":{"count":8,"label":1}},{"type":"Feature","geometry":{"geodesic":false,"type":"Point","coordinates":[27.659495907306557,45.530418472829176]},"id":"+102643-168945","properties":{"count":45,"label":1}},{"type":"Feature","geometry":{"geodesic":false,"type":"Point","coordinates":[27.66012611002896,45.498231836199174]},"id":"+102645-168828","properties":{"count":26,"label":1}},{"type":"Feature","geometry":{"geodesic":false,"type":"Point","coordinates":[27.664121414369514,45.47332808657261]},"id":"+102652-168735","properties":{"count":11,"label":1}},{"type":"Feature","geometry":{"geodesic":false,"type":"Point","coordinates":[27.66475934385974,45.491290623099964]},"id":"+102652-168791","properties":{"count":78,"label":1}},{"type":"Feature","geometry":{"geodesic":false,"type":"Point","coordinates":[27.66368300212559,45.49752973188501]},"id":"+102653-168825","properties":{"count":19,"label":1}},{"type":"Feature","geometry":{"geodesic":false,"type":"Point","coordinates":[27.663693068137267,45.52793274750429]},"id":"+102655-168933","properties":{"count":31,"label":1}},{"type":"Feature","geometry":{"geodesic":false,"type":"Point","coordinates":[27.66523614197208,45.49639028986673]},"id":"+102657-168820","properties":{"count":6,"label":1}},{"type":"Feature","geometry":{"geodesic":false,"type":"Point","coordinates":[27.66585394559673,45.523068558870584]},"id":"+102657-168909","properties":{"count":53,"label":1}},{"type":"Feature","geometry":{"geodesic":false,"type":"Point","coordinates":[27.665876191612018,45.47414575764372]},"id":"+102658-168738","properties":{"count":8,"label":1}},{"type":"Feature","geometry":{"geodesic":false,"type":"Point","coordinates":[27.668941692519073,45.47471843363735]},"id":"+102674-168741","properties":{"count":12,"label":1}},{"type":"Feature","geometry":{"geodesic":false,"type":"Point","coordinates":[27.670895528262037,45.47492055457627]},"id":"+102677-168741","properties":{"count":6,"label":1}},{"type":"Feature","geometry":{"geodesic":false,"type":"Point","coordinates":[27.67835154512023,45.47752566890022]},"id":"+102705-168751","properties":{"count":6,"label":1}},{"type":"Feature","geometry":{"geodesic":false,"type":"Point","coordinates":[27.680000595320358,45.478385484957876]},"id":"+102711-168754","properties":{"count":7,"label":1}},{"type":"Feature","geometry":{"geodesic":false,"type":"Point","coordinates":[27.68167531167147,45.47923246794005]},"id":"+102717-168757","properties":{"count":10,"label":1}},{"type":"Feature","geometry":{"geodesic":false,"type":"Point","coordinates":[27.683393339652348,45.48007463851891]},"id":"+102723-168760","properties":{"count":8,"label":1}},{"type":"Feature","geometry":{"geodesic":false,"type":"Point","coordinates":[27.68493302562829,45.46211163546624]},"id":"+102733-168692","properties":{"count":17,"label":1}},{"type":"Feature","geometry":{"geodesic":false,"type":"Point","coordinates":[27.686391466913097,46.135856024867216]},"id":"+102734-171194","properties":{"count":2,"label":1}},{"type":"Feature","geometry":{"geodesic":false,"type":"Point","coordinates":[27.68693045608357,46.13599077215983]},"id":"+102736-171195","properties":{"count":1,"label":1}},{"type":"Feature","geometry":{"geodesic":false,"type":"Point","coordinates":[27.68814318171713,46.13383481547795]},"id":"+102741-171187","properties":{"count":2,"label":1}},{"type":"Feature","geometry":{"geodesic":false,"type":"Point","coordinates":[27.689086412765455,45.48233165567026]},"id":"+102745-168769","properties":{"count":6,"label":1}},{"type":"Feature","geometry":{"geodesic":false,"type":"Point","coordinates":[27.689625401935928,46.13356532089271]},"id":"+102746-171186","properties":{"count":1,"label":1}},{"type":"Feature","geometry":{"geodesic":false,"type":"Point","coordinates":[27.690433885691636,46.13356532089271]},"id":"+102750-171186","properties":{"count":3,"label":1}},{"type":"Feature","geometry":{"geodesic":false,"type":"Point","coordinates":[27.69070338027687,45.482196908377645]},"id":"+102751-168769","properties":{"count":3,"label":1}},{"type":"Feature","geometry":{"geodesic":false,"type":"Point","coordinates":[27.690275359465026,45.744951864322225]},"id":"+102755-169728","properties":{"count":119,"label":1}},{"type":"Feature","geometry":{"geodesic":false,"type":"Point","coordinates":[27.69205085320305,46.13248734255176]},"id":"+102755-171182","properties":{"count":1,"label":1}},{"type":"Feature","geometry":{"geodesic":false,"type":"Point","coordinates":[27.693218663072404,45.73924982692845]},"id":"+102759-169721","properties":{"count":6,"label":1}},{"type":"Feature","geometry":{"geodesic":false,"type":"Point","coordinates":[27.69205608610762,45.4612966875343]},"id":"+102761-168689","properties":{"count":103,"label":1}},{"type":"Feature","geometry":{"geodesic":false,"type":"Point","coordinates":[27.69339832612923,45.48152317191455]},"id":"+102761-168766","properties":{"count":6,"label":1}},{"type":"Feature","geometry":{"geodesic":false,"type":"Point","coordinates":[27.694099012050845,45.734416890699876]},"id":"+102763-169703","properties":{"count":10,"label":1}},{"type":"Feature","geometry":{"geodesic":false,"type":"Point","coordinates":[27.69447630447017,45.480490109337815]},"id":"+102765-168762","properties":{"count":3,"label":1}},{"type":"Feature","geometry":{"geodesic":false,"type":"Point","coordinates":[27.69528478822588,45.47411207082057]},"id":"+102767-168738","properties":{"count":3,"label":1}},{"type":"Feature","geometry":{"geodesic":false,"type":"Point","coordinates":[27.69563128126404,45.726743994865956]},"id":"+102768-169674","properties":{"count":7,"label":1}},{"type":"Feature","geometry":{"geodesic":false,"type":"Point","coordinates":[27.6947008832912,45.73076074749352]},"id":"+102768-169688","properties":{"count":18,"label":1}},{"type":"Feature","geometry":{"geodesic":false,"type":"Point","coordinates":[27.6958482769041,45.728686455837455]},"id":"+102770-169682","properties":{"count":11,"label":1}},{"type":"Feature","geometry":{"geodesic":false,"type":"Point","coordinates":[27.69747924413423,46.13175585724898]},"id":"+102776-171178","properties":{"count":7,"label":1}},{"type":"Feature","geometry":{"geodesic":false,"type":"Point","coordinates":[27.69797973407824,46.126558461676574]},"id":"+102777-171160","properties":{"count":1,"label":1}},{"type":"Feature","geometry":{"geodesic":false,"type":"Point","coordinates":[27.697844986785622,45.463197540118514]},"id":"+102779-168698","properties":{"count":12,"label":1}},{"type":"Feature","geometry":{"geodesic":false,"type":"Point","coordinates":[27.69932720700442,46.13006189128464]},"id":"+102782-171172","properties":{"count":3,"label":1}},{"type":"Feature","geometry":{"geodesic":false,"type":"Point","coordinates":[27.69973144888227,46.120899075386625]},"id":"+102784-171138","properties":{"count":6,"label":1}},{"type":"Feature","geometry":{"geodesic":false,"type":"Point","coordinates":[27.69973144888227,46.12332452665375]},"id":"+102784-171147","properties":{"count":6,"label":1}},{"type":"Feature","geometry":{"geodesic":false,"type":"Point","coordinates":[27.699769948108734,45.463948275034525]},"id":"+102789-168701","properties":{"count":14,"label":1}},{"type":"Feature","geometry":{"geodesic":false,"type":"Point","coordinates":[27.704885532824907,45.46309647964905]},"id":"+102806-168698","properties":{"count":8,"label":1}},{"type":"Feature","geometry":{"geodesic":false,"type":"Point","coordinates":[27.70828790196351,45.44801152024047]},"id":"+102816-168639","properties":{"count":20,"label":1}},{"type":"Feature","geometry":{"geodesic":false,"type":"Point","coordinates":[27.70849002290244,45.46238905636281]},"id":"+102824-168695","properties":{"count":24,"label":1}},{"type":"Feature","geometry":{"geodesic":false,"type":"Point","coordinates":[27.713237714744466,45.44592695095403]},"id":"+102834-168630","properties":{"count":94,"label":1}},{"type":"Feature","geometry":{"geodesic":false,"type":"Point","coordinates":[27.712957559899937,45.45010427854427]},"id":"+102840-168648","properties":{"count":71,"label":1}},{"type":"Feature","geometry":{"geodesic":false,"type":"Point","coordinates":[27.714624232985425,45.46130466148412]},"id":"+102843-168689","properties":{"count":21,"label":1}},{"type":"Feature","geometry":{"geodesic":false,"type":"Point","coordinates":[27.71805708067831,45.45174402024599]},"id":"+102852-168655","properties":{"count":6,"label":1}},{"type":"Feature","geometry":{"geodesic":false,"type":"Point","coordinates":[27.72372871672214,45.44972036090595]},"id":"+102857-168642","properties":{"count":110,"label":1}},{"type":"Feature","geometry":{"geodesic":false,"type":"Point","coordinates":[27.719674048189724,45.45376522963526]},"id":"+102857-168659","properties":{"count":30,"label":1}},{"type":"Feature","geometry":{"geodesic":false,"type":"Point","coordinates":[27.71864098561299,45.458443955073385]},"id":"+102858-168673","properties":{"count":36,"label":1}},{"type":"Feature","geometry":{"geodesic":false,"type":"Point","coordinates":[27.733656348859462,45.49555574100433]},"id":"+102888-168797","properties":{"count":193,"label":1}},{"type":"Feature","geometry":{"geodesic":false,"type":"Point","coordinates":[27.733940417795647,45.4497396542683]},"id":"+102909-168645","properties":{"count":16,"label":1}},{"type":"Feature","geometry":{"geodesic":false,"type":"Point","coordinates":[27.73136869479641,45.45165891669276]},"id":"+102909-168654","properties":{"count":38,"label":1}},{"type":"Feature","geometry":{"geodesic":false,"type":"Point","coordinates":[27.734175789199917,45.442592375107985]},"id":"+102911-168612","properties":{"count":193,"label":1}},{"type":"Feature","geometry":{"geodesic":false,"type":"Point","coordinates":[27.724598272284478,46.11567356240163]},"id":"+102912-171110","properties":{"count":623,"label":1}},{"type":"Feature","geometry":{"geodesic":false,"type":"Point","coordinates":[27.73783383716408,45.49241697226389]},"id":"+102925-168803","properties":{"count":26,"label":1}},{"type":"Feature","geometry":{"geodesic":false,"type":"Point","coordinates":[27.738942911034087,45.494189417420635]},"id":"+102929-168813","properties":{"count":2,"label":1}},{"type":"Feature","geometry":{"geodesic":false,"type":"Point","coordinates":[27.739212405619323,45.417518207921034]},"id":"+102931-168528","properties":{"count":9,"label":1}},{"type":"Feature","geometry":{"geodesic":false,"type":"Point","coordinates":[27.739582960674024,45.42110585458699]},"id":"+102931-168540","properties":{"count":16,"label":1}},{"type":"Feature","geometry":{"geodesic":false,"type":"Point","coordinates":[27.74002088937503,45.50510394812269]},"id":"+102934-168853","properties":{"count":9,"label":1}},{"type":"Feature","geometry":{"geodesic":false,"type":"Point","coordinates":[27.740425131252884,45.41549699853177]},"id":"+102937-168519","properties":{"count":18,"label":1}},{"type":"Feature","geometry":{"geodesic":false,"type":"Point","coordinates":[27.74321336369244,45.44498592526238]},"id":"+102943-168627","properties":{"count":26,"label":1}},{"type":"Feature","geometry":{"geodesic":false,"type":"Point","coordinates":[27.743254824397862,45.43422687220566]},"id":"+102946-168590","properties":{"count":9,"label":1}},{"type":"Feature","geometry":{"geodesic":false,"type":"Point","coordinates":[27.74392856086095,45.42587254006335]},"id":"+102947-168559","properties":{"count":4,"label":1}},{"type":"Feature","geometry":{"geodesic":false,"type":"Point","coordinates":[27.743468561482704,45.43060263468008]},"id":"+102949-168571","properties":{"count":29,"label":1}},{"type":"Feature","geometry":{"geodesic":false,"type":"Point","coordinates":[27.744717795003428,45.4375281808748]},"id":"+102949-168599","properties":{"count":28,"label":1}},{"type":"Feature","geometry":{"geodesic":false,"type":"Point","coordinates":[27.745410781079748,45.447778599920376]},"id":"+102953-168639","properties":{"count":21,"label":1}},{"type":"Feature","geometry":{"geodesic":false,"type":"Point","coordinates":[27.746026768703146,45.41505425742745]},"id":"+102956-168519","properties":{"count":7,"label":1}},{"type":"Feature","geometry":{"geodesic":false,"type":"Point","coordinates":[27.747418515739756,45.44157059965334]},"id":"+102959-168614","properties":{"count":20,"label":1}},{"type":"Feature","geometry":{"geodesic":false,"type":"Point","coordinates":[27.749048957980435,45.49256452359789]},"id":"+102962-168805","properties":{"count":34,"label":1}},{"type":"Feature","geometry":{"geodesic":false,"type":"Point","coordinates":[27.748598517030825,45.4991750672475]},"id":"+102965-168819","properties":{"count":105,"label":1}},{"type":"Feature","geometry":{"geodesic":false,"type":"Point","coordinates":[27.745656289235935,45.68330054051943]},"id":"+102966-169502","properties":{"count":191,"label":1}},{"type":"Feature","geometry":{"geodesic":false,"type":"Point","coordinates":[27.749260703725973,45.44415967263292]},"id":"+102968-168627","properties":{"count":7,"label":1}},{"type":"Feature","geometry":{"geodesic":false,"type":"Point","coordinates":[27.74985744173614,46.125345736043016]},"id":"+102970-171153","properties":{"count":12,"label":1}},{"type":"Feature","geometry":{"geodesic":false,"type":"Point","coordinates":[27.750692874950374,45.44656972420946]},"id":"+102973-168636","properties":{"count":5,"label":1}},{"type":"Feature","geometry":{"geodesic":false,"type":"Point","coordinates":[27.750022132871564,45.448719692122786]},"id":"+102974-168642","properties":{"count":18,"label":1}},{"type":"Feature","geometry":{"geodesic":false,"type":"Point","coordinates":[27.75592106990395,45.41913517543245]},"id":"+102993-168534","properties":{"count":9,"label":1}},{"type":"Feature","geometry":{"geodesic":false,"type":"Point","coordinates":[27.769126304580503,45.419808911895544]},"id":"+103042-168537","properties":{"count":6,"label":1}},{"type":"Feature","geometry":{"geodesic":false,"type":"Point","coordinates":[27.77074327209192,45.42075214294387]},"id":"+103048-168540","properties":{"count":9,"label":1}},{"type":"Feature","geometry":{"geodesic":false,"type":"Point","coordinates":[27.77155175584763,46.03007940016214]},"id":"+103051-170801","properties":{"count":9,"label":1}},{"type":"Feature","geometry":{"geodesic":false,"type":"Point","coordinates":[27.773399718717815,45.4216376251525]},"id":"+103056-168543","properties":{"count":7,"label":1}},{"type":"Feature","geometry":{"geodesic":false,"type":"Point","coordinates":[27.775016686229232,45.422446108908204]},"id":"+103062-168546","properties":{"count":7,"label":1}},{"type":"Feature","geometry":{"geodesic":false,"type":"Point","coordinates":[27.77624866147602,46.0084813341168]},"id":"+103067-170717","properties":{"count":21,"label":1}},{"type":"Feature","geometry":{"geodesic":false,"type":"Point","coordinates":[27.77667215296711,46.01256225212181]},"id":"+103070-170733","properties":{"count":27,"label":1}},{"type":"Feature","geometry":{"geodesic":false,"type":"Point","coordinates":[27.777480636722817,46.005016403735205]},"id":"+103073-170708","properties":{"count":9,"label":1}},{"type":"Feature","geometry":{"geodesic":false,"type":"Point","coordinates":[27.783679012183242,45.422099615870046]},"id":"+103095-168546","properties":{"count":1,"label":1}},{"type":"Feature","geometry":{"geodesic":false,"type":"Point","coordinates":[27.785793508159706,45.41615000464214]},"id":"+103104-168522","properties":{"count":13,"label":1}},{"type":"Feature","geometry":{"geodesic":false,"type":"Point","coordinates":[27.785295979694656,45.42142587940696]},"id":"+103104-168541","properties":{"count":10,"label":1}},{"type":"Feature","geometry":{"geodesic":false,"type":"Point","coordinates":[27.78656645416791,45.4117433239517]},"id":"+103105-168502","properties":{"count":21,"label":1}},{"type":"Feature","geometry":{"geodesic":false,"type":"Point","coordinates":[27.786627599998173,45.40795907645649]},"id":"+103107-168491","properties":{"count":17,"label":1}},{"type":"Feature","geometry":{"geodesic":false,"type":"Point","coordinates":[27.78672045107376,45.419982158414626]},"id":"+103107-168537","properties":{"count":7,"label":1}},{"type":"Feature","geometry":{"geodesic":false,"type":"Point","coordinates":[27.789895353949348,45.40672045820592]},"id":"+103126-168488","properties":{"count":45,"label":1}},{"type":"Feature","geometry":{"geodesic":false,"type":"Point","coordinates":[27.797018994152417,45.40579519346328]},"id":"+103147-168485","properties":{"count":12,"label":1}},{"type":"Feature","geometry":{"geodesic":false,"type":"Point","coordinates":[27.801735149394045,45.40498670970757]},"id":"+103163-168482","properties":{"count":6,"label":1}},{"type":"Feature","geometry":{"geodesic":false,"type":"Point","coordinates":[27.8100557947132,45.40326868172669]},"id":"+103193-168475","properties":{"count":8,"label":1}},{"type":"Feature","geometry":{"geodesic":false,"type":"Point","coordinates":[27.812461033886432,45.40226481439669]},"id":"+103203-168472","properties":{"count":5,"label":1}},{"type":"Feature","geometry":{"geodesic":false,"type":"Point","coordinates":[27.814170399541354,45.401695025845044]},"id":"+103209-168469","properties":{"count":7,"label":1}},{"type":"Feature","geometry":{"geodesic":false,"type":"Point","coordinates":[27.815802766743353,45.40070174580232]},"id":"+103215-168466","properties":{"count":5,"label":1}},{"type":"Feature","geometry":{"geodesic":false,"type":"Point","coordinates":[27.81830906638605,45.399510194743314]},"id":"+103228-168460","properties":{"count":28,"label":1}},{"type":"Feature","geometry":{"geodesic":false,"type":"Point","coordinates":[27.820561271134093,45.397806603972356]},"id":"+103234-168454","properties":{"count":14,"label":1}},{"type":"Feature","geometry":{"geodesic":false,"type":"Point","coordinates":[27.824911683724327,45.397575608613586]},"id":"+103249-168454","properties":{"count":9,"label":1}},{"type":"Feature","geometry":{"geodesic":false,"type":"Point","coordinates":[27.825386634577512,45.4135291544069]},"id":"+103249-168497","properties":{"count":101,"label":1}},{"type":"Feature","geometry":{"geodesic":false,"type":"Point","coordinates":[27.82702721621843,45.39839756709855]},"id":"+103258-168457","properties":{"count":20,"label":1}},{"type":"Feature","geometry":{"geodesic":false,"type":"Point","coordinates":[27.82711418021586,45.45091444813904]},"id":"+103262-168610","properties":{"count":1853,"label":1}},{"type":"Feature","geometry":{"geodesic":false,"type":"Point","coordinates":[27.829223597088102,45.399192576124996]},"id":"+103265-168460","properties":{"count":9,"label":1}},{"type":"Feature","geometry":{"geodesic":false,"type":"Point","coordinates":[27.829223597088102,45.47087813579774]},"id":"+103265-168726","properties":{"count":9,"label":1}},{"type":"Feature","geometry":{"geodesic":false,"type":"Point","coordinates":[27.828516173801855,45.41787528824648]},"id":"+103268-168524","properties":{"count":40,"label":1}},{"type":"Feature","geometry":{"geodesic":false,"type":"Point","coordinates":[27.8301398786779,45.46732080727262]},"id":"+103268-168713","properties":{"count":5,"label":1}},{"type":"Feature","geometry":{"geodesic":false,"type":"Point","coordinates":[27.836696827173295,45.40879110183149]},"id":"+103271-168478","properties":{"count":167,"label":1}},{"type":"Feature","geometry":{"geodesic":false,"type":"Point","coordinates":[27.831649048355224,45.463332287411134]},"id":"+103274-168698","properties":{"count":9,"label":1}},{"type":"Feature","geometry":{"geodesic":false,"type":"Point","coordinates":[27.831600049339723,45.41423527388271]},"id":"+103277-168512","properties":{"count":33,"label":1}},{"type":"Feature","geometry":{"geodesic":false,"type":"Point","coordinates":[27.83753146464675,45.41407053581336]},"id":"+103293-168513","properties":{"count":29,"label":1}},{"type":"Feature","geometry":{"geodesic":false,"type":"Point","coordinates":[27.840003380497535,45.4149580093613]},"id":"+103306-168519","properties":{"count":10,"label":1}},{"type":"Feature","geometry":{"geodesic":false,"type":"Point","coordinates":[27.84108135883848,45.40000105988071]},"id":"+103308-168463","properties":{"count":3,"label":1}},{"type":"Feature","geometry":{"geodesic":false,"type":"Point","coordinates":[27.842325180001108,45.415206773593816]},"id":"+103317-168519","properties":{"count":26,"label":1}},{"type":"Feature","geometry":{"geodesic":false,"type":"Point","coordinates":[27.8450114882065,45.41486817783288]},"id":"+103325-168517","properties":{"count":12,"label":1}},{"type":"Feature","geometry":{"geodesic":false,"type":"Point","coordinates":[27.848290338993536,45.39979893894178]},"id":"+103336-168463","properties":{"count":4,"label":1}},{"type":"Feature","geometry":{"geodesic":false,"type":"Point","coordinates":[27.849166196395554,46.13410431006318]},"id":"+103339-171187","properties":{"count":9,"label":1}},{"type":"Feature","geometry":{"geodesic":false,"type":"Point","coordinates":[27.852332757772075,45.39818197143037]},"id":"+103351-168457","properties":{"count":4,"label":1}},{"type":"Feature","geometry":{"geodesic":false,"type":"Point","coordinates":[27.858962422924566,45.40262125541015]},"id":"+103378-168460","properties":{"count":137,"label":1}},{"type":"Feature","geometry":{"geodesic":false,"type":"Point","coordinates":[27.861716944222255,45.39874983502068]},"id":"+103388-168456","properties":{"count":42,"label":1}},{"type":"Feature","geometry":{"geodesic":false,"type":"Point","coordinates":[27.862775672949965,45.397306114028346]},"id":"+103389-168454","properties":{"count":2,"label":1}},{"type":"Feature","geometry":{"geodesic":false,"type":"Point","coordinates":[27.864976545396058,45.405211288528605]},"id":"+103396-168482","properties":{"count":6,"label":1}},{"type":"Feature","geometry":{"geodesic":false,"type":"Point","coordinates":[27.865874860680176,45.397575608613586]},"id":"+103401-168454","properties":{"count":9,"label":1}},{"type":"Feature","geometry":{"geodesic":false,"type":"Point","coordinates":[27.86662944551884,45.408328442564496]},"id":"+103404-168494","properties":{"count":10,"label":1}},{"type":"Feature","geometry":{"geodesic":false,"type":"Point","coordinates":[27.868210480418888,45.40910398809312]},"id":"+103410-168497","properties":{"count":9,"label":1}},{"type":"Feature","geometry":{"geodesic":false,"type":"Point","coordinates":[27.871588145887177,45.40999930899296]},"id":"+103422-168500","properties":{"count":10,"label":1}},{"type":"Feature","geometry":{"geodesic":false,"type":"Point","coordinates":[27.87342070906678,45.41746430900399]},"id":"+103428-168528","properties":{"count":5,"label":1}},{"type":"Feature","geometry":{"geodesic":false,"type":"Point","coordinates":[27.876154154145603,45.41809569631798]},"id":"+103441-168531","properties":{"count":7,"label":1}},{"type":"Feature","geometry":{"geodesic":false,"type":"Point","coordinates":[27.87904159613027,45.417441209468116]},"id":"+103450-168528","properties":{"count":7,"label":1}},{"type":"Feature","geometry":{"geodesic":false,"type":"Point","coordinates":[27.882718272257417,45.41859618626198]},"id":"+103463-168528","properties":{"count":54,"label":1}},{"type":"Feature","geometry":{"geodesic":false,"type":"Point","coordinates":[27.8867270042128,45.419842598718695]},"id":"+103484-168537","properties":{"count":24,"label":1}},{"type":"Feature","geometry":{"geodesic":false,"type":"Point","coordinates":[27.893363308374234,45.41886568084722]},"id":"+103503-168534","properties":{"count":3,"label":1}},{"type":"Feature","geometry":{"geodesic":false,"type":"Point","coordinates":[27.896597243397064,45.41819194438413]},"id":"+103515-168531","properties":{"count":6,"label":1}},{"type":"Feature","geometry":{"geodesic":false,"type":"Point","coordinates":[27.89807946361586,45.417652955213654]},"id":"+103520-168529","properties":{"count":4,"label":1}},{"type":"Feature","geometry":{"geodesic":false,"type":"Point","coordinates":[27.907430925723546,45.41258645701122]},"id":"+103556-168509","properties":{"count":10,"label":1}},{"type":"Feature","geometry":{"geodesic":false,"type":"Point","coordinates":[27.909209589986105,45.4114276302947]},"id":"+103562-168506","properties":{"count":5,"label":1}},{"type":"Feature","geometry":{"geodesic":false,"type":"Point","coordinates":[27.911688940170272,45.409972359534436]},"id":"+103571-168500","properties":{"count":7,"label":1}},{"type":"Feature","geometry":{"geodesic":false,"type":"Point","coordinates":[27.91330590768169,45.409163875778724]},"id":"+103577-168497","properties":{"count":9,"label":1}},{"type":"Feature","geometry":{"geodesic":false,"type":"Point","coordinates":[27.914922875193103,45.40835539202302]},"id":"+103583-168494","properties":{"count":9,"label":1}},{"type":"Feature","geometry":{"geodesic":false,"type":"Point","coordinates":[27.916674589997136,45.407412160974694]},"id":"+103590-168491","properties":{"count":6,"label":1}},{"type":"Feature","geometry":{"geodesic":false,"type":"Point","coordinates":[27.930379182287513,45.897234422263516]},"id":"+103639-170300","properties":{"count":51,"label":1}},{"type":"Feature","geometry":{"geodesic":false,"type":"Point","coordinates":[27.936347694719352,45.407951150145166]},"id":"+103661-168491","properties":{"count":18,"label":1}},{"type":"Feature","geometry":{"geodesic":false,"type":"Point","coordinates":[27.941291675704726,45.453363152372546]},"id":"+103685-168599","properties":{"count":498,"label":1}},{"type":"Feature","geometry":{"geodesic":false,"type":"Point","coordinates":[27.945067769513056,45.41986666073524]},"id":"+103695-168537","properties":{"count":7,"label":1}},{"type":"Feature","geometry":{"geodesic":false,"type":"Point","coordinates":[27.945914752495227,45.4059299407559]},"id":"+103698-168485","properties":{"count":9,"label":1}},{"type":"Feature","geometry":{"geodesic":false,"type":"Point","coordinates":[27.94753172000664,45.411589327045846]},"id":"+103704-168506","properties":{"count":9,"label":1}},{"type":"Feature","geometry":{"geodesic":false,"type":"Point","coordinates":[27.949148687518058,45.405121457000185]},"id":"+103710-168482","properties":{"count":9,"label":1}},{"type":"Feature","geometry":{"geodesic":false,"type":"Point","coordinates":[27.947801214591877,45.417137744977175]},"id":"+103712-168525","properties":{"count":51,"label":1}},{"type":"Feature","geometry":{"geodesic":false,"type":"Point","coordinates":[27.961545438438907,45.84305015800845]},"id":"+103756-170108","properties":{"count":3,"label":1}},{"type":"Feature","geometry":{"geodesic":false,"type":"Point","coordinates":[27.964240384291266,45.39973156529547]},"id":"+103766-168463","properties":{"count":3,"label":1}},{"type":"Feature","geometry":{"geodesic":false,"type":"Point","coordinates":[27.965827407959875,45.39937223918182]},"id":"+103772-168460","properties":{"count":9,"label":1}},{"type":"Feature","geometry":{"geodesic":false,"type":"Point","coordinates":[27.967797712816377,45.39804273256133]},"id":"+103781-168454","properties":{"count":15,"label":1}},{"type":"Feature","geometry":{"geodesic":false,"type":"Point","coordinates":[27.9697650232886,45.39649763027264]},"id":"+103786-168451","properties":{"count":2,"label":1}},{"type":"Feature","geometry":{"geodesic":false,"type":"Point","coordinates":[27.97832147636984,45.394813289114914]},"id":"+103818-168444","properties":{"count":4,"label":1}},{"type":"Feature","geometry":{"geodesic":false,"type":"Point","coordinates":[27.97979407178202,45.876775480389405]},"id":"+103823-170232","properties":{"count":7,"label":1}},{"type":"Feature","geometry":{"geodesic":false,"type":"Point","coordinates":[27.980787351824745,45.8716704829605]},"id":"+103826-170213","properties":{"count":5,"label":1}},{"type":"Feature","geometry":{"geodesic":false,"type":"Point","coordinates":[27.981757532331596,45.39232046420148]},"id":"+103831-168435","properties":{"count":6,"label":1}},{"type":"Feature","geometry":{"geodesic":false,"type":"Point","coordinates":[27.982566016087304,45.39137723315316]},"id":"+103834-168432","properties":{"count":3,"label":1}},{"type":"Feature","geometry":{"geodesic":false,"type":"Point","coordinates":[27.982505162471284,45.8478489003004]},"id":"+103834-170120","properties":{"count":31,"label":1}},{"type":"Feature","geometry":{"geodesic":false,"type":"Point","coordinates":[27.98391348901348,45.84202992850721]},"id":"+103837-170101","properties":{"count":14,"label":1}},{"type":"Feature","geometry":{"geodesic":false,"type":"Point","coordinates":[27.983320600925964,45.84477492335396]},"id":"+103837-170114","properties":{"count":5,"label":1}},{"type":"Feature","geometry":{"geodesic":false,"type":"Point","coordinates":[27.984182983598718,45.84008571757086]},"id":"+103840-170096","properties":{"count":9,"label":1}},{"type":"Feature","geometry":{"geodesic":false,"type":"Point","coordinates":[27.985414958845514,45.83155172237173]},"id":"+103843-170062","properties":{"count":21,"label":1}},{"type":"Feature","geometry":{"geodesic":false,"type":"Point","coordinates":[27.984438294258414,45.83631279337756]},"id":"+103843-170074","properties":{"count":57,"label":1}},{"type":"Feature","geometry":{"geodesic":false,"type":"Point","coordinates":[27.985979614166958,45.39146706468157]},"id":"+103846-168432","properties":{"count":3,"label":1}},{"type":"Feature","geometry":{"geodesic":false,"type":"Point","coordinates":[27.98795590779202,45.39289314019511]},"id":"+103851-168435","properties":{"count":8,"label":1}},{"type":"Feature","geometry":{"geodesic":false,"type":"Point","coordinates":[27.98876439154773,45.82822795582048]},"id":"+103856-170052","properties":{"count":3,"label":1}},{"type":"Feature","geometry":{"geodesic":false,"type":"Point","coordinates":[27.990546050194563,45.83017430560274]},"id":"+103862-170056","properties":{"count":18,"label":1}},{"type":"Feature","geometry":{"geodesic":false,"type":"Point","coordinates":[27.990920348229615,45.39838409236929]},"id":"+103865-168457","properties":{"count":9,"label":1}},{"type":"Feature","geometry":{"geodesic":false,"type":"Point","coordinates":[27.991513236317132,45.83248597026721]},"id":"+103866-170067","properties":{"count":5,"label":1}},{"type":"Feature","geometry":{"geodesic":false,"type":"Point","coordinates":[27.993117765616923,45.834778747276985]},"id":"+103871-170075","properties":{"count":13,"label":1}},{"type":"Feature","geometry":{"geodesic":false,"type":"Point","coordinates":[27.994962767008154,45.835908551499706]},"id":"+103880-170081","properties":{"count":6,"label":1}},{"type":"Feature","geometry":{"geodesic":false,"type":"Point","coordinates":[27.99631023993433,45.83860349735206]},"id":"+103884-170091","properties":{"count":2,"label":1}},{"type":"Feature","geometry":{"geodesic":false,"type":"Point","coordinates":[27.996579734519567,45.837121277133264]},"id":"+103886-170086","properties":{"count":3,"label":1}},{"type":"Feature","geometry":{"geodesic":false,"type":"Point","coordinates":[27.996579734519567,45.841702685082275]},"id":"+103886-170099","properties":{"count":27,"label":1}},{"type":"Feature","geometry":{"geodesic":false,"type":"Point","coordinates":[27.996579734519567,45.8441281363494]},"id":"+103886-170111","properties":{"count":9,"label":1}},{"type":"Feature","geometry":{"geodesic":false,"type":"Point","coordinates":[27.996579734519567,45.84978752263935]},"id":"+103886-170133","properties":{"count":3,"label":1}},{"type":"Feature","geometry":{"geodesic":false,"type":"Point","coordinates":[27.997657712860512,45.39973156529547]},"id":"+103889-168463","properties":{"count":1,"label":1}},{"type":"Feature","geometry":{"geodesic":false,"type":"Point","coordinates":[27.99900518578669,45.399462070710236]},"id":"+103894-168462","properties":{"count":1,"label":1}},{"type":"Feature","geometry":{"geodesic":false,"type":"Point","coordinates":[27.999813669542398,45.39838409236929]},"id":"+103897-168457","properties":{"count":3,"label":1}},{"type":"Feature","geometry":{"geodesic":false,"type":"Point","coordinates":[28.100200402542754,46.04314988754608]},"id":"+104270-170850","properties":{"count":4,"label":1}},{"type":"Feature","geometry":{"geodesic":false,"type":"Point","coordinates":[28.100200402542754,46.044093118594404]},"id":"+104270-170853","properties":{"count":6,"label":1}},{"type":"Feature","geometry":{"geodesic":false,"type":"Point","coordinates":[28.100240826730538,45.985734066161584]},"id":"+104271-170632","properties":{"count":20,"label":1}},{"type":"Feature","geometry":{"geodesic":false,"type":"Point","coordinates":[28.10084045218269,46.04924720253704]},"id":"+104272-170872","properties":{"count":8,"label":1}},{"type":"Feature","geometry":{"geodesic":false,"type":"Point","coordinates":[28.102374658239686,45.96155457945205]},"id":"+104282-170538","properties":{"count":81,"label":1}},{"type":"Feature","geometry":{"geodesic":false,"type":"Point","coordinates":[28.10491655778438,45.95920232424511]},"id":"+104288-170538","properties":{"count":9,"label":1}},{"type":"Feature","geometry":{"geodesic":false,"type":"Point","coordinates":[28.10350381663834,45.954121930228126]},"id":"+104295-170505","properties":{"count":128,"label":1}}]}