{"type":"FeatureCollection","features":[{"type":"Feature","geometry":{"geodesic":false,"type":"Point","coordinates":[27.233329251006325,46.019178808835186]},"id":"+101060-170760","properties":{"count":58,"label":1}},{"type":"Feature","geometry":{"geodesic":false,"type":"Point","coordinates":[27.240328665896687,46.02078328586712]},"id":"+101070-170757","properties":{"count":93,"label":1}},{"type":"Feature","geometry":{"geodesic":false,"type":"Point","coordinates":[27.244959336296763,46.02495900304266]},"id":"+101097-170782","properties":{"count":9,"label":1}},{"type":"Feature","geometry":{"geodesic":false,"type":"Point","coordinates":[27.238846569257305,45.97596968972325]},"id":"+101106-170491","properties":{"count":4467,"label":1}},{"type":"Feature","geometry":{"geodesic":false,"type":"Point","coordinates":[27.247384787563888,46.02657597055407]},"id":"+101106-170788","properties":{"count":9,"label":1}},{"type":"Feature","geometry":{"geodesic":false,"type":"Point","coordinates":[27.246387657598515,46.03758482436096]},"id":"+101106-170814","properties":{"count":120,"label":1}},{"type":"Feature","geometry":{"geodesic":false,"type":"Point","coordinates":[27.24845296610173,45.94416942629049]},"id":"+101112-170479","properties":{"count":55,"label":1}},{"type":"Feature","geometry":{"geodesic":false,"type":"Point","coordinates":[27.249194251207616,45.95835534126294]},"id":"+101113-170535","properties":{"count":7,"label":1}},{"type":"Feature","geometry":{"geodesic":false,"type":"Point","coordinates":[27.248906639339335,46.032488998806606]},"id":"+101113-170810","properties":{"count":17,"label":1}},{"type":"Feature","geometry":{"geodesic":false,"type":"Point","coordinates":[27.24981023883101,45.95327344336992]},"id":"+101114-170516","properties":{"count":3,"label":1}},{"type":"Feature","geometry":{"geodesic":false,"type":"Point","coordinates":[27.250079733416246,45.949365771884]},"id":"+101115-170502","properties":{"count":2,"label":1}},{"type":"Feature","geometry":{"geodesic":false,"type":"Point","coordinates":[27.250098983029478,46.031215127342776]},"id":"+101115-170803","properties":{"count":14,"label":1}},{"type":"Feature","geometry":{"geodesic":false,"type":"Point","coordinates":[27.251039134139685,46.035081219664114]},"id":"+101116-170816","properties":{"count":25,"label":1}},{"type":"Feature","geometry":{"geodesic":false,"type":"Point","coordinates":[27.252100942805512,45.94667082603164]},"id":"+101125-170491","properties":{"count":24,"label":1}},{"type":"Feature","geometry":{"geodesic":false,"type":"Point","coordinates":[27.25170503581174,45.93868739623086]},"id":"+101131-170448","properties":{"count":97,"label":1}},{"type":"Feature","geometry":{"geodesic":false,"type":"Point","coordinates":[27.255132756889417,45.94208941808263]},"id":"+101137-170470","properties":{"count":36,"label":1}},{"type":"Feature","geometry":{"geodesic":false,"type":"Point","coordinates":[27.256918794117045,45.934464755241855]},"id":"+101147-170442","properties":{"count":53,"label":1}},{"type":"Feature","geometry":{"geodesic":false,"type":"Point","coordinates":[27.2632849680928,45.92497651192016]},"id":"+101165-170411","properties":{"count":9,"label":1}},{"type":"Feature","geometry":{"geodesic":false,"type":"Point","coordinates":[27.268405365212285,45.92470701733492]},"id":"+101184-170411","properties":{"count":3,"label":1}},{"type":"Feature","geometry":{"geodesic":false,"type":"Point","coordinates":[27.271663799742864,45.918410643843494]},"id":"+101196-170386","properties":{"count":11,"label":1}},{"type":"Feature","geometry":{"geodesic":false,"type":"Point","coordinates":[27.273342506013805,45.90015067072823]},"id":"+101205-170318","properties":{"count":25,"label":1}},{"type":"Feature","geometry":{"geodesic":false,"type":"Point","coordinates":[27.27837666486601,45.89991351549322]},"id":"+101221-170318","properties":{"count":9,"label":1}},{"type":"Feature","geometry":{"geodesic":false,"type":"Point","coordinates":[27.28093686342575,45.89883553715228]},"id":"+101231-170315","properties":{"count":4,"label":1}},{"type":"Feature","geometry":{"geodesic":false,"type":"Point","coordinates":[27.283766556570725,45.897488064226096]},"id":"+101240-170310","properties":{"count":1,"label":1}},{"type":"Feature","geometry":{"geodesic":false,"type":"Point","coordinates":[27.268704647520185,45.91542476952999]},"id":"+101242-170303","properties":{"count":959,"label":1}},{"type":"Feature","geometry":{"geodesic":false,"type":"Point","coordinates":[27.284372919387508,45.889335853022715]},"id":"+101243-170279","properties":{"count":4,"label":1}},{"type":"Feature","geometry":{"geodesic":false,"type":"Point","coordinates":[27.285248776789523,45.876736981162935]},"id":"+101246-170232","properties":{"count":6,"label":1}},{"type":"Feature","geometry":{"geodesic":false,"type":"Point","coordinates":[27.285114029496906,45.88751676457237]},"id":"+101246-170272","properties":{"count":9,"label":1}},{"type":"Feature","geometry":{"geodesic":false,"type":"Point","coordinates":[27.285922513252615,45.87444627718843]},"id":"+101249-170224","properties":{"count":6,"label":1}},{"type":"Feature","geometry":{"geodesic":false,"type":"Point","coordinates":[27.28605726054523,45.87916243243006]},"id":"+101249-170241","properties":{"count":6,"label":1}},{"type":"Feature","geometry":{"geodesic":false,"type":"Point","coordinates":[27.28686574430094,45.87336829884749]},"id":"+101252-170220","properties":{"count":4,"label":1}},{"type":"Feature","geometry":{"geodesic":false,"type":"Point","coordinates":[27.289156448275445,45.885091313305246]},"id":"+101261-170263","properties":{"count":9,"label":1}},{"type":"Feature","geometry":{"geodesic":false,"type":"Point","coordinates":[27.28996493203115,45.88455232413477]},"id":"+101263-170262","properties":{"count":1,"label":1}},{"type":"Feature","geometry":{"geodesic":false,"type":"Point","coordinates":[27.295085329150634,45.875120013651525]},"id":"+101283-170226","properties":{"count":9,"label":1}},{"type":"Feature","geometry":{"geodesic":false,"type":"Point","coordinates":[27.305460870682214,45.84493662010511]},"id":"+101323-170114","properties":{"count":18,"label":1}},{"type":"Feature","geometry":{"geodesic":false,"type":"Point","coordinates":[27.2992436150829,45.86504138170137]},"id":"+101332-170086","properties":{"count":1042,"label":1}},{"type":"Feature","geometry":{"geodesic":false,"type":"Point","coordinates":[27.309907531338606,45.83658228796279]},"id":"+101338-170083","properties":{"count":9,"label":1}},{"type":"Feature","geometry":{"geodesic":false,"type":"Point","coordinates":[27.310716015094314,45.83469582586614]},"id":"+101341-170077","properties":{"count":3,"label":1}},{"type":"Feature","geometry":{"geodesic":false,"type":"Point","coordinates":[27.312602477190964,45.835773804207086]},"id":"+101348-170080","properties":{"count":9,"label":1}},{"type":"Feature","geometry":{"geodesic":false,"type":"Point","coordinates":[27.313410960946673,45.82822795582048]},"id":"+101351-170052","properties":{"count":9,"label":1}},{"type":"Feature","geometry":{"geodesic":false,"type":"Point","coordinates":[27.31475843387285,45.845475609275574]},"id":"+101355-170117","properties":{"count":1,"label":1}},{"type":"Feature","geometry":{"geodesic":false,"type":"Point","coordinates":[27.314623686580234,45.83698652984065]},"id":"+101357-170083","properties":{"count":18,"label":1}},{"type":"Feature","geometry":{"geodesic":false,"type":"Point","coordinates":[27.316644895969503,45.8373907717185]},"id":"+101363-170086","properties":{"count":9,"label":1}},{"type":"Feature","geometry":{"geodesic":false,"type":"Point","coordinates":[27.318261863480917,45.81744817241105]},"id":"+101369-170012","properties":{"count":9,"label":1}},{"type":"Feature","geometry":{"geodesic":false,"type":"Point","coordinates":[27.318261863480917,45.83415683669567]},"id":"+101369-170074","properties":{"count":9,"label":1}},{"type":"Feature","geometry":{"geodesic":false,"type":"Point","coordinates":[27.318261863480917,45.8373907717185]},"id":"+101369-170086","properties":{"count":9,"label":1}},{"type":"Feature","geometry":{"geodesic":false,"type":"Point","coordinates":[27.320001328531074,45.83329935392447]},"id":"+101377-170071","properties":{"count":11,"label":1}},{"type":"Feature","geometry":{"geodesic":false,"type":"Point","coordinates":[27.321765293088983,45.83011441791713]},"id":"+101382-170059","properties":{"count":9,"label":1}},{"type":"Feature","geometry":{"geodesic":false,"type":"Point","coordinates":[27.322371655905762,45.83247249553795]},"id":"+101385-170068","properties":{"count":12,"label":1}},{"type":"Feature","geometry":{"geodesic":false,"type":"Point","coordinates":[27.324318399685954,45.82795846123525]},"id":"+101394-170043","properties":{"count":57,"label":1}},{"type":"Feature","geometry":{"geodesic":false,"type":"Point","coordinates":[27.32728993208632,45.806466268062685]},"id":"+101400-169969","properties":{"count":12,"label":1}},{"type":"Feature","geometry":{"geodesic":false,"type":"Point","coordinates":[27.327424679378936,45.79750557310359]},"id":"+101403-169938","properties":{"count":9,"label":1}},{"type":"Feature","geometry":{"geodesic":false,"type":"Point","coordinates":[27.319909818174605,45.82586541792343]},"id":"+101411-170019","properties":{"count":287,"label":1}},{"type":"Feature","geometry":{"geodesic":false,"type":"Point","coordinates":[27.329984877938678,45.80747687275732]},"id":"+101416-169975","properties":{"count":30,"label":1}},{"type":"Feature","geometry":{"geodesic":false,"type":"Point","coordinates":[27.332545076498416,45.80747687275732]},"id":"+101422-169975","properties":{"count":9,"label":1}},{"type":"Feature","geometry":{"geodesic":false,"type":"Point","coordinates":[27.334162044009833,45.79669708934789]},"id":"+101428-169935","properties":{"count":9,"label":1}},{"type":"Feature","geometry":{"geodesic":false,"type":"Point","coordinates":[27.331182088958588,45.805987469847025]},"id":"+101450-169910","properties":{"count":469,"label":1}},{"type":"Feature","geometry":{"geodesic":false,"type":"Point","coordinates":[27.344487496233686,45.78294863260162]},"id":"+101467-169861","properties":{"count":191,"label":1}},{"type":"Feature","geometry":{"geodesic":false,"type":"Point","coordinates":[27.34548081658974,45.78834275720558]},"id":"+101471-169901","properties":{"count":27,"label":1}},{"type":"Feature","geometry":{"geodesic":false,"type":"Point","coordinates":[27.345750311174974,45.79332840703244]},"id":"+101471-169922","properties":{"count":12,"label":1}},{"type":"Feature","geometry":{"geodesic":false,"type":"Point","coordinates":[27.34588505846759,46.05177371427362]},"id":"+101471-170882","properties":{"count":4,"label":1}},{"type":"Feature","geometry":{"geodesic":false,"type":"Point","coordinates":[27.3466935422233,46.07858842550459]},"id":"+101474-170982","properties":{"count":2,"label":1}},{"type":"Feature","geometry":{"geodesic":false,"type":"Point","coordinates":[27.348436121617663,46.07234437299582]},"id":"+101481-170954","properties":{"count":59,"label":1}},{"type":"Feature","geometry":{"geodesic":false,"type":"Point","coordinates":[27.349022745424268,46.07874242241044]},"id":"+101484-170981","properties":{"count":21,"label":1}},{"type":"Feature","geometry":{"geodesic":false,"type":"Point","coordinates":[27.349425237337282,45.76761617365016]},"id":"+101485-169827","properties":{"count":11,"label":1}},{"type":"Feature","geometry":{"geodesic":false,"type":"Point","coordinates":[27.348984246197805,46.07693295876671]},"id":"+101485-170971","properties":{"count":21,"label":1}},{"type":"Feature","geometry":{"geodesic":false,"type":"Point","coordinates":[27.350196971831366,46.04921351571389]},"id":"+101487-170872","properties":{"count":6,"label":1}},{"type":"Feature","geometry":{"geodesic":false,"type":"Point","coordinates":[27.351679192050163,46.048405031958175]},"id":"+101493-170869","properties":{"count":9,"label":1}},{"type":"Feature","geometry":{"geodesic":false,"type":"Point","coordinates":[27.35248767580587,46.06902136772872]},"id":"+101496-170946","properties":{"count":6,"label":1}},{"type":"Feature","geometry":{"geodesic":false,"type":"Point","coordinates":[27.35228698834878,46.07797489527863]},"id":"+101499-170975","properties":{"count":47,"label":1}},{"type":"Feature","geometry":{"geodesic":false,"type":"Point","coordinates":[27.3542971394496,46.075238992802376]},"id":"+101502-170968","properties":{"count":7,"label":1}},{"type":"Feature","geometry":{"geodesic":false,"type":"Point","coordinates":[27.353341075325787,46.072935455752386]},"id":"+101505-170955","properties":{"count":84,"label":1}},{"type":"Feature","geometry":{"geodesic":false,"type":"Point","coordinates":[27.35450888519514,46.04759654820247]},"id":"+101508-170866","properties":{"count":36,"label":1}},{"type":"Feature","geometry":{"geodesic":false,"type":"Point","coordinates":[27.36144837076496,45.736195554962435]},"id":"+101527-169706","properties":{"count":36,"label":1}},{"type":"Feature","geometry":{"geodesic":false,"type":"Point","coordinates":[27.36038594018855,46.056655712336934]},"id":"+101527-170900","properties":{"count":13,"label":1}},{"type":"Feature","geometry":{"geodesic":false,"type":"Point","coordinates":[27.362693919456984,45.7448850278069]},"id":"+101530-169725","properties":{"count":117,"label":1}},{"type":"Feature","geometry":{"geodesic":false,"type":"Point","coordinates":[27.360380017230632,45.7479185694202]},"id":"+101530-169752","properties":{"count":42,"label":1}},{"type":"Feature","geometry":{"geodesic":false,"type":"Point","coordinates":[27.36104412888711,46.059050068074995]},"id":"+101530-170908","properties":{"count":12,"label":1}},{"type":"Feature","geometry":{"geodesic":false,"type":"Point","coordinates":[27.362728470044832,45.73094041055034]},"id":"+101533-169691","properties":{"count":3,"label":1}},{"type":"Feature","geometry":{"geodesic":false,"type":"Point","coordinates":[27.360833963333697,46.04600773684175]},"id":"+101536-170856","properties":{"count":67,"label":1}},{"type":"Feature","geometry":{"geodesic":false,"type":"Point","coordinates":[27.36677088882337,45.72662849718657]},"id":"+101549-169675","properties":{"count":9,"label":1}},{"type":"Feature","geometry":{"geodesic":false,"type":"Point","coordinates":[27.36817694752895,46.05198462307946]},"id":"+101558-170880","properties":{"count":46,"label":1}},{"type":"Feature","geometry":{"geodesic":false,"type":"Point","coordinates":[27.370828279523312,46.050890370910906]},"id":"+101561-170876","properties":{"count":18,"label":1}},{"type":"Feature","geometry":{"geodesic":false,"type":"Point","coordinates":[27.37189128594285,46.05918481536761]},"id":"+101567-170909","properties":{"count":3,"label":1}},{"type":"Feature","geometry":{"geodesic":false,"type":"Point","coordinates":[27.37593370472139,46.02253355177554]},"id":"+101583-170773","properties":{"count":9,"label":1}},{"type":"Feature","geometry":{"geodesic":false,"type":"Point","coordinates":[27.377550672232804,46.01822163841176]},"id":"+101589-170757","properties":{"count":9,"label":1}},{"type":"Feature","geometry":{"geodesic":false,"type":"Point","coordinates":[27.37778166759158,46.03606602987702]},"id":"+101591-170823","properties":{"count":14,"label":1}},{"type":"Feature","geometry":{"geodesic":false,"type":"Point","coordinates":[27.379921065466384,46.01759571550412]},"id":"+101599-170745","properties":{"count":93,"label":1}},{"type":"Feature","geometry":{"geodesic":false,"type":"Point","coordinates":[27.380784607255634,45.98103138564921]},"id":"+101601-170620","properties":{"count":3,"label":1}},{"type":"Feature","geometry":{"geodesic":false,"type":"Point","coordinates":[27.38105410184087,46.03519979728162]},"id":"+101601-170821","properties":{"count":1,"label":1}},{"type":"Feature","geometry":{"geodesic":false,"type":"Point","coordinates":[27.380996936322788,46.066477502174145]},"id":"+101602-170932","properties":{"count":33,"label":1}},{"type":"Feature","geometry":{"geodesic":false,"type":"Point","coordinates":[27.380377822976037,46.033059095010216]},"id":"+101604-170810","properties":{"count":53,"label":1}},{"type":"Feature","geometry":{"geodesic":false,"type":"Point","coordinates":[27.381593091011343,46.03870322688969]},"id":"+101604-170834","properties":{"count":3,"label":1}},{"type":"Feature","geometry":{"geodesic":false,"type":"Point","coordinates":[27.381593091011343,46.06403571790186]},"id":"+101604-170927","properties":{"count":9,"label":1}},{"type":"Feature","geometry":{"geodesic":false,"type":"Point","coordinates":[27.38298547970173,46.06650608493318]},"id":"+101608-170935","properties":{"count":6,"label":1}},{"type":"Feature","geometry":{"geodesic":false,"type":"Point","coordinates":[27.38374904769323,46.0680781366804]},"id":"+101611-170943","properties":{"count":1,"label":1}},{"type":"Feature","geometry":{"geodesic":false,"type":"Point","coordinates":[27.3842880368637,46.07252479733679]},"id":"+101614-170959","properties":{"count":6,"label":1}},{"type":"Feature","geometry":{"geodesic":false,"type":"Point","coordinates":[27.38509652061941,46.06780864209516]},"id":"+101617-170942","properties":{"count":3,"label":1}},{"type":"Feature","geometry":{"geodesic":false,"type":"Point","coordinates":[27.386174498960354,45.994775609496244]},"id":"+101620-170671","properties":{"count":1,"label":1}},{"type":"Feature","geometry":{"geodesic":false,"type":"Point","coordinates":[27.386039751667735,46.01687416548558]},"id":"+101620-170753","properties":{"count":2,"label":1}},{"type":"Feature","geometry":{"geodesic":false,"type":"Point","coordinates":[27.38630924625297,46.01390972504799]},"id":"+101622-170742","properties":{"count":4,"label":1}},{"type":"Feature","geometry":{"geodesic":false,"type":"Point","coordinates":[27.38421419230221,46.038654843053294]},"id":"+101623-170674","properties":{"count":6372,"label":1}},{"type":"Feature","geometry":{"geodesic":false,"type":"Point","coordinates":[27.387252477301296,46.00555539290568]},"id":"+101624-170711","properties":{"count":1,"label":1}},{"type":"Feature","geometry":{"geodesic":false,"type":"Point","coordinates":[27.389650979109895,45.97688116903658]},"id":"+101635-170604","properties":{"count":10,"label":1}},{"type":"Feature","geometry":{"geodesic":false,"type":"Point","coordinates":[27.39156439066507,45.98830773945058]},"id":"+101641-170646","properties":{"count":9,"label":1}},{"type":"Feature","geometry":{"geodesic":false,"type":"Point","coordinates":[27.39223812712816,45.98722976110964]},"id":"+101643-170643","properties":{"count":2,"label":1}},{"type":"Feature","geometry":{"geodesic":false,"type":"Point","coordinates":[27.39277711629863,45.976180483114966]},"id":"+101645-170602","properties":{"count":2,"label":1}},{"type":"Feature","geometry":{"geodesic":false,"type":"Point","coordinates":[27.393316105469104,45.984939057135136]},"id":"+101647-170634","properties":{"count":4,"label":1}},{"type":"Feature","geometry":{"geodesic":false,"type":"Point","coordinates":[27.39425933651743,45.983995826086804]},"id":"+101651-170631","properties":{"count":3,"label":1}},{"type":"Feature","geometry":{"geodesic":false,"type":"Point","coordinates":[27.394986971897563,46.05581613305216]},"id":"+101651-170893","properties":{"count":30,"label":1}},{"type":"Feature","geometry":{"geodesic":false,"type":"Point","coordinates":[27.395067820273137,45.98291784774587]},"id":"+101654-170627","properties":{"count":3,"label":1}},{"type":"Feature","geometry":{"geodesic":false,"type":"Point","coordinates":[27.395741556736226,45.96189727009747]},"id":"+101657-170549","properties":{"count":4,"label":1}},{"type":"Feature","geometry":{"geodesic":false,"type":"Point","coordinates":[27.389936036058504,46.078423549856055]},"id":"+101657-170946","properties":{"count":1136,"label":1}},{"type":"Feature","geometry":{"geodesic":false,"type":"Point","coordinates":[27.396415293199315,45.9817051221123]},"id":"+101658-170622","properties":{"count":2,"label":1}},{"type":"Feature","geometry":{"geodesic":false,"type":"Point","coordinates":[27.396954282369787,45.96176252280485]},"id":"+101660-170548","properties":{"count":2,"label":1}},{"type":"Feature","geometry":{"geodesic":false,"type":"Point","coordinates":[27.39666553817132,45.98742225724195]},"id":"+101660-170640","properties":{"count":14,"label":1}},{"type":"Feature","geometry":{"geodesic":false,"type":"Point","coordinates":[27.397223776955023,45.974563515603556]},"id":"+101663-170596","properties":{"count":5,"label":1}},{"type":"Feature","geometry":{"geodesic":false,"type":"Point","coordinates":[27.397968850220085,45.98348854216166]},"id":"+101663-170624","properties":{"count":51,"label":1}},{"type":"Feature","geometry":{"geodesic":false,"type":"Point","coordinates":[27.39749327154026,46.0583763316119]},"id":"+101663-170906","properties":{"count":9,"label":1}},{"type":"Feature","geometry":{"geodesic":false,"type":"Point","coordinates":[27.39749327154026,46.067539147509926]},"id":"+101663-170940","properties":{"count":9,"label":1}},{"type":"Feature","geometry":{"geodesic":false,"type":"Point","coordinates":[27.398301755295964,45.98588228818346]},"id":"+101666-170637","properties":{"count":9,"label":1}},{"type":"Feature","geometry":{"geodesic":false,"type":"Point","coordinates":[27.399244986344293,45.9808966383566]},"id":"+101669-170619","properties":{"count":4,"label":1}},{"type":"Feature","geometry":{"geodesic":false,"type":"Point","coordinates":[27.399439621322518,45.97525222398804]},"id":"+101671-170598","properties":{"count":9,"label":1}},{"type":"Feature","geometry":{"geodesic":false,"type":"Point","coordinates":[27.399322997934757,45.99176861728203]},"id":"+101671-170649","properties":{"count":57,"label":1}},{"type":"Feature","geometry":{"geodesic":false,"type":"Point","coordinates":[27.400053470099998,46.067000158339454]},"id":"+101672-170939","properties":{"count":2,"label":1}},{"type":"Feature","geometry":{"geodesic":false,"type":"Point","coordinates":[27.40072720656309,46.08074438218648]},"id":"+101675-170989","properties":{"count":9,"label":1}},{"type":"Feature","geometry":{"geodesic":false,"type":"Point","coordinates":[27.401670437611415,46.01000205356207]},"id":"+101679-170726","properties":{"count":16,"label":1}},{"type":"Feature","geometry":{"geodesic":false,"type":"Point","coordinates":[27.40328740512283,46.081552865942186]},"id":"+101684-170992","properties":{"count":6,"label":1}},{"type":"Feature","geometry":{"geodesic":false,"type":"Point","coordinates":[27.404095888878537,46.081552865942186]},"id":"+101687-170992","properties":{"count":6,"label":1}},{"type":"Feature","geometry":{"geodesic":false,"type":"Point","coordinates":[27.404904372634245,46.081552865942186]},"id":"+101690-170992","properties":{"count":6,"label":1}},{"type":"Feature","geometry":{"geodesic":false,"type":"Point","coordinates":[27.40719507660875,46.08290033886837]},"id":"+101698-170998","properties":{"count":1,"label":1}},{"type":"Feature","geometry":{"geodesic":false,"type":"Point","coordinates":[27.43252756762092,46.040050699815865]},"id":"+101793-170838","properties":{"count":9,"label":1}},{"type":"Feature","geometry":{"geodesic":false,"type":"Point","coordinates":[27.436531487172996,46.03404482048775]},"id":"+101808-170816","properties":{"count":7,"label":1}},{"type":"Feature","geometry":{"geodesic":false,"type":"Point","coordinates":[27.437378470155167,46.03250485142926]},"id":"+101811-170810","properties":{"count":9,"label":1}},{"type":"Feature","geometry":{"geodesic":false,"type":"Point","coordinates":[27.43958342585255,46.02958941000717]},"id":"+101820-170798","properties":{"count":11,"label":1}},{"type":"Feature","geometry":{"geodesic":false,"type":"Point","coordinates":[27.440073416007525,46.12574997792087]},"id":"+101821-171156","properties":{"count":9,"label":1}},{"type":"Feature","geometry":{"geodesic":false,"type":"Point","coordinates":[27.44088189976323,46.01377497775537]},"id":"+101824-170739","properties":{"count":18,"label":1}},{"type":"Feature","geometry":{"geodesic":false,"type":"Point","coordinates":[27.44169038351894,46.00016550120096]},"id":"+101827-170691","properties":{"count":3,"label":1}},{"type":"Feature","geometry":{"geodesic":false,"type":"Point","coordinates":[27.438998415507303,46.01164954394088]},"id":"+101830-170726","properties":{"count":181,"label":1}},{"type":"Feature","geometry":{"geodesic":false,"type":"Point","coordinates":[27.446223219769447,46.03023294940257]},"id":"+101830-170791","properties":{"count":172,"label":1}},{"type":"Feature","geometry":{"geodesic":false,"type":"Point","coordinates":[27.443341037853507,46.09984481091507]},"id":"+101833-171060","properties":{"count":8,"label":1}},{"type":"Feature","geometry":{"geodesic":false,"type":"Point","coordinates":[27.443543158792437,46.00845245969696]},"id":"+101834-170721","properties":{"count":8,"label":1}},{"type":"Feature","geometry":{"geodesic":false,"type":"Point","coordinates":[27.444439228288346,46.02097048318117]},"id":"+101836-170767","properties":{"count":15,"label":1}},{"type":"Feature","geometry":{"geodesic":false,"type":"Point","coordinates":[27.44425058207868,46.11739564577856]},"id":"+101836-171125","properties":{"count":6,"label":1}},{"type":"Feature","geometry":{"geodesic":false,"type":"Point","coordinates":[27.439799807001137,46.003544469569285]},"id":"+101838-170691","properties":{"count":262,"label":1}},{"type":"Feature","geometry":{"geodesic":false,"type":"Point","coordinates":[27.443350301729875,46.01873199378255]},"id":"+101838-170734","properties":{"count":320,"label":1}},{"type":"Feature","geometry":{"geodesic":false,"type":"Point","coordinates":[27.445103981598596,45.675065199878105]},"id":"+101839-169484","properties":{"count":3,"label":1}},{"type":"Feature","geometry":{"geodesic":false,"type":"Point","coordinates":[27.444978217458814,46.07443820889196]},"id":"+101839-170966","properties":{"count":5,"label":1}},{"type":"Feature","geometry":{"geodesic":false,"type":"Point","coordinates":[27.445867549590094,46.05770259514881]},"id":"+101842-170904","properties":{"count":4,"label":1}},{"type":"Feature","geometry":{"geodesic":false,"type":"Point","coordinates":[27.44546330771224,46.0985849237291]},"id":"+101842-171054","properties":{"count":15,"label":1}},{"type":"Feature","geometry":{"geodesic":false,"type":"Point","coordinates":[27.44546330771224,46.11739564577856]},"id":"+101842-171125","properties":{"count":15,"label":1}},{"type":"Feature","geometry":{"geodesic":false,"type":"Point","coordinates":[27.44532856041962,46.12413301040945]},"id":"+101842-171150","properties":{"count":18,"label":1}},{"type":"Feature","geometry":{"geodesic":false,"type":"Point","coordinates":[27.446676033345803,46.000839237664046]},"id":"+101846-170692","properties":{"count":16,"label":1}},{"type":"Feature","geometry":{"geodesic":false,"type":"Point","coordinates":[27.446676033345803,46.05109997781054]},"id":"+101846-170880","properties":{"count":4,"label":1}},{"type":"Feature","geometry":{"geodesic":false,"type":"Point","coordinates":[27.447754011686747,46.00016550120096]},"id":"+101849-170691","properties":{"count":2,"label":1}},{"type":"Feature","geometry":{"geodesic":false,"type":"Point","coordinates":[27.447215022516275,46.09704880459325]},"id":"+101849-171048","properties":{"count":18,"label":1}},{"type":"Feature","geometry":{"geodesic":false,"type":"Point","coordinates":[27.447619264394127,46.12332452665375]},"id":"+101849-171147","properties":{"count":9,"label":1}},{"type":"Feature","geometry":{"geodesic":false,"type":"Point","coordinates":[27.448427748149836,46.05015674676221]},"id":"+101852-170876","properties":{"count":6,"label":1}},{"type":"Feature","geometry":{"geodesic":false,"type":"Point","coordinates":[27.448427748149836,46.05541189117431]},"id":"+101852-170896","properties":{"count":3,"label":1}},{"type":"Feature","geometry":{"geodesic":false,"type":"Point","coordinates":[27.44802350627198,46.11739564577856]},"id":"+101852-171125","properties":{"count":18,"label":1}},{"type":"Feature","geometry":{"geodesic":false,"type":"Point","coordinates":[27.44896673732031,45.67269108091293]},"id":"+101856-169471","properties":{"count":21,"label":1}},{"type":"Feature","geometry":{"geodesic":false,"type":"Point","coordinates":[27.44937097919816,46.12231392195911]},"id":"+101856-171141","properties":{"count":12,"label":1}},{"type":"Feature","geometry":{"geodesic":false,"type":"Point","coordinates":[27.45017946295387,45.93171387655105]},"id":"+101858-170436","properties":{"count":6,"label":1}},{"type":"Feature","geometry":{"geodesic":false,"type":"Point","coordinates":[27.45017946295387,45.94195467079001]},"id":"+101858-170475","properties":{"count":2,"label":1}},{"type":"Feature","geometry":{"geodesic":false,"type":"Point","coordinates":[27.45067353636013,45.91603827484317]},"id":"+101861-170378","properties":{"count":6,"label":1}},{"type":"Feature","geometry":{"geodesic":false,"type":"Point","coordinates":[27.450853199416958,45.91743066353355]},"id":"+101861-170383","properties":{"count":9,"label":1}},{"type":"Feature","geometry":{"geodesic":false,"type":"Point","coordinates":[27.449813720302476,46.09529708978921]},"id":"+101861-171041","properties":{"count":21,"label":1}},{"type":"Feature","geometry":{"geodesic":false,"type":"Point","coordinates":[27.452470166928375,45.92093409314162]},"id":"+101867-170396","properties":{"count":9,"label":1}},{"type":"Feature","geometry":{"geodesic":false,"type":"Point","coordinates":[27.45104642194977,46.05227456741788]},"id":"+101870-170876","properties":{"count":53,"label":1}},{"type":"Feature","geometry":{"geodesic":false,"type":"Point","coordinates":[27.453979336605695,45.92292835307236]},"id":"+101871-170400","properties":{"count":15,"label":1}},{"type":"Feature","geometry":{"geodesic":false,"type":"Point","coordinates":[27.45408713443979,45.91972136750805]},"id":"+101873-170392","properties":{"count":6,"label":1}},{"type":"Feature","geometry":{"geodesic":false,"type":"Point","coordinates":[27.4533002102509,46.09290397787232]},"id":"+101873-171033","properties":{"count":25,"label":1}},{"type":"Feature","geometry":{"geodesic":false,"type":"Point","coordinates":[27.45271191942395,45.926526105785264]},"id":"+101874-170409","properties":{"count":68,"label":1}},{"type":"Feature","geometry":{"geodesic":false,"type":"Point","coordinates":[27.454895618195497,46.07158156628846]},"id":"+101876-170955","properties":{"count":9,"label":1}},{"type":"Feature","geometry":{"geodesic":false,"type":"Point","coordinates":[27.455030365488113,45.91871076281342]},"id":"+101877-170388","properties":{"count":4,"label":1}},{"type":"Feature","geometry":{"geodesic":false,"type":"Point","coordinates":[27.455501981012276,45.92733458954097]},"id":"+101877-170418","properties":{"count":8,"label":1}},{"type":"Feature","geometry":{"geodesic":false,"type":"Point","coordinates":[27.45580112000189,45.91545796316962]},"id":"+101882-170375","properties":{"count":25,"label":1}},{"type":"Feature","geometry":{"geodesic":false,"type":"Point","coordinates":[27.456178412421217,46.091319349711135]},"id":"+101883-171026","properties":{"count":25,"label":1}},{"type":"Feature","geometry":{"geodesic":false,"type":"Point","coordinates":[27.458852933420804,46.089453312467256]},"id":"+101893-171019","properties":{"count":19,"label":1}},{"type":"Feature","geometry":{"geodesic":false,"type":"Point","coordinates":[27.460734667542273,46.05158506806396]},"id":"+101901-170876","properties":{"count":90,"label":1}},{"type":"Feature","geometry":{"geodesic":false,"type":"Point","coordinates":[27.462710961167335,45.90018301007846]},"id":"+101904-170320","properties":{"count":1,"label":1}},{"type":"Feature","geometry":{"geodesic":false,"type":"Point","coordinates":[27.465237472903922,45.93194968431313]},"id":"+101910-170435","properties":{"count":24,"label":1}},{"type":"Feature","geometry":{"geodesic":false,"type":"Point","coordinates":[27.46389673734237,45.934193226735225]},"id":"+101910-170445","properties":{"count":15,"label":1}},{"type":"Feature","geometry":{"geodesic":false,"type":"Point","coordinates":[27.46290535070423,46.056816797372754]},"id":"+101914-170893","properties":{"count":183,"label":1}},{"type":"Feature","geometry":{"geodesic":false,"type":"Point","coordinates":[27.46434865903146,46.11825595541604]},"id":"+101914-171114","properties":{"count":104,"label":1}},{"type":"Feature","geometry":{"geodesic":false,"type":"Point","coordinates":[27.46522934160178,46.12463018145463]},"id":"+101915-171147","properties":{"count":58,"label":1}},{"type":"Feature","geometry":{"geodesic":false,"type":"Point","coordinates":[27.46648388536064,46.12103382267924]},"id":"+101918-171139","properties":{"count":2,"label":1}},{"type":"Feature","geometry":{"geodesic":false,"type":"Point","coordinates":[27.468619629948634,45.93714756112587]},"id":"+101923-170448","properties":{"count":80,"label":1}},{"type":"Feature","geometry":{"geodesic":false,"type":"Point","coordinates":[27.468639842042524,45.91796965270402]},"id":"+101926-170386","properties":{"count":1,"label":1}},{"type":"Feature","geometry":{"geodesic":false,"type":"Point","coordinates":[27.46529177941954,46.06306707188375]},"id":"+101926-170903","properties":{"count":281,"label":1}},{"type":"Feature","geometry":{"geodesic":false,"type":"Point","coordinates":[27.46923273013004,45.918885934293826]},"id":"+101929-170389","properties":{"count":5,"label":1}},{"type":"Feature","geometry":{"geodesic":false,"type":"Point","coordinates":[27.469987314968705,46.073333281092495]},"id":"+101932-170961","properties":{"count":12,"label":1}},{"type":"Feature","geometry":{"geodesic":false,"type":"Point","coordinates":[27.470526304139177,46.11141286598632]},"id":"+101932-171101","properties":{"count":15,"label":1}},{"type":"Feature","geometry":{"geodesic":false,"type":"Point","coordinates":[27.4698029239367,45.93571374355297]},"id":"+101934-170451","properties":{"count":19,"label":1}},{"type":"Feature","geometry":{"geodesic":false,"type":"Point","coordinates":[27.471065293309646,45.92147308231209]},"id":"+101935-170399","properties":{"count":1,"label":1}},{"type":"Feature","geometry":{"geodesic":false,"type":"Point","coordinates":[27.47079579872441,46.075084995896525]},"id":"+101935-170968","properties":{"count":9,"label":1}},{"type":"Feature","geometry":{"geodesic":false,"type":"Point","coordinates":[27.47079579872441,46.07670196340794]},"id":"+101935-170974","properties":{"count":9,"label":1}},{"type":"Feature","geometry":{"geodesic":false,"type":"Point","coordinates":[27.47079579872441,46.10472940027247]},"id":"+101935-171079","properties":{"count":3,"label":1}},{"type":"Feature","geometry":{"geodesic":false,"type":"Point","coordinates":[27.477511926823066,45.931572399371454]},"id":"+101938-170403","properties":{"count":901,"label":1}},{"type":"Feature","geometry":{"geodesic":false,"type":"Point","coordinates":[27.47160428248012,45.9336003386477]},"id":"+101938-170444","properties":{"count":3,"label":1}},{"type":"Feature","geometry":{"geodesic":false,"type":"Point","coordinates":[27.47160428248012,46.10594212590603]},"id":"+101938-171083","properties":{"count":6,"label":1}},{"type":"Feature","geometry":{"geodesic":false,"type":"Point","coordinates":[27.472412766235827,46.083708822624075]},"id":"+101941-171001","properties":{"count":3,"label":1}},{"type":"Feature","geometry":{"geodesic":false,"type":"Point","coordinates":[27.47349074457677,46.06780864209516]},"id":"+101946-170942","properties":{"count":5,"label":1}},{"type":"Feature","geometry":{"geodesic":false,"type":"Point","coordinates":[27.47333842155033,46.07013449753731]},"id":"+101948-170946","properties":{"count":46,"label":1}},{"type":"Feature","geometry":{"geodesic":false,"type":"Point","coordinates":[27.4759835694902,45.94326845689304]},"id":"+101954-170476","properties":{"count":24,"label":1}},{"type":"Feature","geometry":{"geodesic":false,"type":"Point","coordinates":[27.47733104241638,45.94155042891216]},"id":"+101957-170472","properties":{"count":12,"label":1}},{"type":"Feature","geometry":{"geodesic":false,"type":"Point","coordinates":[27.477128921477455,46.06875187314348]},"id":"+101960-170943","properties":{"count":18,"label":1}},{"type":"Feature","geometry":{"geodesic":false,"type":"Point","coordinates":[27.4780604353699,45.94865688395327]},"id":"+101963-170495","properties":{"count":46,"label":1}},{"type":"Feature","geometry":{"geodesic":false,"type":"Point","coordinates":[27.478611141696252,46.0688866204361]},"id":"+101963-170946","properties":{"count":1,"label":1}},{"type":"Feature","geometry":{"geodesic":false,"type":"Point","coordinates":[27.479082757220414,45.944705761347635]},"id":"+101966-170479","properties":{"count":72,"label":1}},{"type":"Feature","geometry":{"geodesic":false,"type":"Point","coordinates":[27.481575582133846,46.054333912833364]},"id":"+101974-170892","properties":{"count":1,"label":1}},{"type":"Feature","geometry":{"geodesic":false,"type":"Point","coordinates":[27.481845076719082,46.05824158431928]},"id":"+101975-170906","properties":{"count":2,"label":1}},{"type":"Feature","geometry":{"geodesic":false,"type":"Point","coordinates":[27.482923055060024,46.0583763316119]},"id":"+101979-170906","properties":{"count":3,"label":1}},{"type":"Feature","geometry":{"geodesic":false,"type":"Point","coordinates":[27.48332729693788,45.940472450571214]},"id":"+101982-170467","properties":{"count":24,"label":1}},{"type":"Feature","geometry":{"geodesic":false,"type":"Point","coordinates":[27.483070052106516,45.94278765405347]},"id":"+101982-170476","properties":{"count":33,"label":1}},{"type":"Feature","geometry":{"geodesic":false,"type":"Point","coordinates":[27.483731538815732,46.05641287106233]},"id":"+101985-170897","properties":{"count":21,"label":1}},{"type":"Feature","geometry":{"geodesic":false,"type":"Point","coordinates":[27.484270527986205,46.06376622331662]},"id":"+101985-170924","properties":{"count":21,"label":1}},{"type":"Feature","geometry":{"geodesic":false,"type":"Point","coordinates":[27.48858244134998,45.62987994108689]},"id":"+102000-169316","properties":{"count":3,"label":1}},{"type":"Feature","geometry":{"geodesic":false,"type":"Point","coordinates":[27.493788936569423,46.08071464575637]},"id":"+102003-170876","properties":{"count":16458,"label":1}},{"type":"Feature","geometry":{"geodesic":false,"type":"Point","coordinates":[27.488807020171006,46.0538398394271]},"id":"+102003-170890","properties":{"count":6,"label":1}},{"type":"Feature","geometry":{"geodesic":false,"type":"Point","coordinates":[27.490815396484788,45.63419185445066]},"id":"+102009-169332","properties":{"count":7,"label":1}},{"type":"Feature","geometry":{"geodesic":false,"type":"Point","coordinates":[27.49146988333465,45.637387290247034]},"id":"+102012-169344","properties":{"count":7,"label":1}},{"type":"Feature","geometry":{"geodesic":false,"type":"Point","coordinates":[27.495050311395637,46.069156115021336]},"id":"+102025-170946","properties":{"count":9,"label":1}},{"type":"Feature","geometry":{"geodesic":false,"type":"Point","coordinates":[27.494143829608937,45.935033559851]},"id":"+102028-170448","properties":{"count":66,"label":1}},{"type":"Feature","geometry":{"geodesic":false,"type":"Point","coordinates":[27.497595538033977,45.938466213103354]},"id":"+102033-170459","properties":{"count":18,"label":1}},{"type":"Feature","geometry":{"geodesic":false,"type":"Point","coordinates":[27.498284246418468,45.628262973575474]},"id":"+102037-169310","properties":{"count":9,"label":1}},{"type":"Feature","geometry":{"geodesic":false,"type":"Point","coordinates":[27.498553741003704,45.93629528450006]},"id":"+102037-170454","properties":{"count":1,"label":1}},{"type":"Feature","geometry":{"geodesic":false,"type":"Point","coordinates":[27.499766466637265,45.941011439741686]},"id":"+102042-170471","properties":{"count":4,"label":1}},{"type":"Feature","geometry":{"geodesic":false,"type":"Point","coordinates":[27.50017070851512,45.97995340730827]},"id":"+102043-170615","properties":{"count":3,"label":1}},{"type":"Feature","geometry":{"geodesic":false,"type":"Point","coordinates":[27.500709697685593,45.98221716182425]},"id":"+102043-170621","properties":{"count":15,"label":1}},{"type":"Feature","geometry":{"geodesic":false,"type":"Point","coordinates":[27.500440203100357,45.94249365996048]},"id":"+102044-170476","properties":{"count":3,"label":1}},{"type":"Feature","geometry":{"geodesic":false,"type":"Point","coordinates":[27.50084444497821,46.001243479541905]},"id":"+102047-170695","properties":{"count":4,"label":1}},{"type":"Feature","geometry":{"geodesic":false,"type":"Point","coordinates":[27.50108699010492,45.95664212568537]},"id":"+102050-170525","properties":{"count":30,"label":1}},{"type":"Feature","geometry":{"geodesic":false,"type":"Point","coordinates":[27.501787676026535,46.03573878645209]},"id":"+102050-170822","properties":{"count":9,"label":1}},{"type":"Feature","geometry":{"geodesic":false,"type":"Point","coordinates":[27.503373548008884,45.94811158554502]},"id":"+102053-170493","properties":{"count":26,"label":1}},{"type":"Feature","geometry":{"geodesic":false,"type":"Point","coordinates":[27.502596159782243,45.984265320672044]},"id":"+102053-170631","properties":{"count":9,"label":1}},{"type":"Feature","geometry":{"geodesic":false,"type":"Point","coordinates":[27.502619594094003,46.00732468344353]},"id":"+102053-170714","properties":{"count":23,"label":1}},{"type":"Feature","geometry":{"geodesic":false,"type":"Point","coordinates":[27.50251916132932,46.03165786844709]},"id":"+102053-170807","properties":{"count":7,"label":1}},{"type":"Feature","geometry":{"geodesic":false,"type":"Point","coordinates":[27.50025944453709,46.04888486378067]},"id":"+102053-170859","properties":{"count":82,"label":1}},{"type":"Feature","geometry":{"geodesic":false,"type":"Point","coordinates":[27.501922423319154,46.02961740944459]},"id":"+102056-170798","properties":{"count":42,"label":1}},{"type":"Feature","geometry":{"geodesic":false,"type":"Point","coordinates":[27.518350330153194,45.96928706673532]},"id":"+102057-170515","properties":{"count":993,"label":1}},{"type":"Feature","geometry":{"geodesic":false,"type":"Point","coordinates":[27.504213127293657,45.951252233980654]},"id":"+102059-170507","properties":{"count":18,"label":1}},{"type":"Feature","geometry":{"geodesic":false,"type":"Point","coordinates":[27.503808885415804,46.019164869460084]},"id":"+102059-170760","properties":{"count":24,"label":1}},{"type":"Feature","geometry":{"geodesic":false,"type":"Point","coordinates":[27.505021611049365,46.02832768535811]},"id":"+102062-170794","properties":{"count":12,"label":1}},{"type":"Feature","geometry":{"geodesic":false,"type":"Point","coordinates":[27.505021611049365,46.06417046519447]},"id":"+102062-170927","properties":{"count":12,"label":1}},{"type":"Feature","geometry":{"geodesic":false,"type":"Point","coordinates":[27.50676897916654,46.03380016411314]},"id":"+102068-170804","properties":{"count":93,"label":1}},{"type":"Feature","geometry":{"geodesic":false,"type":"Point","coordinates":[27.507413375493332,45.823410740109395]},"id":"+102070-170034","properties":{"count":8,"label":1}},{"type":"Feature","geometry":{"geodesic":false,"type":"Point","coordinates":[27.507447062316487,46.02091658426412]},"id":"+102071-170767","properties":{"count":9,"label":1}},{"type":"Feature","geometry":{"geodesic":false,"type":"Point","coordinates":[27.50798605148696,45.82432028433456]},"id":"+102072-170038","properties":{"count":2,"label":1}},{"type":"Feature","geometry":{"geodesic":false,"type":"Point","coordinates":[27.508255546072196,45.83496532045138]},"id":"+102074-170077","properties":{"count":9,"label":1}},{"type":"Feature","geometry":{"geodesic":false,"type":"Point","coordinates":[27.508255546072196,46.009058822513744]},"id":"+102074-170723","properties":{"count":9,"label":1}},{"type":"Feature","geometry":{"geodesic":false,"type":"Point","coordinates":[27.506431275033677,46.01246896553461]},"id":"+102074-170730","properties":{"count":156,"label":1}},{"type":"Feature","geometry":{"geodesic":false,"type":"Point","coordinates":[27.507716556901723,46.0260369813836]},"id":"+102074-170785","properties":{"count":27,"label":1}},{"type":"Feature","geometry":{"geodesic":false,"type":"Point","coordinates":[27.508255546072196,46.03304384059973]},"id":"+102074-170813","properties":{"count":3,"label":1}},{"type":"Feature","geometry":{"geodesic":false,"type":"Point","coordinates":[27.509064029827904,45.608320374268025]},"id":"+102077-169236","properties":{"count":9,"label":1}},{"type":"Feature","geometry":{"geodesic":false,"type":"Point","coordinates":[27.509064029827904,45.61155430929085]},"id":"+102077-169248","properties":{"count":9,"label":1}},{"type":"Feature","geometry":{"geodesic":false,"type":"Point","coordinates":[27.509064029827904,45.996662071592894]},"id":"+102077-170677","properties":{"count":9,"label":1}},{"type":"Feature","geometry":{"geodesic":false,"type":"Point","coordinates":[27.510680997339318,45.60751189051231]},"id":"+102082-169234","properties":{"count":1,"label":1}},{"type":"Feature","geometry":{"geodesic":false,"type":"Point","coordinates":[27.51024980600294,45.62376241400204]},"id":"+102083-169292","properties":{"count":10,"label":1}},{"type":"Feature","geometry":{"geodesic":false,"type":"Point","coordinates":[27.511085239217174,45.941415681619546]},"id":"+102084-170473","properties":{"count":2,"label":1}},{"type":"Feature","geometry":{"geodesic":false,"type":"Point","coordinates":[27.51041150275408,46.021725068019826]},"id":"+102084-170770","properties":{"count":21,"label":1}},{"type":"Feature","geometry":{"geodesic":false,"type":"Point","coordinates":[27.510065009715923,46.028880424252314]},"id":"+102084-170794","properties":{"count":49,"label":1}},{"type":"Feature","geometry":{"geodesic":false,"type":"Point","coordinates":[27.510180507395308,46.05549438951673]},"id":"+102084-170890","properties":{"count":49,"label":1}},{"type":"Feature","geometry":{"geodesic":false,"type":"Point","coordinates":[27.51252254367176,46.01000205356207]},"id":"+102087-170723","properties":{"count":54,"label":1}},{"type":"Feature","geometry":{"geodesic":false,"type":"Point","coordinates":[27.512234554360088,45.62217556647368]},"id":"+102090-169285","properties":{"count":17,"label":1}},{"type":"Feature","geometry":{"geodesic":false,"type":"Point","coordinates":[27.512045313677074,45.8410205269134]},"id":"+102090-170099","properties":{"count":32,"label":1}},{"type":"Feature","geometry":{"geodesic":false,"type":"Point","coordinates":[27.51256745943597,46.01417921963322]},"id":"+102090-170742","properties":{"count":9,"label":1}},{"type":"Feature","geometry":{"geodesic":false,"type":"Point","coordinates":[27.51256745943597,46.01660467090035]},"id":"+102090-170751","properties":{"count":9,"label":1}},{"type":"Feature","geometry":{"geodesic":false,"type":"Point","coordinates":[27.51256745943597,46.021725068019826]},"id":"+102090-170770","properties":{"count":9,"label":1}},{"type":"Feature","geometry":{"geodesic":false,"type":"Point","coordinates":[27.512702206728587,46.04503634964273]},"id":"+102090-170857","properties":{"count":4,"label":1}},{"type":"Feature","geometry":{"geodesic":false,"type":"Point","coordinates":[27.511471905361205,45.83410996807215]},"id":"+102091-170067","properties":{"count":46,"label":1}},{"type":"Feature","geometry":{"geodesic":false,"type":"Point","coordinates":[27.51310644860644,46.07077308253275]},"id":"+102091-170952","properties":{"count":3,"label":1}},{"type":"Feature","geometry":{"geodesic":false,"type":"Point","coordinates":[27.512019087475295,45.99828894316063]},"id":"+102093-170646","properties":{"count":517,"label":1}},{"type":"Feature","geometry":{"geodesic":false,"type":"Point","coordinates":[27.513375943191676,46.01188851565872]},"id":"+102093-170734","properties":{"count":6,"label":1}},{"type":"Feature","geometry":{"geodesic":false,"type":"Point","coordinates":[27.512836954021203,46.029540410991665]},"id":"+102093-170798","properties":{"count":27,"label":1}},{"type":"Feature","geometry":{"geodesic":false,"type":"Point","coordinates":[27.514184426947384,45.61586622265463]},"id":"+102096-169264","properties":{"count":9,"label":1}},{"type":"Feature","geometry":{"geodesic":false,"type":"Point","coordinates":[27.511624228387642,45.98454323696307]},"id":"+102096-170624","properties":{"count":96,"label":1}},{"type":"Feature","geometry":{"geodesic":false,"type":"Point","coordinates":[27.51431917424,45.999087522860016]},"id":"+102096-170686","properties":{"count":6,"label":1}},{"type":"Feature","geometry":{"geodesic":false,"type":"Point","coordinates":[27.51421811377054,46.005386958789906]},"id":"+102096-170708","properties":{"count":16,"label":1}},{"type":"Feature","geometry":{"geodesic":false,"type":"Point","coordinates":[27.514184426947384,46.02091658426412]},"id":"+102096-170767","properties":{"count":9,"label":1}},{"type":"Feature","geometry":{"geodesic":false,"type":"Point","coordinates":[27.515801394458798,46.01256225212181]},"id":"+102102-170736","properties":{"count":9,"label":1}},{"type":"Feature","geometry":{"geodesic":false,"type":"Point","coordinates":[27.51657619139135,45.94764774390312]},"id":"+102104-170495","properties":{"count":8,"label":1}},{"type":"Feature","geometry":{"geodesic":false,"type":"Point","coordinates":[27.516609878214506,46.000839237664046]},"id":"+102105-170692","properties":{"count":12,"label":1}},{"type":"Feature","geometry":{"geodesic":false,"type":"Point","coordinates":[27.517418361970215,46.00744185500233]},"id":"+102108-170717","properties":{"count":9,"label":1}},{"type":"Feature","geometry":{"geodesic":false,"type":"Point","coordinates":[27.517495360423137,46.01656617167388]},"id":"+102108-170751","properties":{"count":7,"label":1}},{"type":"Feature","geometry":{"geodesic":false,"type":"Point","coordinates":[27.519672076491844,46.04002749525226]},"id":"+102108-170785","properties":{"count":2346,"label":1}},{"type":"Feature","geometry":{"geodesic":false,"type":"Point","coordinates":[27.517108443197195,46.07369709878257]},"id":"+102108-170961","properties":{"count":20,"label":1}},{"type":"Feature","geometry":{"geodesic":false,"type":"Point","coordinates":[27.51828074464297,46.01434091638437]},"id":"+102111-170743","properties":{"count":5,"label":1}},{"type":"Feature","geometry":{"geodesic":false,"type":"Point","coordinates":[27.517461481103854,46.0332378767011]},"id":"+102111-170810","properties":{"count":25,"label":1}},{"type":"Feature","geometry":{"geodesic":false,"type":"Point","coordinates":[27.519170076774248,46.01256225212181]},"id":"+102115-170736","properties":{"count":12,"label":1}},{"type":"Feature","geometry":{"geodesic":false,"type":"Point","coordinates":[27.5195743186521,46.02334203553124]},"id":"+102115-170776","properties":{"count":3,"label":1}},{"type":"Feature","geometry":{"geodesic":false,"type":"Point","coordinates":[27.519170076774248,46.085864779305965]},"id":"+102115-171008","properties":{"count":12,"label":1}},{"type":"Feature","geometry":{"geodesic":false,"type":"Point","coordinates":[27.519075753669412,45.94761405707997]},"id":"+102116-170495","properties":{"count":20,"label":1}},{"type":"Feature","geometry":{"geodesic":false,"type":"Point","coordinates":[27.520113307822573,46.07077308253275]},"id":"+102118-170952","properties":{"count":9,"label":1}},{"type":"Feature","geometry":{"geodesic":false,"type":"Point","coordinates":[27.520652296993045,46.066730663754214]},"id":"+102119-170937","properties":{"count":3,"label":1}},{"type":"Feature","geometry":{"geodesic":false,"type":"Point","coordinates":[27.52092179157828,46.002860447053315]},"id":"+102121-170701","properties":{"count":3,"label":1}},{"type":"Feature","geometry":{"geodesic":false,"type":"Point","coordinates":[27.5215884360786,46.01298776988797]},"id":"+102121-170731","properties":{"count":38,"label":1}},{"type":"Feature","geometry":{"geodesic":false,"type":"Point","coordinates":[27.52092179157828,46.03452606081853]},"id":"+102121-170816","properties":{"count":18,"label":1}},{"type":"Feature","geometry":{"geodesic":false,"type":"Point","coordinates":[27.52173027533399,45.94667082603164]},"id":"+102124-170491","properties":{"count":12,"label":1}},{"type":"Feature","geometry":{"geodesic":false,"type":"Point","coordinates":[27.52173027533399,45.986690771939166]},"id":"+102124-170640","properties":{"count":9,"label":1}},{"type":"Feature","geometry":{"geodesic":false,"type":"Point","coordinates":[27.521999769919223,46.00663337124662]},"id":"+102124-170714","properties":{"count":3,"label":1}},{"type":"Feature","geometry":{"geodesic":false,"type":"Point","coordinates":[27.521932396272916,46.01013680085469]},"id":"+102124-170727","properties":{"count":4,"label":1}},{"type":"Feature","geometry":{"geodesic":false,"type":"Point","coordinates":[27.52280825367493,46.00528589832044]},"id":"+102127-170710","properties":{"count":1,"label":1}},{"type":"Feature","geometry":{"geodesic":false,"type":"Point","coordinates":[27.52185642173559,46.063473793022]},"id":"+102127-170918","properties":{"count":47,"label":1}},{"type":"Feature","geometry":{"geodesic":false,"type":"Point","coordinates":[27.522538759089695,46.06834763126563]},"id":"+102127-170943","properties":{"count":9,"label":1}},{"type":"Feature","geometry":{"geodesic":false,"type":"Point","coordinates":[27.523347242845404,45.98830773945058]},"id":"+102130-170646","properties":{"count":9,"label":1}},{"type":"Feature","geometry":{"geodesic":false,"type":"Point","coordinates":[27.523347242845404,46.00016550120096]},"id":"+102130-170691","properties":{"count":3,"label":1}},{"type":"Feature","geometry":{"geodesic":false,"type":"Point","coordinates":[27.52354936378433,46.01586356079095]},"id":"+102130-170748","properties":{"count":4,"label":1}},{"type":"Feature","geometry":{"geodesic":false,"type":"Point","coordinates":[27.524122039777957,46.062452437213594]},"id":"+102132-170921","properties":{"count":8,"label":1}},{"type":"Feature","geometry":{"geodesic":false,"type":"Point","coordinates":[27.524155726601112,45.944919111227605]},"id":"+102133-170485","properties":{"count":9,"label":1}},{"type":"Feature","geometry":{"geodesic":false,"type":"Point","coordinates":[27.525149487884168,45.99242426924006]},"id":"+102133-170652","properties":{"count":80,"label":1}},{"type":"Feature","geometry":{"geodesic":false,"type":"Point","coordinates":[27.52450221963927,46.02873192723596]},"id":"+102133-170794","properties":{"count":21,"label":1}},{"type":"Feature","geometry":{"geodesic":false,"type":"Point","coordinates":[27.52505404188523,46.005076291420814]},"id":"+102136-170708","properties":{"count":9,"label":1}},{"type":"Feature","geometry":{"geodesic":false,"type":"Point","coordinates":[27.524964210356817,46.00663337124662]},"id":"+102136-170714","properties":{"count":9,"label":1}},{"type":"Feature","geometry":{"geodesic":false,"type":"Point","coordinates":[27.524964210356817,46.02105133155674]},"id":"+102136-170768","properties":{"count":6,"label":1}},{"type":"Feature","geometry":{"geodesic":false,"type":"Point","coordinates":[27.524964210356817,46.06592217999851]},"id":"+102136-170934","properties":{"count":9,"label":1}},{"type":"Feature","geometry":{"geodesic":false,"type":"Point","coordinates":[27.5242695370634,46.02323251980338]},"id":"+102137-170757","properties":{"count":251,"label":1}},{"type":"Feature","geometry":{"geodesic":false,"type":"Point","coordinates":[27.526096087614807,45.94416452638895]},"id":"+102139-170482","properties":{"count":15,"label":1}},{"type":"Feature","geometry":{"geodesic":false,"type":"Point","coordinates":[27.524137140767646,46.0021495389233]},"id":"+102139-170692","properties":{"count":58,"label":1}},{"type":"Feature","geometry":{"geodesic":false,"type":"Point","coordinates":[27.525772694112526,46.015526692559405]},"id":"+102139-170748","properties":{"count":3,"label":1}},{"type":"Feature","geometry":{"geodesic":false,"type":"Point","coordinates":[27.525430643292804,46.016697957487544]},"id":"+102139-170751","properties":{"count":26,"label":1}},{"type":"Feature","geometry":{"geodesic":false,"type":"Point","coordinates":[27.52693152082904,46.06461513126011]},"id":"+102141-170927","properties":{"count":20,"label":1}},{"type":"Feature","geometry":{"geodesic":false,"type":"Point","coordinates":[27.525772694112526,45.843589147178925]},"id":"+102142-170108","properties":{"count":27,"label":1}},{"type":"Feature","geometry":{"geodesic":false,"type":"Point","coordinates":[27.52617693599038,46.00865458063589]},"id":"+102142-170720","properties":{"count":18,"label":1}},{"type":"Feature","geometry":{"geodesic":false,"type":"Point","coordinates":[27.527389661623943,45.943302143716195]},"id":"+102145-170479","properties":{"count":9,"label":1}},{"type":"Feature","geometry":{"geodesic":false,"type":"Point","coordinates":[27.52752440891656,46.00528589832044]},"id":"+102145-170710","properties":{"count":2,"label":1}},{"type":"Feature","geometry":{"geodesic":false,"type":"Point","coordinates":[27.527389661623943,46.00663337124662]},"id":"+102145-170714","properties":{"count":9,"label":1}},{"type":"Feature","geometry":{"geodesic":false,"type":"Point","coordinates":[27.528332892672267,45.8441281363494]},"id":"+102149-170111","properties":{"count":12,"label":1}},{"type":"Feature","geometry":{"geodesic":false,"type":"Point","coordinates":[27.528332892672267,45.999087522860016]},"id":"+102149-170686","properties":{"count":12,"label":1}},{"type":"Feature","geometry":{"geodesic":false,"type":"Point","coordinates":[27.528332892672267,46.017413154656055]},"id":"+102152-170754","properties":{"count":30,"label":1}},{"type":"Feature","geometry":{"geodesic":false,"type":"Point","coordinates":[27.529276123720592,46.02253355177554]},"id":"+102152-170773","properties":{"count":9,"label":1}},{"type":"Feature","geometry":{"geodesic":false,"type":"Point","coordinates":[27.52671592516085,46.06775964307966]},"id":"+102152-170937","properties":{"count":66,"label":1}},{"type":"Feature","geometry":{"geodesic":false,"type":"Point","coordinates":[27.5300846074763,45.8441281363494]},"id":"+102155-170111","properties":{"count":9,"label":1}},{"type":"Feature","geometry":{"geodesic":false,"type":"Point","coordinates":[27.530185667945762,45.94283052819203]},"id":"+102155-170476","properties":{"count":24,"label":1}},{"type":"Feature","geometry":{"geodesic":false,"type":"Point","coordinates":[27.530623596646773,46.021186078849354]},"id":"+102156-170769","properties":{"count":1,"label":1}},{"type":"Feature","geometry":{"geodesic":false,"type":"Point","coordinates":[27.530488849354153,46.01417921963322]},"id":"+102158-170742","properties":{"count":18,"label":1}},{"type":"Feature","geometry":{"geodesic":false,"type":"Point","coordinates":[27.53210581686557,45.84453237822725]},"id":"+102161-170111","properties":{"count":18,"label":1}},{"type":"Feature","geometry":{"geodesic":false,"type":"Point","coordinates":[27.531701574987714,45.84844004971317]},"id":"+102161-170127","properties":{"count":9,"label":1}},{"type":"Feature","geometry":{"geodesic":false,"type":"Point","coordinates":[27.531906390872493,45.96238236035089]},"id":"+102161-170547","properties":{"count":25,"label":1}},{"type":"Feature","geometry":{"geodesic":false,"type":"Point","coordinates":[27.53197106957295,46.021994562605066]},"id":"+102161-170772","properties":{"count":1,"label":1}},{"type":"Feature","geometry":{"geodesic":false,"type":"Point","coordinates":[27.532240564158187,46.01498770338893]},"id":"+102162-170745","properties":{"count":3,"label":1}},{"type":"Feature","geometry":{"geodesic":false,"type":"Point","coordinates":[27.531405130943956,46.01638907523216]},"id":"+102163-170751","properties":{"count":10,"label":1}},{"type":"Feature","geometry":{"geodesic":false,"type":"Point","coordinates":[27.53210581686557,45.97281180079952]},"id":"+102164-170587","properties":{"count":18,"label":1}},{"type":"Feature","geometry":{"geodesic":false,"type":"Point","coordinates":[27.533049047913895,46.031831114966174]},"id":"+102165-170808","properties":{"count":2,"label":1}},{"type":"Feature","geometry":{"geodesic":false,"type":"Point","coordinates":[27.534127026254836,45.848035807835316]},"id":"+102167-170120","properties":{"count":42,"label":1}},{"type":"Feature","geometry":{"geodesic":false,"type":"Point","coordinates":[27.53331854249913,45.943302143716195]},"id":"+102167-170479","properties":{"count":9,"label":1}},{"type":"Feature","geometry":{"geodesic":false,"type":"Point","coordinates":[27.53472665170699,45.965589345915205]},"id":"+102167-170556","properties":{"count":40,"label":1}},{"type":"Feature","geometry":{"geodesic":false,"type":"Point","coordinates":[27.53331854249913,45.9741592737257]},"id":"+102167-170593","properties":{"count":12,"label":1}},{"type":"Feature","geometry":{"geodesic":false,"type":"Point","coordinates":[27.53331854249913,46.02280304636077]},"id":"+102167-170775","properties":{"count":3,"label":1}},{"type":"Feature","geometry":{"geodesic":false,"type":"Point","coordinates":[27.534127026254836,46.025767486798365]},"id":"+102170-170785","properties":{"count":9,"label":1}},{"type":"Feature","geometry":{"geodesic":false,"type":"Point","coordinates":[27.53194885848076,46.0017661805781]},"id":"+102171-170674","properties":{"count":182,"label":1}},{"type":"Feature","geometry":{"geodesic":false,"type":"Point","coordinates":[27.534935510010545,45.97671947228544]},"id":"+102173-170603","properties":{"count":9,"label":1}},{"type":"Feature","geometry":{"geodesic":false,"type":"Point","coordinates":[27.534935510010545,45.99342813657006]},"id":"+102173-170665","properties":{"count":9,"label":1}},{"type":"Feature","geometry":{"geodesic":false,"type":"Point","coordinates":[27.535743993766253,46.025767486798365]},"id":"+102176-170785","properties":{"count":9,"label":1}},{"type":"Feature","geometry":{"geodesic":false,"type":"Point","coordinates":[27.5365139782955,45.943379142169114]},"id":"+102177-170479","properties":{"count":7,"label":1}},{"type":"Feature","geometry":{"geodesic":false,"type":"Point","coordinates":[27.536282982936726,46.009328317098976]},"id":"+102177-170725","properties":{"count":1,"label":1}},{"type":"Feature","geometry":{"geodesic":false,"type":"Point","coordinates":[27.535434074993233,46.021657694373516]},"id":"+102177-170768","properties":{"count":20,"label":1}},{"type":"Feature","geometry":{"geodesic":false,"type":"Point","coordinates":[27.537495708570287,46.0042079199795]},"id":"+102183-170705","properties":{"count":12,"label":1}},{"type":"Feature","geometry":{"geodesic":false,"type":"Point","coordinates":[27.5364061804614,46.01498770338893]},"id":"+102183-170742","properties":{"count":105,"label":1}},{"type":"Feature","geometry":{"geodesic":false,"type":"Point","coordinates":[27.53843893961861,45.97671947228544]},"id":"+102186-170603","properties":{"count":9,"label":1}},{"type":"Feature","geometry":{"geodesic":false,"type":"Point","coordinates":[27.536979951691645,46.017403861739325]},"id":"+102186-170754","properties":{"count":29,"label":1}},{"type":"Feature","geometry":{"geodesic":false,"type":"Point","coordinates":[27.53924742337432,45.961627775512234]},"id":"+102189-170547","properties":{"count":9,"label":1}},{"type":"Feature","geometry":{"geodesic":false,"type":"Point","coordinates":[27.53924742337432,46.01795214382653]},"id":"+102189-170757","properties":{"count":3,"label":1}},{"type":"Feature","geometry":{"geodesic":false,"type":"Point","coordinates":[27.53924742337432,46.02091658426412]},"id":"+102189-170767","properties":{"count":9,"label":1}},{"type":"Feature","geometry":{"geodesic":false,"type":"Point","coordinates":[27.540252845480776,45.97018200748425]},"id":"+102192-170569","properties":{"count":182,"label":1}},{"type":"Feature","geometry":{"geodesic":false,"type":"Point","coordinates":[27.540055907130025,45.97510250477402]},"id":"+102192-170597","properties":{"count":9,"label":1}},{"type":"Feature","geometry":{"geodesic":false,"type":"Point","coordinates":[27.541672874641442,45.93413932781817]},"id":"+102198-170445","properties":{"count":9,"label":1}},{"type":"Feature","geometry":{"geodesic":false,"type":"Point","coordinates":[27.542933158142986,45.963331932448284]},"id":"+102198-170547","properties":{"count":102,"label":1}},{"type":"Feature","geometry":{"geodesic":false,"type":"Point","coordinates":[27.541672874641442,45.97510250477402]},"id":"+102198-170597","properties":{"count":9,"label":1}},{"type":"Feature","geometry":{"geodesic":false,"type":"Point","coordinates":[27.535499991912054,46.00882210429698]},"id":"+102198-170708","properties":{"count":222,"label":1}},{"type":"Feature","geometry":{"geodesic":false,"type":"Point","coordinates":[27.540624840143302,45.958370550833884]},"id":"+102201-170522","properties":{"count":243,"label":1}},{"type":"Feature","geometry":{"geodesic":false,"type":"Point","coordinates":[27.542904849888235,45.935178806932655]},"id":"+102204-170448","properties":{"count":21,"label":1}},{"type":"Feature","geometry":{"geodesic":false,"type":"Point","coordinates":[27.543314341660608,45.983285340362094]},"id":"+102204-170627","properties":{"count":11,"label":1}},{"type":"Feature","geometry":{"geodesic":false,"type":"Point","coordinates":[27.544502567786417,45.96041504987867]},"id":"+102207-170541","properties":{"count":18,"label":1}},{"type":"Feature","geometry":{"geodesic":false,"type":"Point","coordinates":[27.54661597269169,45.937465458357]},"id":"+102210-170451","properties":{"count":76,"label":1}},{"type":"Feature","geometry":{"geodesic":false,"type":"Point","coordinates":[27.544552211525804,46.004222103905036]},"id":"+102210-170705","properties":{"count":19,"label":1}},{"type":"Feature","geometry":{"geodesic":false,"type":"Point","coordinates":[27.54504155695689,45.94842254083567]},"id":"+102211-170498","properties":{"count":12,"label":1}},{"type":"Feature","geometry":{"geodesic":false,"type":"Point","coordinates":[27.545850040712597,45.922551060653035]},"id":"+102213-170402","properties":{"count":6,"label":1}},{"type":"Feature","geometry":{"geodesic":false,"type":"Point","coordinates":[27.54706276634616,46.00339943622379]},"id":"+102220-170702","properties":{"count":21,"label":1}},{"type":"Feature","geometry":{"geodesic":false,"type":"Point","coordinates":[27.547736502809247,45.969982107654545]},"id":"+102221-170578","properties":{"count":12,"label":1}},{"type":"Feature","geometry":{"geodesic":false,"type":"Point","coordinates":[27.549218723028044,45.97671947228544]},"id":"+102226-170603","properties":{"count":9,"label":1}},{"type":"Feature","geometry":{"geodesic":false,"type":"Point","coordinates":[27.549326520862138,45.910639399985605]},"id":"+102227-170355","properties":{"count":15,"label":1}},{"type":"Feature","geometry":{"geodesic":false,"type":"Point","coordinates":[27.549353470320664,45.963244743023644]},"id":"+102227-170553","properties":{"count":12,"label":1}},{"type":"Feature","geometry":{"geodesic":false,"type":"Point","coordinates":[27.549053548927418,45.96652214491506]},"id":"+102227-170559","properties":{"count":31,"label":1}},{"type":"Feature","geometry":{"geodesic":false,"type":"Point","coordinates":[27.549757712198517,45.97159907516596]},"id":"+102227-170584","properties":{"count":3,"label":1}},{"type":"Feature","geometry":{"geodesic":false,"type":"Point","coordinates":[27.549757712198517,45.990733190717705]},"id":"+102227-170655","properties":{"count":3,"label":1}},{"type":"Feature","geometry":{"geodesic":false,"type":"Point","coordinates":[27.55225053711195,45.79656234205527]},"id":"+102235-169934","properties":{"count":12,"label":1}},{"type":"Feature","geometry":{"geodesic":false,"type":"Point","coordinates":[27.572685482296276,46.00053864754975]},"id":"+102316-170691","properties":{"count":13,"label":1}},{"type":"Feature","geometry":{"geodesic":false,"type":"Point","coordinates":[27.575898686966397,46.00339943622379]},"id":"+102325-170702","properties":{"count":9,"label":1}},{"type":"Feature","geometry":{"geodesic":false,"type":"Point","coordinates":[27.57751565447781,46.00380367810164]},"id":"+102331-170702","properties":{"count":18,"label":1}},{"type":"Feature","geometry":{"geodesic":false,"type":"Point","coordinates":[27.581827567841586,46.00323298368585]},"id":"+102337-170691","properties":{"count":102,"label":1}},{"type":"Feature","geometry":{"geodesic":false,"type":"Point","coordinates":[27.579132621989224,46.00339943622379]},"id":"+102337-170702","properties":{"count":9,"label":1}},{"type":"Feature","geometry":{"geodesic":false,"type":"Point","coordinates":[27.58277514557677,46.00077403736117]},"id":"+102346-170691","properties":{"count":31,"label":1}},{"type":"Feature","geometry":{"geodesic":false,"type":"Point","coordinates":[27.585061502864416,46.00178246871238]},"id":"+102359-170696","properties":{"count":9,"label":1}},{"type":"Feature","geometry":{"geodesic":false,"type":"Point","coordinates":[27.585061502864416,46.00339943622379]},"id":"+102359-170702","properties":{"count":9,"label":1}},{"type":"Feature","geometry":{"geodesic":false,"type":"Point","coordinates":[27.586751968899073,46.136407263791554]},"id":"+102362-171193","properties":{"count":33,"label":1}},{"type":"Feature","geometry":{"geodesic":false,"type":"Point","coordinates":[27.587290958069545,46.00322793966955]},"id":"+102365-170701","properties":{"count":11,"label":1}},{"type":"Feature","geometry":{"geodesic":false,"type":"Point","coordinates":[27.590608599743852,46.00283798917121]},"id":"+102368-170691","properties":{"count":72,"label":1}},{"type":"Feature","geometry":{"geodesic":false,"type":"Point","coordinates":[27.589103921642952,46.0042079199795]},"id":"+102374-170705","properties":{"count":9,"label":1}},{"type":"Feature","geometry":{"geodesic":false,"type":"Point","coordinates":[27.588092887816813,46.14224836776796]},"id":"+102375-171190","properties":{"count":314,"label":1}},{"type":"Feature","geometry":{"geodesic":false,"type":"Point","coordinates":[27.58991240539866,46.00825033875803]},"id":"+102377-170720","properties":{"count":9,"label":1}},{"type":"Feature","geometry":{"geodesic":false,"type":"Point","coordinates":[27.591664120202694,46.006498623954]},"id":"+102384-170714","properties":{"count":8,"label":1}},{"type":"Feature","geometry":{"geodesic":false,"type":"Point","coordinates":[27.593281087714107,46.1462315663988]},"id":"+102390-171233","properties":{"count":4,"label":1}},{"type":"Feature","geometry":{"geodesic":false,"type":"Point","coordinates":[27.594224318762432,46.00016550120096]},"id":"+102393-170691","properties":{"count":3,"label":1}},{"type":"Feature","geometry":{"geodesic":false,"type":"Point","coordinates":[27.593281087714107,46.12009059163091]},"id":"+102396-171132","properties":{"count":48,"label":1}},{"type":"Feature","geometry":{"geodesic":false,"type":"Point","coordinates":[27.595481960160203,46.146920274783284]},"id":"+102399-171235","properties":{"count":9,"label":1}},{"type":"Feature","geometry":{"geodesic":false,"type":"Point","coordinates":[27.596572771576632,46.002629451694546]},"id":"+102401-170699","properties":{"count":7,"label":1}},{"type":"Feature","geometry":{"geodesic":false,"type":"Point","coordinates":[27.597323506492646,46.112275248659074]},"id":"+102404-171107","properties":{"count":2,"label":1}},{"type":"Feature","geometry":{"geodesic":false,"type":"Point","coordinates":[27.599761207513644,46.042010660435764]},"id":"+102413-170844","properties":{"count":11,"label":1}},{"type":"Feature","geometry":{"geodesic":false,"type":"Point","coordinates":[27.602039661734274,46.03870322688969]},"id":"+102421-170834","properties":{"count":1,"label":1}},{"type":"Feature","geometry":{"geodesic":false,"type":"Point","coordinates":[27.603926123830924,46.10904131363625]},"id":"+102428-171094","properties":{"count":3,"label":1}},{"type":"Feature","geometry":{"geodesic":false,"type":"Point","coordinates":[27.605714587896582,46.03576328595984]},"id":"+102436-170822","properties":{"count":11,"label":1}},{"type":"Feature","geometry":{"geodesic":false,"type":"Point","coordinates":[27.607699048024227,46.036008281037326]},"id":"+102442-170824","properties":{"count":1,"label":1}},{"type":"Feature","geometry":{"geodesic":false,"type":"Point","coordinates":[27.60908020777356,46.03573878645209]},"id":"+102448-170822","properties":{"count":8,"label":1}},{"type":"Feature","geometry":{"geodesic":false,"type":"Point","coordinates":[27.61335843431418,46.034121818940676]},"id":"+102464-170816","properties":{"count":9,"label":1}},{"type":"Feature","geometry":{"geodesic":false,"type":"Point","coordinates":[27.61542815272879,46.03484406442911]},"id":"+102467-170816","properties":{"count":25,"label":1}},{"type":"Feature","geometry":{"geodesic":false,"type":"Point","coordinates":[27.614166918069888,46.104325158394616]},"id":"+102467-171077","properties":{"count":6,"label":1}},{"type":"Feature","geometry":{"geodesic":false,"type":"Point","coordinates":[27.616457622044393,46.10998454468457]},"id":"+102475-171098","properties":{"count":4,"label":1}},{"type":"Feature","geometry":{"geodesic":false,"type":"Point","coordinates":[27.616188127459157,46.106211620491266]},"id":"+102476-171082","properties":{"count":18,"label":1}},{"type":"Feature","geometry":{"geodesic":false,"type":"Point","coordinates":[27.620904282700785,46.10728959883221]},"id":"+102492-171088","properties":{"count":6,"label":1}},{"type":"Feature","geometry":{"geodesic":false,"type":"Point","coordinates":[27.62124585141928,46.0340998833349]},"id":"+102498-170813","properties":{"count":86,"label":1}},{"type":"Feature","geometry":{"geodesic":false,"type":"Point","coordinates":[27.62030622622396,46.10177972666146]},"id":"+102501-171061","properties":{"count":73,"label":1}},{"type":"Feature","geometry":{"geodesic":false,"type":"Point","coordinates":[27.622723371151125,46.1056726313208]},"id":"+102501-171081","properties":{"count":12,"label":1}},{"type":"Feature","geometry":{"geodesic":false,"type":"Point","coordinates":[27.624003470430996,46.03109000485677]},"id":"+102504-170804","properties":{"count":12,"label":1}},{"type":"Feature","geometry":{"geodesic":false,"type":"Point","coordinates":[27.624677206894084,46.10311243276106]},"id":"+102505-171073","properties":{"count":1,"label":1}},{"type":"Feature","geometry":{"geodesic":false,"type":"Point","coordinates":[27.62575518523503,45.54984004927184]},"id":"+102510-169020","properties":{"count":3,"label":1}},{"type":"Feature","geometry":{"geodesic":false,"type":"Point","coordinates":[27.626401972239595,46.10074088041098]},"id":"+102511-171063","properties":{"count":5,"label":1}},{"type":"Feature","geometry":{"geodesic":false,"type":"Point","coordinates":[27.626563668990737,46.03493030269639]},"id":"+102513-170819","properties":{"count":9,"label":1}},{"type":"Feature","geometry":{"geodesic":false,"type":"Point","coordinates":[27.625788872058184,46.09899421863042]},"id":"+102513-171055","properties":{"count":32,"label":1}},{"type":"Feature","geometry":{"geodesic":false,"type":"Point","coordinates":[27.627564648878757,46.101918956740725]},"id":"+102517-171068","properties":{"count":7,"label":1}},{"type":"Feature","geometry":{"geodesic":false,"type":"Point","coordinates":[27.62885437296524,45.54916631280875]},"id":"+102523-169016","properties":{"count":24,"label":1}},{"type":"Feature","geometry":{"geodesic":false,"type":"Point","coordinates":[27.631490030008848,46.092063154766386]},"id":"+102529-171020","properties":{"count":75,"label":1}},{"type":"Feature","geometry":{"geodesic":false,"type":"Point","coordinates":[27.631630167193173,46.09683320892506]},"id":"+102531-171048","properties":{"count":10,"label":1}},{"type":"Feature","geometry":{"geodesic":false,"type":"Point","coordinates":[27.631684066110218,46.08451730637978]},"id":"+102532-171004","properties":{"count":3,"label":1}},{"type":"Feature","geometry":{"geodesic":false,"type":"Point","coordinates":[27.631583005640753,45.54899787869298]},"id":"+102535-169016","properties":{"count":24,"label":1}},{"type":"Feature","geometry":{"geodesic":false,"type":"Point","coordinates":[27.634513759255196,45.548223081760426]},"id":"+102544-169013","properties":{"count":18,"label":1}},{"type":"Feature","geometry":{"geodesic":false,"type":"Point","coordinates":[27.63695846013555,45.54729910032533]},"id":"+102554-169010","properties":{"count":14,"label":1}},{"type":"Feature","geometry":{"geodesic":false,"type":"Point","coordinates":[27.63887572161337,45.65153190604927]},"id":"+102557-169392","properties":{"count":35,"label":1}},{"type":"Feature","geometry":{"geodesic":false,"type":"Point","coordinates":[27.639499409082056,45.546606114249016]},"id":"+102562-169007","properties":{"count":15,"label":1}},{"type":"Feature","geometry":{"geodesic":false,"type":"Point","coordinates":[27.64003839825253,45.65709889419571]},"id":"+102563-169417","properties":{"count":9,"label":1}},{"type":"Feature","geometry":{"geodesic":false,"type":"Point","coordinates":[27.643923341279454,46.094435031808736]},"id":"+102566-171033","properties":{"count":166,"label":1}},{"type":"Feature","geometry":{"geodesic":false,"type":"Point","coordinates":[27.64246384951965,45.5449891467376]},"id":"+102572-169001","properties":{"count":9,"label":1}},{"type":"Feature","geometry":{"geodesic":false,"type":"Point","coordinates":[27.645428289957245,46.033987071648056]},"id":"+102582-170816","properties":{"count":2,"label":1}},{"type":"Feature","geometry":{"geodesic":false,"type":"Point","coordinates":[27.64553608779134,46.09831542914386]},"id":"+102582-171054","properties":{"count":5,"label":1}},{"type":"Feature","geometry":{"geodesic":false,"type":"Point","coordinates":[27.636572925628297,46.03504796934627]},"id":"+102584-170807","properties":{"count":213,"label":1}},{"type":"Feature","geometry":{"geodesic":false,"type":"Point","coordinates":[27.64524081546317,45.53739642972747]},"id":"+102585-168967","properties":{"count":46,"label":1}},{"type":"Feature","geometry":{"geodesic":false,"type":"Point","coordinates":[27.6458325318351,45.54094672795906]},"id":"+102585-168986","properties":{"count":12,"label":1}},{"type":"Feature","geometry":{"geodesic":false,"type":"Point","coordinates":[27.646977883822352,46.09738567282479]},"id":"+102588-171051","properties":{"count":4,"label":1}},{"type":"Feature","geometry":{"geodesic":false,"type":"Point","coordinates":[27.64721963631793,45.53379719513898]},"id":"+102591-168958","properties":{"count":17,"label":1}},{"type":"Feature","geometry":{"geodesic":false,"type":"Point","coordinates":[27.647045257468662,46.03007940016214]},"id":"+102591-170798","properties":{"count":27,"label":1}},{"type":"Feature","geometry":{"geodesic":false,"type":"Point","coordinates":[27.648505019805356,46.02653854075057]},"id":"+102595-170782","properties":{"count":36,"label":1}},{"type":"Feature","geometry":{"geodesic":false,"type":"Point","coordinates":[27.64913384050424,45.53239027487782]},"id":"+102597-168955","properties":{"count":4,"label":1}},{"type":"Feature","geometry":{"geodesic":false,"type":"Point","coordinates":[27.651896160002906,45.496210626809905]},"id":"+102606-168821","properties":{"count":1,"label":1}},{"type":"Feature","geometry":{"geodesic":false,"type":"Point","coordinates":[27.653243632929087,45.50308273873342]},"id":"+102612-168846","properties":{"count":6,"label":1}},{"type":"Feature","geometry":{"geodesic":false,"type":"Point","coordinates":[27.653580501160633,45.496783302803536]},"id":"+102613-168822","properties":{"count":16,"label":1}},{"type":"Feature","geometry":{"geodesic":false,"type":"Point","coordinates":[27.652303688400092,45.53173132775172]},"id":"+102619-168952","properties":{"count":41,"label":1}},{"type":"Feature","geometry":{"geodesic":false,"type":"Point","coordinates":[27.65638245221595,45.49754224711343]},"id":"+102625-168825","properties":{"count":17,"label":1}},{"type":"Feature","geometry":{"geodesic":false,"type":"Point","coordinates":[27.658364030048567,45.50995485065694]},"id":"+102631-168868","properties":{"count":27,"label":1}},{"type":"Feature","geometry":{"geodesic":false,"type":"Point","coordinates":[27.659151783451566,45.513230246385184]},"id":"+102633-168881","properties":{"count":13,"label":1}},{"type":"Feature","geometry":{"geodesic":false,"type":"Point","coordinates":[27.659980997559984,45.53039152337066]},"id":"+102640-168946","properties":{"count":18,"label":1}},{"type":"Feature","geometry":{"geodesic":false,"type":"Point","coordinates":[27.66201013326058,45.51632760496663]},"id":"+102642-168893","properties":{"count":17,"label":1}},{"type":"Feature","geometry":{"geodesic":false,"type":"Point","coordinates":[27.66025049214522,45.49822474423641]},"id":"+102643-168828","properties":{"count":19,"label":1}},{"type":"Feature","geometry":{"geodesic":false,"type":"Point","coordinates":[27.663214932582814,45.49755809973609]},"id":"+102649-168825","properties":{"count":9,"label":1}},{"type":"Feature","geometry":{"geodesic":false,"type":"Point","coordinates":[27.663214932582814,45.51777019362878]},"id":"+102649-168901","properties":{"count":3,"label":1}},{"type":"Feature","geometry":{"geodesic":false,"type":"Point","coordinates":[27.664182663138888,45.490477741996706]},"id":"+102653-168797","properties":{"count":22,"label":1}},{"type":"Feature","geometry":{"geodesic":false,"type":"Point","coordinates":[27.66493969792832,45.518363081716295]},"id":"+102654-168902","properties":{"count":5,"label":1}},{"type":"Feature","geometry":{"geodesic":false,"type":"Point","coordinates":[27.663693068137267,45.52793274750429]},"id":"+102655-168933","properties":{"count":31,"label":1}},{"type":"Feature","geometry":{"geodesic":false,"type":"Point","coordinates":[27.66513508150262,45.49321249954916]},"id":"+102656-168809","properties":{"count":8,"label":1}},{"type":"Feature","geometry":{"geodesic":false,"type":"Point","coordinates":[27.66523614197208,45.49639028986673]},"id":"+102657-168820","properties":{"count":6,"label":1}},{"type":"Feature","geometry":{"geodesic":false,"type":"Point","coordinates":[27.66582004690676,45.521273623236844]},"id":"+102657-168909","properties":{"count":18,"label":1}},{"type":"Feature","geometry":{"geodesic":false,"type":"Point","coordinates":[27.665775131142553,45.525046547430144]},"id":"+102658-168927","properties":{"count":6,"label":1}},{"type":"Feature","geometry":{"geodesic":false,"type":"Point","coordinates":[27.665909878435173,45.494593659298495]},"id":"+102659-168815","properties":{"count":3,"label":1}},{"type":"Feature","geometry":{"geodesic":false,"type":"Point","coordinates":[27.686391466913097,46.135856024867216]},"id":"+102734-171194","properties":{"count":2,"label":1}},{"type":"Feature","geometry":{"geodesic":false,"type":"Point","coordinates":[27.68693045608357,46.13599077215983]},"id":"+102736-171195","properties":{"count":1,"label":1}},{"type":"Feature","geometry":{"geodesic":false,"type":"Point","coordinates":[27.68746944525404,45.461041583436625]},"id":"+102739-168690","properties":{"count":6,"label":1}},{"type":"Feature","geometry":{"geodesic":false,"type":"Point","coordinates":[27.68814318171713,46.13383481547795]},"id":"+102741-171187","properties":{"count":2,"label":1}},{"type":"Feature","geometry":{"geodesic":false,"type":"Point","coordinates":[27.689086412765455,45.48233165567026]},"id":"+102745-168769","properties":{"count":6,"label":1}},{"type":"Feature","geometry":{"geodesic":false,"type":"Point","coordinates":[27.689625401935928,46.13356532089271]},"id":"+102746-171186","properties":{"count":1,"label":1}},{"type":"Feature","geometry":{"geodesic":false,"type":"Point","coordinates":[27.690433885691636,46.13356532089271]},"id":"+102750-171186","properties":{"count":3,"label":1}},{"type":"Feature","geometry":{"geodesic":false,"type":"Point","coordinates":[27.69070338027687,45.482196908377645]},"id":"+102751-168769","properties":{"count":3,"label":1}},{"type":"Feature","geometry":{"geodesic":false,"type":"Point","coordinates":[27.690381250030455,45.74489517704208]},"id":"+102755-169728","properties":{"count":128,"label":1}},{"type":"Feature","geometry":{"geodesic":false,"type":"Point","coordinates":[27.69205085320305,46.13248734255176]},"id":"+102755-171182","properties":{"count":1,"label":1}},{"type":"Feature","geometry":{"geodesic":false,"type":"Point","coordinates":[27.692589842373522,45.73659979684029]},"id":"+102758-169712","properties":{"count":9,"label":1}},{"type":"Feature","geometry":{"geodesic":false,"type":"Point","coordinates":[27.693218663072404,45.73924982692845]},"id":"+102759-169721","properties":{"count":6,"label":1}},{"type":"Feature","geometry":{"geodesic":false,"type":"Point","coordinates":[27.692589842373522,45.46090683614401]},"id":"+102761-168689","properties":{"count":27,"label":1}},{"type":"Feature","geometry":{"geodesic":false,"type":"Point","coordinates":[27.694099012050845,45.734416890699876]},"id":"+102763-169703","properties":{"count":10,"label":1}},{"type":"Feature","geometry":{"geodesic":false,"type":"Point","coordinates":[27.694341557177555,45.48057994086623]},"id":"+102764-168763","properties":{"count":2,"label":1}},{"type":"Feature","geometry":{"geodesic":false,"type":"Point","coordinates":[27.69563128126404,45.726743994865956]},"id":"+102768-169674","properties":{"count":7,"label":1}},{"type":"Feature","geometry":{"geodesic":false,"type":"Point","coordinates":[27.694266697570544,45.73109012976436]},"id":"+102768-169688","properties":{"count":27,"label":1}},{"type":"Feature","geometry":{"geodesic":false,"type":"Point","coordinates":[27.6958482769041,45.728686455837455]},"id":"+102770-169682","properties":{"count":11,"label":1}},{"type":"Feature","geometry":{"geodesic":false,"type":"Point","coordinates":[27.69643014021313,45.709178722792544]},"id":"+102771-169610","properties":{"count":4,"label":1}},{"type":"Feature","geometry":{"geodesic":false,"type":"Point","coordinates":[27.69747924413423,46.13175585724898]},"id":"+102776-171178","properties":{"count":7,"label":1}},{"type":"Feature","geometry":{"geodesic":false,"type":"Point","coordinates":[27.69797973407824,46.126558461676574]},"id":"+102777-171160","properties":{"count":1,"label":1}},{"type":"Feature","geometry":{"geodesic":false,"type":"Point","coordinates":[27.698249228663474,45.463197540118514]},"id":"+102779-168698","properties":{"count":6,"label":1}},{"type":"Feature","geometry":{"geodesic":false,"type":"Point","coordinates":[27.69932720700442,46.13006189128464]},"id":"+102782-171172","properties":{"count":3,"label":1}},{"type":"Feature","geometry":{"geodesic":false,"type":"Point","coordinates":[27.699686533118065,45.46396110811002]},"id":"+102784-168701","properties":{"count":3,"label":1}},{"type":"Feature","geometry":{"geodesic":false,"type":"Point","coordinates":[27.69973144888227,46.120899075386625]},"id":"+102784-171138","properties":{"count":6,"label":1}},{"type":"Feature","geometry":{"geodesic":false,"type":"Point","coordinates":[27.69973144888227,46.12332452665375]},"id":"+102784-171147","properties":{"count":6,"label":1}},{"type":"Feature","geometry":{"geodesic":false,"type":"Point","coordinates":[27.724598272284478,46.11567356240163]},"id":"+102912-171110","properties":{"count":623,"label":1}},{"type":"Feature","geometry":{"geodesic":false,"type":"Point","coordinates":[27.743254824397862,45.445006655615096]},"id":"+102946-168630","properties":{"count":9,"label":1}},{"type":"Feature","geometry":{"geodesic":false,"type":"Point","coordinates":[27.744198055446187,45.43692181805802]},"id":"+102949-168601","properties":{"count":2,"label":1}},{"type":"Feature","geometry":{"geodesic":false,"type":"Point","coordinates":[27.74504328846352,45.43824479147645]},"id":"+102953-168605","properties":{"count":11,"label":1}},{"type":"Feature","geometry":{"geodesic":false,"type":"Point","coordinates":[27.74760042458479,45.44173903376911]},"id":"+102962-168618","properties":{"count":8,"label":1}},{"type":"Feature","geometry":{"geodesic":false,"type":"Point","coordinates":[27.748375221517342,45.500792034758916]},"id":"+102965-168837","properties":{"count":9,"label":1}},{"type":"Feature","geometry":{"geodesic":false,"type":"Point","coordinates":[27.748375221517342,45.50240900227033]},"id":"+102965-168843","properties":{"count":9,"label":1}},{"type":"Feature","geometry":{"geodesic":false,"type":"Point","coordinates":[27.745656289235935,45.68330054051943]},"id":"+102966-169502","properties":{"count":191,"label":1}},{"type":"Feature","geometry":{"geodesic":false,"type":"Point","coordinates":[27.74931845256567,45.4991750672475]},"id":"+102968-168831","properties":{"count":6,"label":1}},{"type":"Feature","geometry":{"geodesic":false,"type":"Point","coordinates":[27.749587947150903,45.492437702616606]},"id":"+102970-168806","properties":{"count":12,"label":1}},{"type":"Feature","geometry":{"geodesic":false,"type":"Point","coordinates":[27.749587947150903,45.49674961598038]},"id":"+102970-168822","properties":{"count":12,"label":1}},{"type":"Feature","geometry":{"geodesic":false,"type":"Point","coordinates":[27.74985744173614,46.125345736043016]},"id":"+102970-171153","properties":{"count":12,"label":1}},{"type":"Feature","geometry":{"geodesic":false,"type":"Point","coordinates":[27.750890504312878,45.44833042216634]},"id":"+102974-168642","properties":{"count":6,"label":1}},{"type":"Feature","geometry":{"geodesic":false,"type":"Point","coordinates":[27.769126304580503,45.419808911895544]},"id":"+103042-168537","properties":{"count":6,"label":1}},{"type":"Feature","geometry":{"geodesic":false,"type":"Point","coordinates":[27.77155175584763,46.03007940016214]},"id":"+103051-170801","properties":{"count":9,"label":1}},{"type":"Feature","geometry":{"geodesic":false,"type":"Point","coordinates":[27.77397720711475,46.019569111337944]},"id":"+103059-170763","properties":{"count":1,"label":1}},{"type":"Feature","geometry":{"geodesic":false,"type":"Point","coordinates":[27.774246701699987,46.01660467090035]},"id":"+103061-170751","properties":{"count":9,"label":1}},{"type":"Feature","geometry":{"geodesic":false,"type":"Point","coordinates":[27.774246701699987,46.01876062758223]},"id":"+103061-170760","properties":{"count":3,"label":1}},{"type":"Feature","geometry":{"geodesic":false,"type":"Point","coordinates":[27.776576168594286,46.01040998714657]},"id":"+103067-170717","properties":{"count":73,"label":1}},{"type":"Feature","geometry":{"geodesic":false,"type":"Point","coordinates":[27.777480636722817,46.005016403735205]},"id":"+103073-170708","properties":{"count":9,"label":1}},{"type":"Feature","geometry":{"geodesic":false,"type":"Point","coordinates":[27.783679012183242,45.422099615870046]},"id":"+103095-168546","properties":{"count":1,"label":1}},{"type":"Feature","geometry":{"geodesic":false,"type":"Point","coordinates":[27.785793508159706,45.41615000464214]},"id":"+103104-168522","properties":{"count":13,"label":1}},{"type":"Feature","geometry":{"geodesic":false,"type":"Point","coordinates":[27.785295979694656,45.42142587940696]},"id":"+103104-168541","properties":{"count":10,"label":1}},{"type":"Feature","geometry":{"geodesic":false,"type":"Point","coordinates":[27.78656645416791,45.4117433239517]},"id":"+103105-168502","properties":{"count":21,"label":1}},{"type":"Feature","geometry":{"geodesic":false,"type":"Point","coordinates":[27.78660976579768,45.407513221444155]},"id":"+103107-168491","properties":{"count":8,"label":1}},{"type":"Feature","geometry":{"geodesic":false,"type":"Point","coordinates":[27.78672045107376,45.419982158414626]},"id":"+103107-168537","properties":{"count":7,"label":1}},{"type":"Feature","geometry":{"geodesic":false,"type":"Point","coordinates":[27.78960789305843,45.4067384245116]},"id":"+103123-168488","properties":{"count":39,"label":1}},{"type":"Feature","geometry":{"geodesic":false,"type":"Point","coordinates":[27.797018994152417,45.40579519346328]},"id":"+103147-168485","properties":{"count":12,"label":1}},{"type":"Feature","geometry":{"geodesic":false,"type":"Point","coordinates":[27.824911683724327,45.397575608613586]},"id":"+103249-168454","properties":{"count":9,"label":1}},{"type":"Feature","geometry":{"geodesic":false,"type":"Point","coordinates":[27.825585420187416,45.41832669167675]},"id":"+103251-168531","properties":{"count":6,"label":1}},{"type":"Feature","geometry":{"geodesic":false,"type":"Point","coordinates":[27.826648426606955,45.41904534390404]},"id":"+103256-168534","properties":{"count":9,"label":1}},{"type":"Feature","geometry":{"geodesic":false,"type":"Point","coordinates":[27.82757294275353,45.39841777919245]},"id":"+103258-168457","properties":{"count":8,"label":1}},{"type":"Feature","geometry":{"geodesic":false,"type":"Point","coordinates":[27.82846901224944,45.41843448951084]},"id":"+103262-168531","properties":{"count":5,"label":1}},{"type":"Feature","geometry":{"geodesic":false,"type":"Point","coordinates":[27.827599537613914,45.450634719069484]},"id":"+103262-168610","properties":{"count":456,"label":1}},{"type":"Feature","geometry":{"geodesic":false,"type":"Point","coordinates":[27.828652082709066,45.46314642907649]},"id":"+103262-168676","properties":{"count":174,"label":1}},{"type":"Feature","geometry":{"geodesic":false,"type":"Point","coordinates":[27.830032080843807,45.41617073499486]},"id":"+103268-168524","properties":{"count":3,"label":1}},{"type":"Feature","geometry":{"geodesic":false,"type":"Point","coordinates":[27.830166828136427,45.445006655615096]},"id":"+103268-168630","properties":{"count":6,"label":1}},{"type":"Feature","geometry":{"geodesic":false,"type":"Point","coordinates":[27.830166828136427,45.449049074393635]},"id":"+103268-168645","properties":{"count":6,"label":1}},{"type":"Feature","geometry":{"geodesic":false,"type":"Point","coordinates":[27.836769445474705,45.413610536435115]},"id":"+103293-168514","properties":{"count":6,"label":1}},{"type":"Feature","geometry":{"geodesic":false,"type":"Point","coordinates":[27.840003380497535,45.41105033787537]},"id":"+103305-168505","properties":{"count":3,"label":1}},{"type":"Feature","geometry":{"geodesic":false,"type":"Point","coordinates":[27.840003380497535,45.4149580093613]},"id":"+103306-168519","properties":{"count":10,"label":1}},{"type":"Feature","geometry":{"geodesic":false,"type":"Point","coordinates":[27.84108135883848,45.40000105988071]},"id":"+103308-168463","properties":{"count":3,"label":1}},{"type":"Feature","geometry":{"geodesic":false,"type":"Point","coordinates":[27.842937877092325,45.412966743814835]},"id":"+103314-168509","properties":{"count":18,"label":1}},{"type":"Feature","geometry":{"geodesic":false,"type":"Point","coordinates":[27.842428831764657,45.41516013030022]},"id":"+103317-168519","properties":{"count":24,"label":1}},{"type":"Feature","geometry":{"geodesic":false,"type":"Point","coordinates":[27.84431529386131,45.41455376748344]},"id":"+103320-168518","properties":{"count":1,"label":1}},{"type":"Feature","geometry":{"geodesic":false,"type":"Point","coordinates":[27.848290338993536,45.39979893894178]},"id":"+103336-168463","properties":{"count":4,"label":1}},{"type":"Feature","geometry":{"geodesic":false,"type":"Point","coordinates":[27.849166196395554,46.13410431006318]},"id":"+103339-171187","properties":{"count":9,"label":1}},{"type":"Feature","geometry":{"geodesic":false,"type":"Point","coordinates":[27.860367951589765,45.40405766258479]},"id":"+103370-168475","properties":{"count":76,"label":1}},{"type":"Feature","geometry":{"geodesic":false,"type":"Point","coordinates":[27.85794722829782,45.399776481059675]},"id":"+103378-168460","properties":{"count":36,"label":1}},{"type":"Feature","geometry":{"geodesic":false,"type":"Point","coordinates":[27.86133195195763,45.398307093916365]},"id":"+103388-168456","properties":{"count":21,"label":1}},{"type":"Feature","geometry":{"geodesic":false,"type":"Point","coordinates":[27.862775672949965,45.397306114028346]},"id":"+103389-168454","properties":{"count":2,"label":1}},{"type":"Feature","geometry":{"geodesic":false,"type":"Point","coordinates":[27.864976545396058,45.405211288528605]},"id":"+103396-168482","properties":{"count":6,"label":1}},{"type":"Feature","geometry":{"geodesic":false,"type":"Point","coordinates":[27.86662944551884,45.408328442564496]},"id":"+103404-168494","properties":{"count":10,"label":1}},{"type":"Feature","geometry":{"geodesic":false,"type":"Point","coordinates":[27.86776132277683,45.40889438119349]},"id":"+103407-168497","properties":{"count":1,"label":1}},{"type":"Feature","geometry":{"geodesic":false,"type":"Point","coordinates":[27.871588145887177,45.40999930899296]},"id":"+103422-168500","properties":{"count":10,"label":1}},{"type":"Feature","geometry":{"geodesic":false,"type":"Point","coordinates":[27.87342070906678,45.41746430900399]},"id":"+103428-168528","properties":{"count":5,"label":1}},{"type":"Feature","geometry":{"geodesic":false,"type":"Point","coordinates":[27.876154154145603,45.41809569631798]},"id":"+103441-168531","properties":{"count":7,"label":1}},{"type":"Feature","geometry":{"geodesic":false,"type":"Point","coordinates":[27.87904159613027,45.417441209468116]},"id":"+103450-168528","properties":{"count":7,"label":1}},{"type":"Feature","geometry":{"geodesic":false,"type":"Point","coordinates":[27.882906918467082,45.41881178193017]},"id":"+103463-168528","properties":{"count":45,"label":1}},{"type":"Feature","geometry":{"geodesic":false,"type":"Point","coordinates":[27.8867270042128,45.419842598718695]},"id":"+103484-168537","properties":{"count":24,"label":1}},{"type":"Feature","geometry":{"geodesic":false,"type":"Point","coordinates":[27.893363308374234,45.41886568084722]},"id":"+103503-168534","properties":{"count":3,"label":1}},{"type":"Feature","geometry":{"geodesic":false,"type":"Point","coordinates":[27.896597243397064,45.41819194438413]},"id":"+103515-168531","properties":{"count":6,"label":1}},{"type":"Feature","geometry":{"geodesic":false,"type":"Point","coordinates":[27.89807946361586,45.417652955213654]},"id":"+103520-168529","properties":{"count":4,"label":1}},{"type":"Feature","geometry":{"geodesic":false,"type":"Point","coordinates":[27.90761283456858,45.41249887127102]},"id":"+103556-168509","properties":{"count":8,"label":1}},{"type":"Feature","geometry":{"geodesic":false,"type":"Point","coordinates":[27.911688940170272,45.409972359534436]},"id":"+103571-168500","properties":{"count":7,"label":1}},{"type":"Feature","geometry":{"geodesic":false,"type":"Point","coordinates":[27.91330590768169,45.409163875778724]},"id":"+103577-168497","properties":{"count":9,"label":1}},{"type":"Feature","geometry":{"geodesic":false,"type":"Point","coordinates":[27.914922875193103,45.40835539202302]},"id":"+103583-168494","properties":{"count":9,"label":1}},{"type":"Feature","geometry":{"geodesic":false,"type":"Point","coordinates":[27.916674589997136,45.407412160974694]},"id":"+103590-168491","properties":{"count":6,"label":1}},{"type":"Feature","geometry":{"geodesic":false,"type":"Point","coordinates":[27.930379182287513,45.897234422263516]},"id":"+103639-170300","properties":{"count":51,"label":1}},{"type":"Feature","geometry":{"geodesic":false,"type":"Point","coordinates":[27.94196110840359,45.44705322920062]},"id":"+103685-168599","properties":{"count":340,"label":1}},{"type":"Feature","geometry":{"geodesic":false,"type":"Point","coordinates":[27.945067769513056,45.41986666073524]},"id":"+103695-168537","properties":{"count":7,"label":1}},{"type":"Feature","geometry":{"geodesic":false,"type":"Point","coordinates":[27.945881065672072,45.40589625393274]},"id":"+103698-168485","properties":{"count":8,"label":1}},{"type":"Feature","geometry":{"geodesic":false,"type":"Point","coordinates":[27.94753172000664,45.411589327045846]},"id":"+103704-168506","properties":{"count":9,"label":1}},{"type":"Feature","geometry":{"geodesic":false,"type":"Point","coordinates":[27.949148687518058,45.405121457000185]},"id":"+103710-168482","properties":{"count":9,"label":1}},{"type":"Feature","geometry":{"geodesic":false,"type":"Point","coordinates":[27.947801214591877,45.417137744977175]},"id":"+103712-168525","properties":{"count":51,"label":1}},{"type":"Feature","geometry":{"geodesic":false,"type":"Point","coordinates":[27.964240384291266,45.39973156529547]},"id":"+103766-168463","properties":{"count":3,"label":1}},{"type":"Feature","geometry":{"geodesic":false,"type":"Point","coordinates":[27.965827407959875,45.39937223918182]},"id":"+103772-168460","properties":{"count":9,"label":1}},{"type":"Feature","geometry":{"geodesic":false,"type":"Point","coordinates":[27.967797712816377,45.39804273256133]},"id":"+103781-168454","properties":{"count":15,"label":1}},{"type":"Feature","geometry":{"geodesic":false,"type":"Point","coordinates":[27.9697650232886,45.39649763027264]},"id":"+103786-168451","properties":{"count":2,"label":1}},{"type":"Feature","geometry":{"geodesic":false,"type":"Point","coordinates":[27.97832147636984,45.394813289114914]},"id":"+103818-168444","properties":{"count":4,"label":1}},{"type":"Feature","geometry":{"geodesic":false,"type":"Point","coordinates":[27.97979407178202,45.876775480389405]},"id":"+103823-170232","properties":{"count":7,"label":1}},{"type":"Feature","geometry":{"geodesic":false,"type":"Point","coordinates":[27.980787351824745,45.8716704829605]},"id":"+103826-170213","properties":{"count":5,"label":1}},{"type":"Feature","geometry":{"geodesic":false,"type":"Point","coordinates":[27.981757532331596,45.39232046420148]},"id":"+103831-168435","properties":{"count":6,"label":1}},{"type":"Feature","geometry":{"geodesic":false,"type":"Point","coordinates":[27.982566016087304,45.39137723315316]},"id":"+103834-168432","properties":{"count":3,"label":1}},{"type":"Feature","geometry":{"geodesic":false,"type":"Point","coordinates":[27.982505162471284,45.8478489003004]},"id":"+103834-170120","properties":{"count":31,"label":1}},{"type":"Feature","geometry":{"geodesic":false,"type":"Point","coordinates":[27.98391348901348,45.84202992850721]},"id":"+103837-170101","properties":{"count":14,"label":1}},{"type":"Feature","geometry":{"geodesic":false,"type":"Point","coordinates":[27.983320600925964,45.84477492335396]},"id":"+103837-170114","properties":{"count":5,"label":1}},{"type":"Feature","geometry":{"geodesic":false,"type":"Point","coordinates":[27.984182983598718,45.84008571757086]},"id":"+103840-170096","properties":{"count":9,"label":1}},{"type":"Feature","geometry":{"geodesic":false,"type":"Point","coordinates":[27.985414958845514,45.83155172237173]},"id":"+103843-170062","properties":{"count":21,"label":1}},{"type":"Feature","geometry":{"geodesic":false,"type":"Point","coordinates":[27.984438294258414,45.83631279337756]},"id":"+103843-170074","properties":{"count":57,"label":1}},{"type":"Feature","geometry":{"geodesic":false,"type":"Point","coordinates":[27.985979614166958,45.39146706468157]},"id":"+103846-168432","properties":{"count":3,"label":1}},{"type":"Feature","geometry":{"geodesic":false,"type":"Point","coordinates":[27.98795590779202,45.39289314019511]},"id":"+103851-168435","properties":{"count":8,"label":1}},{"type":"Feature","geometry":{"geodesic":false,"type":"Point","coordinates":[27.990546050194563,45.83017430560274]},"id":"+103862-170056","properties":{"count":18,"label":1}},{"type":"Feature","geometry":{"geodesic":false,"type":"Point","coordinates":[27.990920348229615,45.39838409236929]},"id":"+103865-168457","properties":{"count":9,"label":1}},{"type":"Feature","geometry":{"geodesic":false,"type":"Point","coordinates":[27.991513236317132,45.83248597026721]},"id":"+103866-170067","properties":{"count":5,"label":1}},{"type":"Feature","geometry":{"geodesic":false,"type":"Point","coordinates":[27.993117765616923,45.834778747276985]},"id":"+103871-170075","properties":{"count":13,"label":1}},{"type":"Feature","geometry":{"geodesic":false,"type":"Point","coordinates":[27.994962767008154,45.835908551499706]},"id":"+103880-170081","properties":{"count":6,"label":1}},{"type":"Feature","geometry":{"geodesic":false,"type":"Point","coordinates":[27.99631023993433,45.83860349735206]},"id":"+103884-170091","properties":{"count":2,"label":1}},{"type":"Feature","geometry":{"geodesic":false,"type":"Point","coordinates":[27.996579734519567,45.837121277133264]},"id":"+103886-170086","properties":{"count":3,"label":1}},{"type":"Feature","geometry":{"geodesic":false,"type":"Point","coordinates":[27.996579734519567,45.841702685082275]},"id":"+103886-170099","properties":{"count":27,"label":1}},{"type":"Feature","geometry":{"geodesic":false,"type":"Point","coordinates":[27.996579734519567,45.8441281363494]},"id":"+103886-170111","properties":{"count":9,"label":1}},{"type":"Feature","geometry":{"geodesic":false,"type":"Point","coordinates":[27.996579734519567,45.84978752263935]},"id":"+103886-170133","properties":{"count":3,"label":1}},{"type":"Feature","geometry":{"geodesic":false,"type":"Point","coordinates":[27.997657712860512,45.39973156529547]},"id":"+103889-168463","properties":{"count":1,"label":1}},{"type":"Feature","geometry":{"geodesic":false,"type":"Point","coordinates":[27.99900518578669,45.399462070710236]},"id":"+103894-168462","properties":{"count":1,"label":1}},{"type":"Feature","geometry":{"geodesic":false,"type":"Point","coordinates":[27.999813669542398,45.39838409236929]},"id":"+103897-168457","properties":{"count":3,"label":1}},{"type":"Feature","geometry":{"geodesic":false,"type":"Point","coordinates":[28.100200402542754,46.04314988754608]},"id":"+104270-170850","properties":{"count":4,"label":1}},{"type":"Feature","geometry":{"geodesic":false,"type":"Point","coordinates":[28.100200402542754,46.044093118594404]},"id":"+104270-170853","properties":{"count":6,"label":1}},{"type":"Feature","geometry":{"geodesic":false,"type":"Point","coordinates":[28.100240826730538,45.985734066161584]},"id":"+104271-170632","properties":{"count":20,"label":1}},{"type":"Feature","geometry":{"geodesic":false,"type":"Point","coordinates":[28.100981936839936,46.0493482630065]},"id":"+104272-170872","properties":{"count":10,"label":1}},{"type":"Feature","geometry":{"geodesic":false,"type":"Point","coordinates":[28.102374658239686,45.96155457945205]},"id":"+104282-170538","properties":{"count":81,"label":1}},{"type":"Feature","geometry":{"geodesic":false,"type":"Point","coordinates":[28.10491655778438,45.95920232424511]},"id":"+104288-170538","properties":{"count":9,"label":1}},{"type":"Feature","geometry":{"geodesic":false,"type":"Point","coordinates":[28.10350381663834,45.954121930228126]},"id":"+104295-170505","properties":{"count":128,"label":1}}]}