{"type":"FeatureCollection","features":[{"type":"Feature","geometry":{"geodesic":false,"type":"Point","coordinates":[27.2298339527004,46.01421290645638]},"id":"+101040-170742","properties":{"count":8,"label":1}},{"type":"Feature","geometry":{"geodesic":false,"type":"Point","coordinates":[27.23539227852089,46.02334203553124]},"id":"+101063-170776","properties":{"count":18,"label":1}},{"type":"Feature","geometry":{"geodesic":false,"type":"Point","coordinates":[27.237682982495397,46.04517109693535]},"id":"+101069-170858","properties":{"count":1,"label":1}},{"type":"Feature","geometry":{"geodesic":false,"type":"Point","coordinates":[27.243239263996802,46.025090550531495]},"id":"+101072-170757","properties":{"count":379,"label":1}},{"type":"Feature","geometry":{"geodesic":false,"type":"Point","coordinates":[27.239165202714194,46.04490160235011]},"id":"+101076-170856","properties":{"count":10,"label":1}},{"type":"Feature","geometry":{"geodesic":false,"type":"Point","coordinates":[27.241802399726858,46.036508770981335]},"id":"+101085-170825","properties":{"count":7,"label":1}},{"type":"Feature","geometry":{"geodesic":false,"type":"Point","coordinates":[27.24334236878535,46.034256566233296]},"id":"+101091-170817","properties":{"count":6,"label":1}},{"type":"Feature","geometry":{"geodesic":false,"type":"Point","coordinates":[27.244150852541058,45.949231024591384]},"id":"+101094-170501","properties":{"count":9,"label":1}},{"type":"Feature","geometry":{"geodesic":false,"type":"Point","coordinates":[27.24576782005247,45.94963526646924]},"id":"+101100-170501","properties":{"count":18,"label":1}},{"type":"Feature","geometry":{"geodesic":false,"type":"Point","coordinates":[27.24599801334403,46.037428742080344]},"id":"+101106-170814","properties":{"count":144,"label":1}},{"type":"Feature","geometry":{"geodesic":false,"type":"Point","coordinates":[27.249271249660538,46.03573878645209]},"id":"+101113-170822","properties":{"count":9,"label":1}},{"type":"Feature","geometry":{"geodesic":false,"type":"Point","coordinates":[27.2557391197062,45.87242506779916]},"id":"+101137-170216","properties":{"count":9,"label":1}},{"type":"Feature","geometry":{"geodesic":false,"type":"Point","coordinates":[27.255912629918612,45.94308064131737]},"id":"+101159-170461","properties":{"count":219,"label":1}},{"type":"Feature","geometry":{"geodesic":false,"type":"Point","coordinates":[27.268405365212285,45.92470701733492]},"id":"+101184-170411","properties":{"count":3,"label":1}},{"type":"Feature","geometry":{"geodesic":false,"type":"Point","coordinates":[27.272043542112968,45.912175519121455]},"id":"+101196-170362","properties":{"count":18,"label":1}},{"type":"Feature","geometry":{"geodesic":false,"type":"Point","coordinates":[27.274808556557485,45.908763717672365]},"id":"+101205-170349","properties":{"count":25,"label":1}},{"type":"Feature","geometry":{"geodesic":false,"type":"Point","coordinates":[27.275007982550562,45.905842396368406]},"id":"+101212-170340","properties":{"count":30,"label":1}},{"type":"Feature","geometry":{"geodesic":false,"type":"Point","coordinates":[27.27837666486601,45.901665230297255]},"id":"+101221-170324","properties":{"count":12,"label":1}},{"type":"Feature","geometry":{"geodesic":false,"type":"Point","coordinates":[27.285999511705537,45.89906653251105]},"id":"+101249-170315","properties":{"count":7,"label":1}},{"type":"Feature","geometry":{"geodesic":false,"type":"Point","coordinates":[27.2880784699345,45.891289688765674]},"id":"+101256-170287","properties":{"count":1,"label":1}},{"type":"Feature","geometry":{"geodesic":false,"type":"Point","coordinates":[27.28996493203115,45.88455232413477]},"id":"+101263-170262","properties":{"count":1,"label":1}},{"type":"Feature","geometry":{"geodesic":false,"type":"Point","coordinates":[27.302900672122473,45.85773761290381]},"id":"+101311-170162","properties":{"count":2,"label":1}},{"type":"Feature","geometry":{"geodesic":false,"type":"Point","coordinates":[27.303655256961132,45.85603979701683]},"id":"+101314-170155","properties":{"count":5,"label":1}},{"type":"Feature","geometry":{"geodesic":false,"type":"Point","coordinates":[27.30694309090101,45.84224167425275]},"id":"+101326-170105","properties":{"count":1,"label":1}},{"type":"Feature","geometry":{"geodesic":false,"type":"Point","coordinates":[27.310716015094314,46.07885792008983]},"id":"+101341-170983","properties":{"count":3,"label":1}},{"type":"Feature","geometry":{"geodesic":false,"type":"Point","coordinates":[27.315027928458086,45.824994020797654]},"id":"+101357-170040","properties":{"count":9,"label":1}},{"type":"Feature","geometry":{"geodesic":false,"type":"Point","coordinates":[27.315620816545604,45.84488272118806]},"id":"+101358-170113","properties":{"count":5,"label":1}},{"type":"Feature","geometry":{"geodesic":false,"type":"Point","coordinates":[27.31805974254199,45.815022721143926]},"id":"+101366-170000","properties":{"count":36,"label":1}},{"type":"Feature","geometry":{"geodesic":false,"type":"Point","coordinates":[27.318261863480917,46.06417046519447]},"id":"+101369-170927","properties":{"count":12,"label":1}},{"type":"Feature","geometry":{"geodesic":false,"type":"Point","coordinates":[27.318843404428005,45.81783113840059]},"id":"+101375-170012","properties":{"count":57,"label":1}},{"type":"Feature","geometry":{"geodesic":false,"type":"Point","coordinates":[27.320417820162803,46.06114827591718]},"id":"+101379-170915","properties":{"count":21,"label":1}},{"type":"Feature","geometry":{"geodesic":false,"type":"Point","coordinates":[27.32426424287935,45.802233978099096]},"id":"+101388-169953","properties":{"count":33,"label":1}},{"type":"Feature","geometry":{"geodesic":false,"type":"Point","coordinates":[27.3253723744606,45.81205828070633]},"id":"+101394-169987","properties":{"count":39,"label":1}},{"type":"Feature","geometry":{"geodesic":false,"type":"Point","coordinates":[27.325807711867522,45.80747687275732]},"id":"+101397-169975","properties":{"count":9,"label":1}},{"type":"Feature","geometry":{"geodesic":false,"type":"Point","coordinates":[27.327424679378936,45.799931024370714]},"id":"+101403-169947","properties":{"count":9,"label":1}},{"type":"Feature","geometry":{"geodesic":false,"type":"Point","coordinates":[27.32836791042726,46.06834763126563]},"id":"+101406-170943","properties":{"count":6,"label":1}},{"type":"Feature","geometry":{"geodesic":false,"type":"Point","coordinates":[27.33153447180378,45.80572515795329]},"id":"+101416-169968","properties":{"count":12,"label":1}},{"type":"Feature","geometry":{"geodesic":false,"type":"Point","coordinates":[27.332545076498416,45.812597269876804]},"id":"+101422-169994","properties":{"count":9,"label":1}},{"type":"Feature","geometry":{"geodesic":false,"type":"Point","coordinates":[27.33263490802683,45.89569143365786]},"id":"+101422-170303","properties":{"count":3,"label":1}},{"type":"Feature","geometry":{"geodesic":false,"type":"Point","coordinates":[27.334162044009833,46.06241875039044]},"id":"+101428-170921","properties":{"count":9,"label":1}},{"type":"Feature","geometry":{"geodesic":false,"type":"Point","coordinates":[27.33453519035862,45.89166283511447]},"id":"+101431-170284","properties":{"count":39,"label":1}},{"type":"Feature","geometry":{"geodesic":false,"type":"Point","coordinates":[27.33671325941673,45.88796592221443]},"id":"+101440-170268","properties":{"count":45,"label":1}},{"type":"Feature","geometry":{"geodesic":false,"type":"Point","coordinates":[27.339147693836697,45.78349185467133]},"id":"+101446-169887","properties":{"count":2,"label":1}},{"type":"Feature","geometry":{"geodesic":false,"type":"Point","coordinates":[27.2747087978839,45.90940665789047]},"id":"+101450-169910","properties":{"count":15222,"label":1}},{"type":"Feature","geometry":{"geodesic":false,"type":"Point","coordinates":[27.34089940864073,45.798314056859304]},"id":"+101453-169941","properties":{"count":9,"label":1}},{"type":"Feature","geometry":{"geodesic":false,"type":"Point","coordinates":[27.339147693836697,46.05761837809093]},"id":"+101453-170897","properties":{"count":48,"label":1}},{"type":"Feature","geometry":{"geodesic":false,"type":"Point","coordinates":[27.342516376152144,45.78753427344987]},"id":"+101459-169901","properties":{"count":9,"label":1}},{"type":"Feature","geometry":{"geodesic":false,"type":"Point","coordinates":[27.342516376152144,45.798314056859304]},"id":"+101459-169941","properties":{"count":9,"label":1}},{"type":"Feature","geometry":{"geodesic":false,"type":"Point","coordinates":[27.340405335234465,45.88208195710345]},"id":"+101462-170241","properties":{"count":90,"label":1}},{"type":"Feature","geometry":{"geodesic":false,"type":"Point","coordinates":[27.343324859907852,46.05325593449242]},"id":"+101465-170884","properties":{"count":27,"label":1}},{"type":"Feature","geometry":{"geodesic":false,"type":"Point","coordinates":[27.34467233283403,45.775407017114254]},"id":"+101466-169857","properties":{"count":1,"label":1}},{"type":"Feature","geometry":{"geodesic":false,"type":"Point","coordinates":[27.345626155372603,45.7864745360088]},"id":"+101467-169861","properties":{"count":458,"label":1}},{"type":"Feature","geometry":{"geodesic":false,"type":"Point","coordinates":[27.344941827419266,46.07670196340794]},"id":"+101468-170974","properties":{"count":9,"label":1}},{"type":"Feature","geometry":{"geodesic":false,"type":"Point","coordinates":[27.345750311174974,46.079127414675064]},"id":"+101471-170983","properties":{"count":9,"label":1}},{"type":"Feature","geometry":{"geodesic":false,"type":"Point","coordinates":[27.347502025979008,46.075084995896525]},"id":"+101478-170968","properties":{"count":12,"label":1}},{"type":"Feature","geometry":{"geodesic":false,"type":"Point","coordinates":[27.348445257027333,45.77069086187263]},"id":"+101481-169839","properties":{"count":6,"label":1}},{"type":"Feature","geometry":{"geodesic":false,"type":"Point","coordinates":[27.347309529846694,46.05081123361207]},"id":"+101484-170876","properties":{"count":42,"label":1}},{"type":"Feature","geometry":{"geodesic":false,"type":"Point","coordinates":[27.349425237337282,45.76761617365016]},"id":"+101485-169827","properties":{"count":11,"label":1}},{"type":"Feature","geometry":{"geodesic":false,"type":"Point","coordinates":[27.349792729953514,45.77055611458001]},"id":"+101485-169839","properties":{"count":1,"label":1}},{"type":"Feature","geometry":{"geodesic":false,"type":"Point","coordinates":[27.346998108021683,45.8750794048784]},"id":"+101485-170219","properties":{"count":73,"label":1}},{"type":"Feature","geometry":{"geodesic":false,"type":"Point","coordinates":[27.349223796940237,46.068377575108435]},"id":"+101485-170939","properties":{"count":18,"label":1}},{"type":"Feature","geometry":{"geodesic":false,"type":"Point","coordinates":[27.350938081940765,46.00441004091842]},"id":"+101490-170706","properties":{"count":4,"label":1}},{"type":"Feature","geometry":{"geodesic":false,"type":"Point","coordinates":[27.35248767580587,46.00339943622379]},"id":"+101496-170702","properties":{"count":9,"label":1}},{"type":"Feature","geometry":{"geodesic":false,"type":"Point","coordinates":[27.353296159561577,46.02859717994334]},"id":"+101499-170796","properties":{"count":6,"label":1}},{"type":"Feature","geometry":{"geodesic":false,"type":"Point","coordinates":[27.354104643317285,46.002860447053315]},"id":"+101502-170701","properties":{"count":3,"label":1}},{"type":"Feature","geometry":{"geodesic":false,"type":"Point","coordinates":[27.354104643317285,46.0117537683661]},"id":"+101502-170733","properties":{"count":9,"label":1}},{"type":"Feature","geometry":{"geodesic":false,"type":"Point","coordinates":[27.354149559081492,46.02693529666772]},"id":"+101502-170787","properties":{"count":18,"label":1}},{"type":"Feature","geometry":{"geodesic":false,"type":"Point","coordinates":[27.35504787436561,46.002860447053315]},"id":"+101505-170701","properties":{"count":2,"label":1}},{"type":"Feature","geometry":{"geodesic":false,"type":"Point","coordinates":[27.354913127072994,46.021186078849354]},"id":"+101505-170769","properties":{"count":3,"label":1}},{"type":"Feature","geometry":{"geodesic":false,"type":"Point","coordinates":[27.35518262165823,46.02522849762789]},"id":"+101505-170784","properties":{"count":1,"label":1}},{"type":"Feature","geometry":{"geodesic":false,"type":"Point","coordinates":[27.356664841877027,46.01013680085469]},"id":"+101512-170727","properties":{"count":12,"label":1}},{"type":"Feature","geometry":{"geodesic":false,"type":"Point","coordinates":[27.357635022383878,46.01924571783565]},"id":"+101515-170760","properties":{"count":10,"label":1}},{"type":"Feature","geometry":{"geodesic":false,"type":"Point","coordinates":[27.356691791335553,46.05803946338036]},"id":"+101516-170903","properties":{"count":20,"label":1}},{"type":"Feature","geometry":{"geodesic":false,"type":"Point","coordinates":[27.35841655668106,46.05918481536761]},"id":"+101518-170909","properties":{"count":9,"label":1}},{"type":"Feature","geometry":{"geodesic":false,"type":"Point","coordinates":[27.360609827997823,46.05629085812924]},"id":"+101530-170893","properties":{"count":65,"label":1}},{"type":"Feature","geometry":{"geodesic":false,"type":"Point","coordinates":[27.362119177939082,45.73172545999429]},"id":"+101533-169691","properties":{"count":23,"label":1}},{"type":"Feature","geometry":{"geodesic":false,"type":"Point","coordinates":[27.36153601612786,45.742423741770786]},"id":"+101536-169706","properties":{"count":339,"label":1}},{"type":"Feature","geometry":{"geodesic":false,"type":"Point","coordinates":[27.363267459215304,45.74980503151685]},"id":"+101536-169762","properties":{"count":3,"label":1}},{"type":"Feature","geometry":{"geodesic":false,"type":"Point","coordinates":[27.363357290743714,46.029989568633724]},"id":"+101536-170801","properties":{"count":6,"label":1}},{"type":"Feature","geometry":{"geodesic":false,"type":"Point","coordinates":[27.363806448385777,46.052582198029334]},"id":"+101537-170885","properties":{"count":2,"label":1}},{"type":"Feature","geometry":{"geodesic":false,"type":"Point","coordinates":[27.364255606027836,45.728425127754804]},"id":"+101539-169682","properties":{"count":3,"label":1}},{"type":"Feature","geometry":{"geodesic":false,"type":"Point","coordinates":[27.363632069536507,45.74172019395977]},"id":"+101539-169731","properties":{"count":17,"label":1}},{"type":"Feature","geometry":{"geodesic":false,"type":"Point","coordinates":[27.364138134029144,46.05497655376739]},"id":"+101539-170893","properties":{"count":13,"label":1}},{"type":"Feature","geometry":{"geodesic":false,"type":"Point","coordinates":[27.36488442672672,45.737408280596]},"id":"+101542-169715","properties":{"count":9,"label":1}},{"type":"Feature","geometry":{"geodesic":false,"type":"Point","coordinates":[27.365869475900343,45.72719536510723]},"id":"+101549-169675","properties":{"count":29,"label":1}},{"type":"Feature","geometry":{"geodesic":false,"type":"Point","coordinates":[27.36673238959691,46.04913651726096]},"id":"+101549-170872","properties":{"count":7,"label":1}},{"type":"Feature","geometry":{"geodesic":false,"type":"Point","coordinates":[27.367175130701224,46.062822992268295]},"id":"+101552-170921","properties":{"count":18,"label":1}},{"type":"Feature","geometry":{"geodesic":false,"type":"Point","coordinates":[27.36883172976929,45.98508965705041]},"id":"+101558-170634","properties":{"count":17,"label":1}},{"type":"Feature","geometry":{"geodesic":false,"type":"Point","coordinates":[27.368387856334785,45.990733190717705]},"id":"+101558-170655","properties":{"count":27,"label":1}},{"type":"Feature","geometry":{"geodesic":false,"type":"Point","coordinates":[27.36879209821264,46.04719230632462]},"id":"+101558-170863","properties":{"count":18,"label":1}},{"type":"Feature","geometry":{"geodesic":false,"type":"Point","coordinates":[27.372430275113324,45.98332208962372]},"id":"+101570-170627","properties":{"count":12,"label":1}},{"type":"Feature","geometry":{"geodesic":false,"type":"Point","coordinates":[27.37404724262474,45.982378858575395]},"id":"+101576-170624","properties":{"count":9,"label":1}},{"type":"Feature","geometry":{"geodesic":false,"type":"Point","coordinates":[27.37593370472139,45.98183986940492]},"id":"+101583-170623","properties":{"count":3,"label":1}},{"type":"Feature","geometry":{"geodesic":false,"type":"Point","coordinates":[27.37660744118448,45.98932713201212]},"id":"+101586-170646","properties":{"count":138,"label":1}},{"type":"Feature","geometry":{"geodesic":false,"type":"Point","coordinates":[27.3767421884771,45.99504510408148]},"id":"+101586-170671","properties":{"count":9,"label":1}},{"type":"Feature","geometry":{"geodesic":false,"type":"Point","coordinates":[27.377836019440704,46.036055838905305]},"id":"+101589-170822","properties":{"count":17,"label":1}},{"type":"Feature","geometry":{"geodesic":false,"type":"Point","coordinates":[27.378224408695896,46.01188851565872]},"id":"+101591-170734","properties":{"count":4,"label":1}},{"type":"Feature","geometry":{"geodesic":false,"type":"Point","coordinates":[27.378359155988512,46.0432846348387]},"id":"+101592-170850","properties":{"count":9,"label":1}},{"type":"Feature","geometry":{"geodesic":false,"type":"Point","coordinates":[27.37916763974422,46.02684546513931]},"id":"+101595-170790","properties":{"count":3,"label":1}},{"type":"Feature","geometry":{"geodesic":false,"type":"Point","coordinates":[27.37921428303782,46.018107621471856]},"id":"+101599-170743","properties":{"count":156,"label":1}},{"type":"Feature","geometry":{"geodesic":false,"type":"Point","coordinates":[27.38066210971689,45.980810890079475]},"id":"+101601-170618","properties":{"count":11,"label":1}},{"type":"Feature","geometry":{"geodesic":false,"type":"Point","coordinates":[27.380919354548254,46.04085918357158]},"id":"+101601-170841","properties":{"count":6,"label":1}},{"type":"Feature","geometry":{"geodesic":false,"type":"Point","coordinates":[27.380919354548254,46.04247615108299]},"id":"+101601-170847","properties":{"count":6,"label":1}},{"type":"Feature","geometry":{"geodesic":false,"type":"Point","coordinates":[27.38186258559658,45.994506114911005]},"id":"+101604-170670","properties":{"count":1,"label":1}},{"type":"Feature","geometry":{"geodesic":false,"type":"Point","coordinates":[27.38164209002684,46.02939341394518]},"id":"+101604-170798","properties":{"count":11,"label":1}},{"type":"Feature","geometry":{"geodesic":false,"type":"Point","coordinates":[27.38240157476705,45.963244743023644]},"id":"+101607-170553","properties":{"count":9,"label":1}},{"type":"Feature","geometry":{"geodesic":false,"type":"Point","coordinates":[27.38240157476705,46.01000205356207]},"id":"+101607-170726","properties":{"count":12,"label":1}},{"type":"Feature","geometry":{"geodesic":false,"type":"Point","coordinates":[27.382940563937524,46.007172360417094]},"id":"+101608-170717","properties":{"count":1,"label":1}},{"type":"Feature","geometry":{"geodesic":false,"type":"Point","coordinates":[27.38330805655375,45.705852914615654]},"id":"+101611-169598","properties":{"count":11,"label":1}},{"type":"Feature","geometry":{"geodesic":false,"type":"Point","coordinates":[27.383344805815376,46.000839237664046]},"id":"+101611-170692","properties":{"count":16,"label":1}},{"type":"Feature","geometry":{"geodesic":false,"type":"Point","coordinates":[27.383844163429195,46.01790458595855]},"id":"+101611-170755","properties":{"count":17,"label":1}},{"type":"Feature","geometry":{"geodesic":false,"type":"Point","coordinates":[27.38475002758125,45.99127217988818]},"id":"+101614-170655","properties":{"count":21,"label":1}},{"type":"Feature","geometry":{"geodesic":false,"type":"Point","coordinates":[27.38516389426572,45.72885182751476]},"id":"+101617-169684","properties":{"count":4,"label":1}},{"type":"Feature","geometry":{"geodesic":false,"type":"Point","coordinates":[27.384611430365982,45.97863288384062]},"id":"+101617-170610","properties":{"count":10,"label":1}},{"type":"Feature","geometry":{"geodesic":false,"type":"Point","coordinates":[27.38509652061941,45.99423662032577]},"id":"+101617-170668","properties":{"count":9,"label":1}},{"type":"Feature","geometry":{"geodesic":false,"type":"Point","coordinates":[27.382940563937524,46.00322922911733]},"id":"+101617-170699","properties":{"count":57,"label":1}},{"type":"Feature","geometry":{"geodesic":false,"type":"Point","coordinates":[27.383251316028744,46.045821710773446]},"id":"+101620-170671","properties":{"count":15507,"label":1}},{"type":"Feature","geometry":{"geodesic":false,"type":"Point","coordinates":[27.38698298271606,45.95515990546657]},"id":"+101623-170524","properties":{"count":1,"label":1}},{"type":"Feature","geometry":{"geodesic":false,"type":"Point","coordinates":[27.387252477301296,46.00555539290568]},"id":"+101624-170711","properties":{"count":1,"label":1}},{"type":"Feature","geometry":{"geodesic":false,"type":"Point","coordinates":[27.38752197188653,45.95825909319678]},"id":"+101626-170534","properties":{"count":12,"label":1}},{"type":"Feature","geometry":{"geodesic":false,"type":"Point","coordinates":[27.3883463082649,45.956412262656784]},"id":"+101629-170526","properties":{"count":17,"label":1}},{"type":"Feature","geometry":{"geodesic":false,"type":"Point","coordinates":[27.38833045564224,45.96081929175652]},"id":"+101629-170544","properties":{"count":9,"label":1}},{"type":"Feature","geometry":{"geodesic":false,"type":"Point","coordinates":[27.389314696736143,45.712146092519106]},"id":"+101635-169619","properties":{"count":23,"label":1}},{"type":"Feature","geometry":{"geodesic":false,"type":"Point","coordinates":[27.388815545895664,45.97698896687068]},"id":"+101635-170603","properties":{"count":30,"label":1}},{"type":"Feature","geometry":{"geodesic":false,"type":"Point","coordinates":[27.39156439066507,45.99585358783718]},"id":"+101641-170674","properties":{"count":9,"label":1}},{"type":"Feature","geometry":{"geodesic":false,"type":"Point","coordinates":[27.39269626792306,45.975964887446786]},"id":"+101645-170600","properties":{"count":15,"label":1}},{"type":"Feature","geometry":{"geodesic":false,"type":"Point","coordinates":[27.3924658035881,45.961683533012625]},"id":"+101648-170547","properties":{"count":29,"label":1}},{"type":"Feature","geometry":{"geodesic":false,"type":"Point","coordinates":[27.394528831102665,45.97523725206664]},"id":"+101651-170598","properties":{"count":2,"label":1}},{"type":"Feature","geometry":{"geodesic":false,"type":"Point","coordinates":[27.395067820273137,46.05918481536761]},"id":"+101654-170909","properties":{"count":9,"label":1}},{"type":"Feature","geometry":{"geodesic":false,"type":"Point","coordinates":[27.394990821820212,46.06238025116398]},"id":"+101654-170921","properties":{"count":7,"label":1}},{"type":"Feature","geometry":{"geodesic":false,"type":"Point","coordinates":[27.395269941212064,45.694962883421354]},"id":"+101657-169551","properties":{"count":48,"label":1}},{"type":"Feature","geometry":{"geodesic":false,"type":"Point","coordinates":[27.394602329625908,45.717539179811794]},"id":"+101657-169635","properties":{"count":66,"label":1}},{"type":"Feature","geometry":{"geodesic":false,"type":"Point","coordinates":[27.394449121436608,45.71036772531121]},"id":"+101660-169613","properties":{"count":71,"label":1}},{"type":"Feature","geometry":{"geodesic":false,"type":"Point","coordinates":[27.395741556736226,45.961627775512234]},"id":"+101660-170547","properties":{"count":30,"label":1}},{"type":"Feature","geometry":{"geodesic":false,"type":"Point","coordinates":[27.397554735217593,45.97451623585176]},"id":"+101663-170593","properties":{"count":57,"label":1}},{"type":"Feature","geometry":{"geodesic":false,"type":"Point","coordinates":[27.398301755295964,45.71989113255567]},"id":"+101666-169650","properties":{"count":9,"label":1}},{"type":"Feature","geometry":{"geodesic":false,"type":"Point","coordinates":[27.398301755295964,45.97968391272303]},"id":"+101666-170615","properties":{"count":3,"label":1}},{"type":"Feature","geometry":{"geodesic":false,"type":"Point","coordinates":[27.399211299521138,45.71231159734591]},"id":"+101668-169619","properties":{"count":24,"label":1}},{"type":"Feature","geometry":{"geodesic":false,"type":"Point","coordinates":[27.398503876234894,45.68957299171664]},"id":"+101669-169533","properties":{"count":36,"label":1}},{"type":"Feature","geometry":{"geodesic":false,"type":"Point","coordinates":[27.39870599717382,45.96081929175652]},"id":"+101669-170544","properties":{"count":18,"label":1}},{"type":"Feature","geometry":{"geodesic":false,"type":"Point","coordinates":[27.39978397551476,45.71881315421472]},"id":"+101671-169645","properties":{"count":10,"label":1}},{"type":"Feature","geometry":{"geodesic":false,"type":"Point","coordinates":[27.397272285980364,45.98620070640109]},"id":"+101671-170615","properties":{"count":650,"label":1}},{"type":"Feature","geometry":{"geodesic":false,"type":"Point","coordinates":[27.39937973363691,46.048405031958175]},"id":"+101671-170869","properties":{"count":15,"label":1}},{"type":"Feature","geometry":{"geodesic":false,"type":"Point","coordinates":[27.399952409630536,45.686776985394815]},"id":"+101672-169527","properties":{"count":8,"label":1}},{"type":"Feature","geometry":{"geodesic":false,"type":"Point","coordinates":[27.400120843746308,46.066798037400524]},"id":"+101672-170937","properties":{"count":12,"label":1}},{"type":"Feature","geometry":{"geodesic":false,"type":"Point","coordinates":[27.401670437611415,45.71611820836237]},"id":"+101679-169637","properties":{"count":4,"label":1}},{"type":"Feature","geometry":{"geodesic":false,"type":"Point","coordinates":[27.401670437611415,45.72083436360399]},"id":"+101679-169653","properties":{"count":16,"label":1}},{"type":"Feature","geometry":{"geodesic":false,"type":"Point","coordinates":[27.401670437611415,46.01000205356207]},"id":"+101679-170726","properties":{"count":16,"label":1}},{"type":"Feature","geometry":{"geodesic":false,"type":"Point","coordinates":[27.401670437611415,46.06592217999851]},"id":"+101679-170934","properties":{"count":12,"label":1}},{"type":"Feature","geometry":{"geodesic":false,"type":"Point","coordinates":[27.403746770893118,45.71893565175347]},"id":"+101680-169639","properties":{"count":44,"label":1}},{"type":"Feature","geometry":{"geodesic":false,"type":"Point","coordinates":[27.402074679489267,46.0327743460145]},"id":"+101681-170812","properties":{"count":5,"label":1}},{"type":"Feature","geometry":{"geodesic":false,"type":"Point","coordinates":[27.4043041346944,46.0097448087307]},"id":"+101685-170723","properties":{"count":33,"label":1}},{"type":"Feature","geometry":{"geodesic":false,"type":"Point","coordinates":[27.403017910537592,46.021725068019826]},"id":"+101685-170770","properties":{"count":18,"label":1}},{"type":"Feature","geometry":{"geodesic":false,"type":"Point","coordinates":[27.403422152415448,46.048405031958175]},"id":"+101685-170869","properties":{"count":9,"label":1}},{"type":"Feature","geometry":{"geodesic":false,"type":"Point","coordinates":[27.40503911992686,46.02091658426412]},"id":"+101691-170767","properties":{"count":9,"label":1}},{"type":"Feature","geometry":{"geodesic":false,"type":"Point","coordinates":[27.40503911992686,46.066730663754214]},"id":"+101691-170937","properties":{"count":9,"label":1}},{"type":"Feature","geometry":{"geodesic":false,"type":"Point","coordinates":[27.40463487804901,46.081552865942186]},"id":"+101694-170992","properties":{"count":36,"label":1}},{"type":"Feature","geometry":{"geodesic":false,"type":"Point","coordinates":[27.40652134014566,46.02105133155674]},"id":"+101696-170768","properties":{"count":4,"label":1}},{"type":"Feature","geometry":{"geodesic":false,"type":"Point","coordinates":[27.40665608743828,45.71908264879996]},"id":"+101697-169647","properties":{"count":9,"label":1}},{"type":"Feature","geometry":{"geodesic":false,"type":"Point","coordinates":[27.4067330858912,46.03254335065573]},"id":"+101697-170810","properties":{"count":7,"label":1}},{"type":"Feature","geometry":{"geodesic":false,"type":"Point","coordinates":[27.40719507660875,46.08290033886837]},"id":"+101698-170998","properties":{"count":1,"label":1}},{"type":"Feature","geometry":{"geodesic":false,"type":"Point","coordinates":[27.407464571193984,46.02091658426412]},"id":"+101700-170767","properties":{"count":9,"label":1}},{"type":"Feature","geometry":{"geodesic":false,"type":"Point","coordinates":[27.408138307657076,45.71908264879996]},"id":"+101703-169647","properties":{"count":12,"label":1}},{"type":"Feature","geometry":{"geodesic":false,"type":"Point","coordinates":[27.408273054949692,46.000839237664046]},"id":"+101703-170692","properties":{"count":12,"label":1}},{"type":"Feature","geometry":{"geodesic":false,"type":"Point","coordinates":[27.4090815387054,46.02010810050841]},"id":"+101706-170764","properties":{"count":9,"label":1}},{"type":"Feature","geometry":{"geodesic":false,"type":"Point","coordinates":[27.4090815387054,46.03088788391785]},"id":"+101706-170804","properties":{"count":9,"label":1}},{"type":"Feature","geometry":{"geodesic":false,"type":"Point","coordinates":[27.409485780583253,46.083843569916695]},"id":"+101706-170999","properties":{"count":18,"label":1}},{"type":"Feature","geometry":{"geodesic":false,"type":"Point","coordinates":[27.411506989972523,45.68000593394076]},"id":"+101714-169502","properties":{"count":3,"label":1}},{"type":"Feature","geometry":{"geodesic":false,"type":"Point","coordinates":[27.413393452069172,45.67892795559982]},"id":"+101722-169499","properties":{"count":3,"label":1}},{"type":"Feature","geometry":{"geodesic":false,"type":"Point","coordinates":[27.414848722829447,45.6784428653464]},"id":"+101726-169496","properties":{"count":5,"label":1}},{"type":"Feature","geometry":{"geodesic":false,"type":"Point","coordinates":[27.42219165764599,45.67039924460824]},"id":"+101756-169465","properties":{"count":17,"label":1}},{"type":"Feature","geometry":{"geodesic":false,"type":"Point","coordinates":[27.42417323547861,45.66922615053133]},"id":"+101762-169462","properties":{"count":9,"label":1}},{"type":"Feature","geometry":{"geodesic":false,"type":"Point","coordinates":[27.42659868674573,46.01000205356207]},"id":"+101771-170726","properties":{"count":12,"label":1}},{"type":"Feature","geometry":{"geodesic":false,"type":"Point","coordinates":[27.427541917794056,46.009058822513744]},"id":"+101774-170723","properties":{"count":6,"label":1}},{"type":"Feature","geometry":{"geodesic":false,"type":"Point","coordinates":[27.428677644974695,46.007826847266955]},"id":"+101778-170717","properties":{"count":7,"label":1}},{"type":"Feature","geometry":{"geodesic":false,"type":"Point","coordinates":[27.430856701192457,46.042314454331844]},"id":"+101787-170847","properties":{"count":5,"label":1}},{"type":"Feature","geometry":{"geodesic":false,"type":"Point","coordinates":[27.430910600109506,46.13194835338129]},"id":"+101787-171180","properties":{"count":3,"label":1}},{"type":"Feature","geometry":{"geodesic":false,"type":"Point","coordinates":[27.430708479170576,46.001108732249286]},"id":"+101790-170691","properties":{"count":24,"label":1}},{"type":"Feature","geometry":{"geodesic":false,"type":"Point","coordinates":[27.431796082318137,46.04162916810081]},"id":"+101790-170844","properties":{"count":7,"label":1}},{"type":"Feature","geometry":{"geodesic":false,"type":"Point","coordinates":[27.43266231491354,45.67488553682128]},"id":"+101793-169483","properties":{"count":6,"label":1}},{"type":"Feature","geometry":{"geodesic":false,"type":"Point","coordinates":[27.431507338119673,46.00605588284968]},"id":"+101793-170711","properties":{"count":28,"label":1}},{"type":"Feature","geometry":{"geodesic":false,"type":"Point","coordinates":[27.43252756762092,46.040050699815865]},"id":"+101793-170838","properties":{"count":9,"label":1}},{"type":"Feature","geometry":{"geodesic":false,"type":"Point","coordinates":[27.433008807951698,46.01668166935327]},"id":"+101796-170751","properties":{"count":14,"label":1}},{"type":"Feature","geometry":{"geodesic":false,"type":"Point","coordinates":[27.434144535132337,46.12871441835846]},"id":"+101799-171168","properties":{"count":3,"label":1}},{"type":"Feature","geometry":{"geodesic":false,"type":"Point","coordinates":[27.434144535132337,46.10580737861341]},"id":"+101802-171079","properties":{"count":27,"label":1}},{"type":"Feature","geometry":{"geodesic":false,"type":"Point","coordinates":[27.435707603726705,45.6784428653464]},"id":"+101805-169496","properties":{"count":10,"label":1}},{"type":"Feature","geometry":{"geodesic":false,"type":"Point","coordinates":[27.4346161506565,46.03696648400706]},"id":"+101805-170822","properties":{"count":36,"label":1}},{"type":"Feature","geometry":{"geodesic":false,"type":"Point","coordinates":[27.43656998639946,46.01903012216747]},"id":"+101808-170760","properties":{"count":9,"label":1}},{"type":"Feature","geometry":{"geodesic":false,"type":"Point","coordinates":[27.436549256046746,46.03434985282049]},"id":"+101808-170816","properties":{"count":13,"label":1}},{"type":"Feature","geometry":{"geodesic":false,"type":"Point","coordinates":[27.437378470155167,46.01579618714464]},"id":"+101811-170748","properties":{"count":9,"label":1}},{"type":"Feature","geometry":{"geodesic":false,"type":"Point","coordinates":[27.437378470155167,46.08209185511266]},"id":"+101811-170992","properties":{"count":21,"label":1}},{"type":"Feature","geometry":{"geodesic":false,"type":"Point","coordinates":[27.438591195788728,46.075354490481764]},"id":"+101815-170970","properties":{"count":2,"label":1}},{"type":"Feature","geometry":{"geodesic":false,"type":"Point","coordinates":[27.439103235500674,46.079181313592116]},"id":"+101816-170983","properties":{"count":5,"label":1}},{"type":"Feature","geometry":{"geodesic":false,"type":"Point","coordinates":[27.439264932251817,46.00663337124662]},"id":"+101818-170714","properties":{"count":9,"label":1}},{"type":"Feature","geometry":{"geodesic":false,"type":"Point","coordinates":[27.4384115327319,46.03101514524976]},"id":"+101820-170798","properties":{"count":36,"label":1}},{"type":"Feature","geometry":{"geodesic":false,"type":"Point","coordinates":[27.440073416007525,46.06161026663474]},"id":"+101821-170918","properties":{"count":9,"label":1}},{"type":"Feature","geometry":{"geodesic":false,"type":"Point","coordinates":[27.44088189976323,46.116587162022846]},"id":"+101824-171122","properties":{"count":9,"label":1}},{"type":"Feature","geometry":{"geodesic":false,"type":"Point","coordinates":[27.441555636226322,45.67919745018506]},"id":"+101826-169499","properties":{"count":6,"label":1}},{"type":"Feature","geometry":{"geodesic":false,"type":"Point","coordinates":[27.44176738197186,46.06076328365256]},"id":"+101827-170915","properties":{"count":7,"label":1}},{"type":"Feature","geometry":{"geodesic":false,"type":"Point","coordinates":[27.443699343154332,46.008813827436256]},"id":"+101834-170721","properties":{"count":22,"label":1}},{"type":"Feature","geometry":{"geodesic":false,"type":"Point","coordinates":[27.44411583478606,46.01458346151108]},"id":"+101836-170742","properties":{"count":18,"label":1}},{"type":"Feature","geometry":{"geodesic":false,"type":"Point","coordinates":[27.445103981598596,45.675065199878105]},"id":"+101839-169484","properties":{"count":3,"label":1}},{"type":"Feature","geometry":{"geodesic":false,"type":"Point","coordinates":[27.44372916864203,46.05954804719988]},"id":"+101839-170908","properties":{"count":23,"label":1}},{"type":"Feature","geometry":{"geodesic":false,"type":"Point","coordinates":[27.445867549590094,46.05770259514881]},"id":"+101842-170904","properties":{"count":4,"label":1}},{"type":"Feature","geometry":{"geodesic":false,"type":"Point","coordinates":[27.445389809188995,46.074423509187305]},"id":"+101842-170966","properties":{"count":11,"label":1}},{"type":"Feature","geometry":{"geodesic":false,"type":"Point","coordinates":[27.446676033345803,46.05109997781054]},"id":"+101846-170880","properties":{"count":4,"label":1}},{"type":"Feature","geometry":{"geodesic":false,"type":"Point","coordinates":[27.446887779091345,46.05672086487402]},"id":"+101846-170900","properties":{"count":7,"label":1}},{"type":"Feature","geometry":{"geodesic":false,"type":"Point","coordinates":[27.44191304360829,46.01530704139018]},"id":"+101849-170691","properties":{"count":2060,"label":1}},{"type":"Feature","geometry":{"geodesic":false,"type":"Point","coordinates":[27.44679906348254,46.011835788457255]},"id":"+101849-170733","properties":{"count":23,"label":1}},{"type":"Feature","geometry":{"geodesic":false,"type":"Point","coordinates":[27.447619264394127,46.03924221606016]},"id":"+101849-170835","properties":{"count":9,"label":1}},{"type":"Feature","geometry":{"geodesic":false,"type":"Point","coordinates":[27.447619264394127,46.10499889485771]},"id":"+101849-171079","properties":{"count":9,"label":1}},{"type":"Feature","geometry":{"geodesic":false,"type":"Point","coordinates":[27.448081255111678,46.05568138575955]},"id":"+101852-170896","properties":{"count":7,"label":1}},{"type":"Feature","geometry":{"geodesic":false,"type":"Point","coordinates":[27.449775221076013,46.01256225212181]},"id":"+101856-170736","properties":{"count":3,"label":1}},{"type":"Feature","geometry":{"geodesic":false,"type":"Point","coordinates":[27.449775221076013,46.02738445430978]},"id":"+101856-170791","properties":{"count":3,"label":1}},{"type":"Feature","geometry":{"geodesic":false,"type":"Point","coordinates":[27.449775221076013,46.0365472702078]},"id":"+101856-170825","properties":{"count":3,"label":1}},{"type":"Feature","geometry":{"geodesic":false,"type":"Point","coordinates":[27.448686877558714,46.049690313826225]},"id":"+101856-170872","properties":{"count":26,"label":1}},{"type":"Feature","geometry":{"geodesic":false,"type":"Point","coordinates":[27.44639428900669,46.117387479275976]},"id":"+101856-171119","properties":{"count":99,"label":1}},{"type":"Feature","geometry":{"geodesic":false,"type":"Point","coordinates":[27.442608661364925,46.12471525179731]},"id":"+101856-171141","properties":{"count":162,"label":1}},{"type":"Feature","geometry":{"geodesic":false,"type":"Point","coordinates":[27.45004471566125,45.94815304625044]},"id":"+101857-170498","properties":{"count":1,"label":1}},{"type":"Feature","geometry":{"geodesic":false,"type":"Point","coordinates":[27.450314210246486,45.922281566067795]},"id":"+101858-170402","properties":{"count":1,"label":1}},{"type":"Feature","geometry":{"geodesic":false,"type":"Point","coordinates":[27.45017946295387,45.94195467079001]},"id":"+101858-170475","properties":{"count":2,"label":1}},{"type":"Feature","geometry":{"geodesic":false,"type":"Point","coordinates":[27.45017946295387,45.94545810039808]},"id":"+101858-170488","properties":{"count":2,"label":1}},{"type":"Feature","geometry":{"geodesic":false,"type":"Point","coordinates":[27.44864873370973,45.67274574981451]},"id":"+101860-169468","properties":{"count":50,"label":1}},{"type":"Feature","geometry":{"geodesic":false,"type":"Point","coordinates":[27.450853199416958,45.66329726965614]},"id":"+101861-169440","properties":{"count":9,"label":1}},{"type":"Feature","geometry":{"geodesic":false,"type":"Point","coordinates":[27.453317149910543,45.943379142169114]},"id":"+101870-170479","properties":{"count":7,"label":1}},{"type":"Feature","geometry":{"geodesic":false,"type":"Point","coordinates":[27.45104642194977,46.05227456741788]},"id":"+101870-170876","properties":{"count":53,"label":1}},{"type":"Feature","geometry":{"geodesic":false,"type":"Point","coordinates":[27.454221881732405,46.056894111393106]},"id":"+101873-170901","properties":{"count":4,"label":1}},{"type":"Feature","geometry":{"geodesic":false,"type":"Point","coordinates":[27.455165112780733,46.114296458048344]},"id":"+101876-171114","properties":{"count":2,"label":1}},{"type":"Feature","geometry":{"geodesic":false,"type":"Point","coordinates":[27.454895618195497,46.12009059163091]},"id":"+101876-171135","properties":{"count":9,"label":1}},{"type":"Feature","geometry":{"geodesic":false,"type":"Point","coordinates":[27.455671576742642,46.05379492366289]},"id":"+101880-170881","properties":{"count":174,"label":1}},{"type":"Feature","geometry":{"geodesic":false,"type":"Point","coordinates":[27.4700157394261,45.932225286315564]},"id":"+101882-170375","properties":{"count":3508,"label":1}},{"type":"Feature","geometry":{"geodesic":false,"type":"Point","coordinates":[27.45636286649289,45.658880552842554]},"id":"+101883-169422","properties":{"count":18,"label":1}},{"type":"Feature","geometry":{"geodesic":false,"type":"Point","coordinates":[27.459126683183698,46.09909696344104]},"id":"+101889-171054","properties":{"count":30,"label":1}},{"type":"Feature","geometry":{"geodesic":false,"type":"Point","coordinates":[27.459173844736114,45.934981498397036]},"id":"+101891-170448","properties":{"count":8,"label":1}},{"type":"Feature","geometry":{"geodesic":false,"type":"Point","coordinates":[27.458803289681416,46.11928210787521]},"id":"+101892-171132","properties":{"count":18,"label":1}},{"type":"Feature","geometry":{"geodesic":false,"type":"Point","coordinates":[27.459594930025546,46.112527899832735]},"id":"+101895-171107","properties":{"count":16,"label":1}},{"type":"Feature","geometry":{"geodesic":false,"type":"Point","coordinates":[27.46055500448545,45.64766658371246]},"id":"+101896-169383","properties":{"count":1,"label":1}},{"type":"Feature","geometry":{"geodesic":false,"type":"Point","coordinates":[27.461093993655922,45.647127594541985]},"id":"+101898-169381","properties":{"count":1,"label":1}},{"type":"Feature","geometry":{"geodesic":false,"type":"Point","coordinates":[27.458803289681416,46.09578218004264]},"id":"+101898-171042","properties":{"count":60,"label":1}},{"type":"Feature","geometry":{"geodesic":false,"type":"Point","coordinates":[27.461147892572967,46.09715660242734]},"id":"+101898-171048","properties":{"count":30,"label":1}},{"type":"Feature","geometry":{"geodesic":false,"type":"Point","coordinates":[27.46176773011901,45.918239147289256]},"id":"+101901-170386","properties":{"count":6,"label":1}},{"type":"Feature","geometry":{"geodesic":false,"type":"Point","coordinates":[27.462710961167335,45.90018301007846]},"id":"+101904-170320","properties":{"count":1,"label":1}},{"type":"Feature","geometry":{"geodesic":false,"type":"Point","coordinates":[27.4624414665821,45.915813696022134]},"id":"+101904-170377","properties":{"count":9,"label":1}},{"type":"Feature","geometry":{"geodesic":false,"type":"Point","coordinates":[27.464058434093516,46.06996459877705]},"id":"+101910-170949","properties":{"count":9,"label":1}},{"type":"Feature","geometry":{"geodesic":false,"type":"Point","coordinates":[27.46500166514184,45.90018301007846]},"id":"+101914-170320","properties":{"count":4,"label":1}},{"type":"Feature","geometry":{"geodesic":false,"type":"Point","coordinates":[27.46500166514184,45.91743066353355]},"id":"+101914-170383","properties":{"count":12,"label":1}},{"type":"Feature","geometry":{"geodesic":false,"type":"Point","coordinates":[27.46388318898071,46.11894339883366]},"id":"+101914-171113","properties":{"count":183,"label":1}},{"type":"Feature","geometry":{"geodesic":false,"type":"Point","coordinates":[27.46522934160178,46.12463018145463]},"id":"+101915-171147","properties":{"count":58,"label":1}},{"type":"Feature","geometry":{"geodesic":false,"type":"Point","coordinates":[27.465430406527442,45.64138245997491]},"id":"+101917-169350","properties":{"count":66,"label":1}},{"type":"Feature","geometry":{"geodesic":false,"type":"Point","coordinates":[27.46656680677148,45.93899023035242]},"id":"+101917-170461","properties":{"count":13,"label":1}},{"type":"Feature","geometry":{"geodesic":false,"type":"Point","coordinates":[27.466753379945875,45.90018301007846]},"id":"+101920-170320","properties":{"count":3,"label":1}},{"type":"Feature","geometry":{"geodesic":false,"type":"Point","coordinates":[27.467488941637342,45.91200589605898]},"id":"+101920-170358","properties":{"count":85,"label":1}},{"type":"Feature","geometry":{"geodesic":false,"type":"Point","coordinates":[27.466753379945875,46.05015674676221]},"id":"+101920-170876","properties":{"count":6,"label":1}},{"type":"Feature","geometry":{"geodesic":false,"type":"Point","coordinates":[27.467157621823727,45.918239147289256]},"id":"+101923-170386","properties":{"count":18,"label":1}},{"type":"Feature","geometry":{"geodesic":false,"type":"Point","coordinates":[27.467561863701583,45.941415681619546]},"id":"+101923-170473","properties":{"count":3,"label":1}},{"type":"Feature","geometry":{"geodesic":false,"type":"Point","coordinates":[27.466591683194732,46.07028799227933]},"id":"+101923-170949","properties":{"count":45,"label":1}},{"type":"Feature","geometry":{"geodesic":false,"type":"Point","coordinates":[27.467157621823727,46.08034014030863]},"id":"+101923-170986","properties":{"count":18,"label":1}},{"type":"Feature","geometry":{"geodesic":false,"type":"Point","coordinates":[27.467561863701583,46.08829023057309]},"id":"+101923-171017","properties":{"count":9,"label":1}},{"type":"Feature","geometry":{"geodesic":false,"type":"Point","coordinates":[27.468639842042524,45.91796965270402]},"id":"+101926-170386","properties":{"count":1,"label":1}},{"type":"Feature","geometry":{"geodesic":false,"type":"Point","coordinates":[27.468284109190012,46.10638948691753]},"id":"+101928-171082","properties":{"count":25,"label":1}},{"type":"Feature","geometry":{"geodesic":false,"type":"Point","coordinates":[27.46923273013004,45.918885934293826]},"id":"+101929-170389","properties":{"count":5,"label":1}},{"type":"Feature","geometry":{"geodesic":false,"type":"Point","coordinates":[27.469178831212997,46.108232829880535]},"id":"+101929-171091","properties":{"count":9,"label":1}},{"type":"Feature","geometry":{"geodesic":false,"type":"Point","coordinates":[27.469987314968705,46.079935898430776]},"id":"+101932-170986","properties":{"count":9,"label":1}},{"type":"Feature","geometry":{"geodesic":false,"type":"Point","coordinates":[27.470634101973268,45.94093059136612]},"id":"+101933-170470","properties":{"count":5,"label":1}},{"type":"Feature","geometry":{"geodesic":false,"type":"Point","coordinates":[27.47079579872441,45.94249365996048]},"id":"+101935-170476","properties":{"count":9,"label":1}},{"type":"Feature","geometry":{"geodesic":false,"type":"Point","coordinates":[27.471334787894882,45.63715629488826]},"id":"+101936-169344","properties":{"count":1,"label":1}},{"type":"Feature","geometry":{"geodesic":false,"type":"Point","coordinates":[27.471873777065355,45.6374257894735]},"id":"+101938-169344","properties":{"count":3,"label":1}},{"type":"Feature","geometry":{"geodesic":false,"type":"Point","coordinates":[27.47402973374724,45.93562154803697]},"id":"+101947-170451","properties":{"count":6,"label":1}},{"type":"Feature","geometry":{"geodesic":false,"type":"Point","coordinates":[27.4729517554063,45.90882756715872]},"id":"+101948-170349","properties":{"count":39,"label":1}},{"type":"Feature","geometry":{"geodesic":false,"type":"Point","coordinates":[27.475107712088185,45.90018301007846]},"id":"+101951-170320","properties":{"count":3,"label":1}},{"type":"Feature","geometry":{"geodesic":false,"type":"Point","coordinates":[27.476212639887653,45.63844986889739]},"id":"+101953-169347","properties":{"count":10,"label":1}},{"type":"Feature","geometry":{"geodesic":false,"type":"Point","coordinates":[27.4767246795996,46.106615862369125]},"id":"+101957-171085","properties":{"count":9,"label":1}},{"type":"Feature","geometry":{"geodesic":false,"type":"Point","coordinates":[27.478317147603267,45.63921425353915]},"id":"+101962-169350","properties":{"count":11,"label":1}},{"type":"Feature","geometry":{"geodesic":false,"type":"Point","coordinates":[27.47995861462243,45.63998598803324]},"id":"+101969-169354","properties":{"count":6,"label":1}},{"type":"Feature","geometry":{"geodesic":false,"type":"Point","coordinates":[27.48034360688705,45.94087669244907]},"id":"+101972-170467","properties":{"count":21,"label":1}},{"type":"Feature","geometry":{"geodesic":false,"type":"Point","coordinates":[27.480901845670758,45.94249365996048]},"id":"+101972-170476","properties":{"count":6,"label":1}},{"type":"Feature","geometry":{"geodesic":false,"type":"Point","coordinates":[27.482384065889555,45.640659724496324]},"id":"+101978-169357","properties":{"count":3,"label":1}},{"type":"Feature","geometry":{"geodesic":false,"type":"Point","coordinates":[27.48221937475413,46.052776833007556]},"id":"+101978-170884","properties":{"count":18,"label":1}},{"type":"Feature","geometry":{"geodesic":false,"type":"Point","coordinates":[27.486965473838563,46.10998454468457]},"id":"+101994-171098","properties":{"count":2,"label":1}},{"type":"Feature","geometry":{"geodesic":false,"type":"Point","coordinates":[27.4872349684238,46.05541189117431]},"id":"+101995-170896","properties":{"count":1,"label":1}},{"type":"Feature","geometry":{"geodesic":false,"type":"Point","coordinates":[27.488151250013598,46.11537443638929]},"id":"+101997-171114","properties":{"count":30,"label":1}},{"type":"Feature","geometry":{"geodesic":false,"type":"Point","coordinates":[27.48820514893065,46.05767564569029]},"id":"+101998-170903","properties":{"count":5,"label":1}},{"type":"Feature","geometry":{"geodesic":false,"type":"Point","coordinates":[27.488389945217666,45.62991844031336]},"id":"+102000-169316","properties":{"count":7,"label":1}},{"type":"Feature","geometry":{"geodesic":false,"type":"Point","coordinates":[27.488312946764744,45.94977001376186]},"id":"+102000-170504","properties":{"count":3,"label":1}},{"type":"Feature","geometry":{"geodesic":false,"type":"Point","coordinates":[27.488851935935212,45.641333460959416]},"id":"+102001-169359","properties":{"count":2,"label":1}},{"type":"Feature","geometry":{"geodesic":false,"type":"Point","coordinates":[27.489310076730114,45.63219759451992]},"id":"+102003-169323","properties":{"count":20,"label":1}},{"type":"Feature","geometry":{"geodesic":false,"type":"Point","coordinates":[27.490815396484788,45.63419185445066]},"id":"+102009-169332","properties":{"count":7,"label":1}},{"type":"Feature","geometry":{"geodesic":false,"type":"Point","coordinates":[27.490738398031866,45.916622179777846]},"id":"+102009-170380","properties":{"count":9,"label":1}},{"type":"Feature","geometry":{"geodesic":false,"type":"Point","coordinates":[27.49146988333465,45.637387290247034]},"id":"+102012-169344","properties":{"count":7,"label":1}},{"type":"Feature","geometry":{"geodesic":false,"type":"Point","coordinates":[27.49289435471375,45.93117488738058]},"id":"+102016-170435","properties":{"count":1,"label":1}},{"type":"Feature","geometry":{"geodesic":false,"type":"Point","coordinates":[27.49289435471375,46.09369937189103]},"id":"+102016-171033","properties":{"count":42,"label":1}},{"type":"Feature","geometry":{"geodesic":false,"type":"Point","coordinates":[27.491119024404828,45.913391023049705]},"id":"+102019-170358","properties":{"count":97,"label":1}},{"type":"Feature","geometry":{"geodesic":false,"type":"Point","coordinates":[27.493433343884224,45.91500521226643]},"id":"+102019-170371","properties":{"count":27,"label":1}},{"type":"Feature","geometry":{"geodesic":false,"type":"Point","coordinates":[27.493433343884224,45.9193171256302]},"id":"+102019-170391","properties":{"count":3,"label":1}},{"type":"Feature","geometry":{"geodesic":false,"type":"Point","coordinates":[27.49370283846946,45.92928842528393]},"id":"+102019-170427","properties":{"count":3,"label":1}},{"type":"Feature","geometry":{"geodesic":false,"type":"Point","coordinates":[27.493433343884224,46.081552865942186]},"id":"+102019-170992","properties":{"count":9,"label":1}},{"type":"Feature","geometry":{"geodesic":false,"type":"Point","coordinates":[27.494241827639932,46.09974375044561]},"id":"+102022-171060","properties":{"count":6,"label":1}},{"type":"Feature","geometry":{"geodesic":false,"type":"Point","coordinates":[27.4958048962343,45.9260544902611]},"id":"+102028-170415","properties":{"count":5,"label":1}},{"type":"Feature","geometry":{"geodesic":false,"type":"Point","coordinates":[27.496532531614434,46.05096523051792]},"id":"+102030-170879","properties":{"count":4,"label":1}},{"type":"Feature","geometry":{"geodesic":false,"type":"Point","coordinates":[27.497475762662763,46.052582198029334]},"id":"+102033-170885","properties":{"count":2,"label":1}},{"type":"Feature","geometry":{"geodesic":false,"type":"Point","coordinates":[27.496990672409336,45.92384463466216]},"id":"+102034-170402","properties":{"count":45,"label":1}},{"type":"Feature","geometry":{"geodesic":false,"type":"Point","coordinates":[27.498284246418468,45.60751189051231]},"id":"+102037-169233","properties":{"count":9,"label":1}},{"type":"Feature","geometry":{"geodesic":false,"type":"Point","coordinates":[27.498284246418468,45.628262973575474]},"id":"+102037-169310","properties":{"count":9,"label":1}},{"type":"Feature","geometry":{"geodesic":false,"type":"Point","coordinates":[27.499901213929885,45.93629528450006]},"id":"+102042-170454","properties":{"count":1,"label":1}},{"type":"Feature","geometry":{"geodesic":false,"type":"Point","coordinates":[27.499968587576195,45.94997213470078]},"id":"+102042-170504","properties":{"count":4,"label":1}},{"type":"Feature","geometry":{"geodesic":false,"type":"Point","coordinates":[27.499766466637265,46.0966445627154]},"id":"+102042-171048","properties":{"count":6,"label":1}},{"type":"Feature","geometry":{"geodesic":false,"type":"Point","coordinates":[27.50017070851512,45.83092290167284]},"id":"+102043-170062","properties":{"count":3,"label":1}},{"type":"Feature","geometry":{"geodesic":false,"type":"Point","coordinates":[27.50017070851512,45.95246495961421]},"id":"+102043-170513","properties":{"count":3,"label":1}},{"type":"Feature","geometry":{"geodesic":false,"type":"Point","coordinates":[27.50017070851512,45.961627775512234]},"id":"+102043-170547","properties":{"count":3,"label":1}},{"type":"Feature","geometry":{"geodesic":false,"type":"Point","coordinates":[27.50017070851512,45.963244743023644]},"id":"+102043-170553","properties":{"count":3,"label":1}},{"type":"Feature","geometry":{"geodesic":false,"type":"Point","coordinates":[27.50017070851512,45.98749925569487]},"id":"+102043-170643","properties":{"count":3,"label":1}},{"type":"Feature","geometry":{"geodesic":false,"type":"Point","coordinates":[27.50017070851512,46.02091658426412]},"id":"+102043-170767","properties":{"count":3,"label":1}},{"type":"Feature","geometry":{"geodesic":false,"type":"Point","coordinates":[27.499901213929885,46.075084995896525]},"id":"+102043-170968","properties":{"count":9,"label":1}},{"type":"Feature","geometry":{"geodesic":false,"type":"Point","coordinates":[27.500440203100357,45.94249365996048]},"id":"+102044-170476","properties":{"count":3,"label":1}},{"type":"Feature","geometry":{"geodesic":false,"type":"Point","coordinates":[27.50084444497821,45.81196844917792]},"id":"+102046-169992","properties":{"count":6,"label":1}},{"type":"Feature","geometry":{"geodesic":false,"type":"Point","coordinates":[27.500709697685593,46.003264688931175]},"id":"+102047-170701","properties":{"count":20,"label":1}},{"type":"Feature","geometry":{"geodesic":false,"type":"Point","coordinates":[27.502581975856703,45.81490215777685]},"id":"+102048-169996","properties":{"count":38,"label":1}},{"type":"Feature","geometry":{"geodesic":false,"type":"Point","coordinates":[27.501093727469552,45.8233029422753]},"id":"+102050-170031","properties":{"count":40,"label":1}},{"type":"Feature","geometry":{"geodesic":false,"type":"Point","coordinates":[27.501787676026535,46.02010810050841]},"id":"+102050-170764","properties":{"count":9,"label":1}},{"type":"Feature","geometry":{"geodesic":false,"type":"Point","coordinates":[27.50286565436748,45.812462522584184]},"id":"+102053-169994","properties":{"count":2,"label":1}},{"type":"Feature","geometry":{"geodesic":false,"type":"Point","coordinates":[27.503520548552224,46.051266387791095]},"id":"+102053-170493","properties":{"count":50660,"label":1}},{"type":"Feature","geometry":{"geodesic":false,"type":"Point","coordinates":[27.50340464353795,45.800739508126426]},"id":"+102056-169950","properties":{"count":9,"label":1}},{"type":"Feature","geometry":{"geodesic":false,"type":"Point","coordinates":[27.50340464353795,45.97321604267737]},"id":"+102056-170590","properties":{"count":9,"label":1}},{"type":"Feature","geometry":{"geodesic":false,"type":"Point","coordinates":[27.504859914298223,45.60999124069649]},"id":"+102060-169242","properties":{"count":5,"label":1}},{"type":"Feature","geometry":{"geodesic":false,"type":"Point","coordinates":[27.50475211646413,45.819065139922465]},"id":"+102060-170018","properties":{"count":3,"label":1}},{"type":"Feature","geometry":{"geodesic":false,"type":"Point","coordinates":[27.505021611049365,45.608185626975406]},"id":"+102062-169236","properties":{"count":6,"label":1}},{"type":"Feature","geometry":{"geodesic":false,"type":"Point","coordinates":[27.5052911056346,45.83806450818159]},"id":"+102062-170089","properties":{"count":2,"label":1}},{"type":"Feature","geometry":{"geodesic":false,"type":"Point","coordinates":[27.505021611049365,45.84480187281249]},"id":"+102062-170114","properties":{"count":6,"label":1}},{"type":"Feature","geometry":{"geodesic":false,"type":"Point","coordinates":[27.5052911056346,45.99531459866672]},"id":"+102062-170673","properties":{"count":1,"label":1}},{"type":"Feature","geometry":{"geodesic":false,"type":"Point","coordinates":[27.5052911056346,45.99774004993384]},"id":"+102062-170682","properties":{"count":1,"label":1}},{"type":"Feature","geometry":{"geodesic":false,"type":"Point","coordinates":[27.505021611049365,45.99989600661572]},"id":"+102062-170689","properties":{"count":9,"label":1}},{"type":"Feature","geometry":{"geodesic":false,"type":"Point","coordinates":[27.504213127293657,46.019164869460084]},"id":"+102062-170760","properties":{"count":36,"label":1}},{"type":"Feature","geometry":{"geodesic":false,"type":"Point","coordinates":[27.505560600219837,45.821086349311734]},"id":"+102063-170026","properties":{"count":2,"label":1}},{"type":"Feature","geometry":{"geodesic":false,"type":"Point","coordinates":[27.505830094805074,45.800739508126426]},"id":"+102065-169950","properties":{"count":9,"label":1}},{"type":"Feature","geometry":{"geodesic":false,"type":"Point","coordinates":[27.505830094805074,45.84008571757086]},"id":"+102065-170096","properties":{"count":9,"label":1}},{"type":"Feature","geometry":{"geodesic":false,"type":"Point","coordinates":[27.505830094805074,45.843858641764164]},"id":"+102065-170111","properties":{"count":3,"label":1}},{"type":"Feature","geometry":{"geodesic":false,"type":"Point","coordinates":[27.505695347512454,45.97752795604115]},"id":"+102065-170606","properties":{"count":12,"label":1}},{"type":"Feature","geometry":{"geodesic":false,"type":"Point","coordinates":[27.506234336682926,45.817178677825815]},"id":"+102067-170012","properties":{"count":4,"label":1}},{"type":"Feature","geometry":{"geodesic":false,"type":"Point","coordinates":[27.506638578560782,45.80532091607544]},"id":"+102068-169968","properties":{"count":3,"label":1}},{"type":"Feature","geometry":{"geodesic":false,"type":"Point","coordinates":[27.50900854564859,45.825778725619365]},"id":"+102068-170030","properties":{"count":102,"label":1}},{"type":"Feature","geometry":{"geodesic":false,"type":"Point","coordinates":[27.50685417422897,45.847415970289276]},"id":"+102068-170123","properties":{"count":5,"label":1}},{"type":"Feature","geometry":{"geodesic":false,"type":"Point","coordinates":[27.5067733258534,45.97752795604115]},"id":"+102068-170606","properties":{"count":6,"label":1}},{"type":"Feature","geometry":{"geodesic":false,"type":"Point","coordinates":[27.506715577013704,45.99670057081936]},"id":"+102068-170677","properties":{"count":7,"label":1}},{"type":"Feature","geometry":{"geodesic":false,"type":"Point","coordinates":[27.506715577013704,46.00182096793884]},"id":"+102068-170696","properties":{"count":7,"label":1}},{"type":"Feature","geometry":{"geodesic":false,"type":"Point","coordinates":[27.505228432475242,46.06384143110785]},"id":"+102068-170921","properties":{"count":129,"label":1}},{"type":"Feature","geometry":{"geodesic":false,"type":"Point","coordinates":[27.507447062316487,45.84251116883798]},"id":"+102071-170105","properties":{"count":9,"label":1}},{"type":"Feature","geometry":{"geodesic":false,"type":"Point","coordinates":[27.507716556901723,45.994506114911005]},"id":"+102071-170670","properties":{"count":1,"label":1}},{"type":"Feature","geometry":{"geodesic":false,"type":"Point","coordinates":[27.508255546072196,45.84655358761652]},"id":"+102074-170120","properties":{"count":9,"label":1}},{"type":"Feature","geometry":{"geodesic":false,"type":"Point","coordinates":[27.508255546072196,45.84978752263935]},"id":"+102074-170133","properties":{"count":3,"label":1}},{"type":"Feature","geometry":{"geodesic":false,"type":"Point","coordinates":[27.508255546072196,45.98076189106398]},"id":"+102074-170618","properties":{"count":9,"label":1}},{"type":"Feature","geometry":{"geodesic":false,"type":"Point","coordinates":[27.509064029827904,45.608320374268025]},"id":"+102077-169236","properties":{"count":9,"label":1}},{"type":"Feature","geometry":{"geodesic":false,"type":"Point","coordinates":[27.509064029827904,45.61155430929085]},"id":"+102077-169248","properties":{"count":9,"label":1}},{"type":"Feature","geometry":{"geodesic":false,"type":"Point","coordinates":[27.50933352441314,45.94006820869336]},"id":"+102077-170468","properties":{"count":1,"label":1}},{"type":"Feature","geometry":{"geodesic":false,"type":"Point","coordinates":[27.509064029827904,45.9741592737257]},"id":"+102077-170593","properties":{"count":12,"label":1}},{"type":"Feature","geometry":{"geodesic":false,"type":"Point","coordinates":[27.510276755461465,45.97321604267737]},"id":"+102081-170590","properties":{"count":6,"label":1}},{"type":"Feature","geometry":{"geodesic":false,"type":"Point","coordinates":[27.51000726087623,45.978336439796855]},"id":"+102081-170609","properties":{"count":12,"label":1}},{"type":"Feature","geometry":{"geodesic":false,"type":"Point","coordinates":[27.51000726087623,45.98157037481968]},"id":"+102081-170621","properties":{"count":12,"label":1}},{"type":"Feature","geometry":{"geodesic":false,"type":"Point","coordinates":[27.51024980600294,45.62376241400204]},"id":"+102083-169292","properties":{"count":10,"label":1}},{"type":"Feature","geometry":{"geodesic":false,"type":"Point","coordinates":[27.510883118278244,45.60730976957339]},"id":"+102084-169233","properties":{"count":4,"label":1}},{"type":"Feature","geometry":{"geodesic":false,"type":"Point","coordinates":[27.511354733802406,45.95206071773636]},"id":"+102084-170510","properties":{"count":18,"label":1}},{"type":"Feature","geometry":{"geodesic":false,"type":"Point","coordinates":[27.511489481095026,45.941415681619546]},"id":"+102087-170473","properties":{"count":5,"label":1}},{"type":"Feature","geometry":{"geodesic":false,"type":"Point","coordinates":[27.511758975680262,45.982378858575395]},"id":"+102087-170624","properties":{"count":9,"label":1}},{"type":"Feature","geometry":{"geodesic":false,"type":"Point","coordinates":[27.512234554360088,45.62217556647368]},"id":"+102090-169285","properties":{"count":17,"label":1}},{"type":"Feature","geometry":{"geodesic":false,"type":"Point","coordinates":[27.51256745943597,45.82418553704194]},"id":"+102090-170037","properties":{"count":9,"label":1}},{"type":"Feature","geometry":{"geodesic":false,"type":"Point","coordinates":[27.518067894496024,45.840029000882005]},"id":"+102090-170059","properties":{"count":746,"label":1}},{"type":"Feature","geometry":{"geodesic":false,"type":"Point","coordinates":[27.51256745943597,45.92955791986916]},"id":"+102090-170429","properties":{"count":3,"label":1}},{"type":"Feature","geometry":{"geodesic":false,"type":"Point","coordinates":[27.512702206728587,45.94222416537525]},"id":"+102090-170476","properties":{"count":2,"label":1}},{"type":"Feature","geometry":{"geodesic":false,"type":"Point","coordinates":[27.51326044551229,45.84897903888364]},"id":"+102093-170127","properties":{"count":21,"label":1}},{"type":"Feature","geometry":{"geodesic":false,"type":"Point","coordinates":[27.513510690484296,45.928614688820836]},"id":"+102093-170425","properties":{"count":4,"label":1}},{"type":"Feature","geometry":{"geodesic":false,"type":"Point","coordinates":[27.513510690484296,46.05419916554075]},"id":"+102093-170891","properties":{"count":4,"label":1}},{"type":"Feature","geometry":{"geodesic":false,"type":"Point","coordinates":[27.514049679654768,45.605760175708284]},"id":"+102095-169227","properties":{"count":4,"label":1}},{"type":"Feature","geometry":{"geodesic":false,"type":"Point","coordinates":[27.514184426947384,45.61573147536201]},"id":"+102096-169263","properties":{"count":12,"label":1}},{"type":"Feature","geometry":{"geodesic":false,"type":"Point","coordinates":[27.51431917424,45.61963914684793]},"id":"+102096-169279","properties":{"count":2,"label":1}},{"type":"Feature","geometry":{"geodesic":false,"type":"Point","coordinates":[27.51512765799571,45.60481694465996]},"id":"+102099-169224","properties":{"count":2,"label":1}},{"type":"Feature","geometry":{"geodesic":false,"type":"Point","coordinates":[27.515161344818864,45.8144500451503]},"id":"+102099-170001","properties":{"count":8,"label":1}},{"type":"Feature","geometry":{"geodesic":false,"type":"Point","coordinates":[27.51512765799571,45.94545810039808]},"id":"+102099-170488","properties":{"count":2,"label":1}},{"type":"Feature","geometry":{"geodesic":false,"type":"Point","coordinates":[27.510815744631937,46.02122571040601]},"id":"+102099-170764","properties":{"count":102,"label":1}},{"type":"Feature","geometry":{"geodesic":false,"type":"Point","coordinates":[27.51657619139135,45.94764774390312]},"id":"+102104-170495","properties":{"count":8,"label":1}},{"type":"Feature","geometry":{"geodesic":false,"type":"Point","coordinates":[27.516609878214506,45.812597269876804]},"id":"+102105-169994","properties":{"count":9,"label":1}},{"type":"Feature","geometry":{"geodesic":false,"type":"Point","coordinates":[27.516609878214506,45.95057849751756]},"id":"+102105-170505","properties":{"count":15,"label":1}},{"type":"Feature","geometry":{"geodesic":false,"type":"Point","coordinates":[27.517014120092362,45.99868328098216]},"id":"+102105-170683","properties":{"count":18,"label":1}},{"type":"Feature","geometry":{"geodesic":false,"type":"Point","coordinates":[27.51755310926283,45.60239149339284]},"id":"+102108-169214","properties":{"count":6,"label":1}},{"type":"Feature","geometry":{"geodesic":false,"type":"Point","coordinates":[27.517418361970215,45.95920232424511]},"id":"+102108-170538","properties":{"count":9,"label":1}},{"type":"Feature","geometry":{"geodesic":false,"type":"Point","coordinates":[27.517418361970215,45.9741592737257]},"id":"+102108-170593","properties":{"count":12,"label":1}},{"type":"Feature","geometry":{"geodesic":false,"type":"Point","coordinates":[27.518092098433304,45.95677687297798]},"id":"+102110-170529","properties":{"count":6,"label":1}},{"type":"Feature","geometry":{"geodesic":false,"type":"Point","coordinates":[27.518159472079613,45.60050503129619]},"id":"+102111-169207","properties":{"count":8,"label":1}},{"type":"Feature","geometry":{"geodesic":false,"type":"Point","coordinates":[27.518226845725923,45.80990232402444]},"id":"+102111-169984","properties":{"count":9,"label":1}},{"type":"Feature","geometry":{"geodesic":false,"type":"Point","coordinates":[27.518226845725923,45.97752795604115]},"id":"+102111-170606","properties":{"count":9,"label":1}},{"type":"Feature","geometry":{"geodesic":false,"type":"Point","coordinates":[27.519170076774248,45.97914492355256]},"id":"+102115-170612","properties":{"count":12,"label":1}},{"type":"Feature","geometry":{"geodesic":false,"type":"Point","coordinates":[27.519509639951643,45.9949588658142]},"id":"+102115-170670","properties":{"count":25,"label":1}},{"type":"Feature","geometry":{"geodesic":false,"type":"Point","coordinates":[27.5195743186521,46.075623985067]},"id":"+102115-170971","properties":{"count":1,"label":1}},{"type":"Feature","geometry":{"geodesic":false,"type":"Point","coordinates":[27.51910270312794,45.99252982128594]},"id":"+102118-170658","properties":{"count":36,"label":1}},{"type":"Feature","geometry":{"geodesic":false,"type":"Point","coordinates":[27.52092179157828,46.017413154656055]},"id":"+102118-170751","properties":{"count":30,"label":1}},{"type":"Feature","geometry":{"geodesic":false,"type":"Point","coordinates":[27.520113307822573,46.019164869460084]},"id":"+102118-170760","properties":{"count":12,"label":1}},{"type":"Feature","geometry":{"geodesic":false,"type":"Point","coordinates":[27.522487509515067,46.06643641301852]},"id":"+102118-170912","properties":{"count":1241,"label":1}},{"type":"Feature","geometry":{"geodesic":false,"type":"Point","coordinates":[27.520190306275495,46.07666346418148]},"id":"+102118-170974","properties":{"count":7,"label":1}},{"type":"Feature","geometry":{"geodesic":false,"type":"Point","coordinates":[27.52038280240781,46.08101387677171]},"id":"+102118-170991","properties":{"count":1,"label":1}},{"type":"Feature","geometry":{"geodesic":false,"type":"Point","coordinates":[27.52092179157828,45.924437522749685]},"id":"+102121-170410","properties":{"count":3,"label":1}},{"type":"Feature","geometry":{"geodesic":false,"type":"Point","coordinates":[27.52038280240781,45.95866333507464]},"id":"+102121-170535","properties":{"count":27,"label":1}},{"type":"Feature","geometry":{"geodesic":false,"type":"Point","coordinates":[27.519037402516904,46.01432225906692]},"id":"+102121-170731","properties":{"count":130,"label":1}},{"type":"Feature","geometry":{"geodesic":false,"type":"Point","coordinates":[27.522352185915302,45.84709257678699]},"id":"+102124-170117","properties":{"count":39,"label":1}},{"type":"Feature","geometry":{"geodesic":false,"type":"Point","coordinates":[27.52173027533399,45.97671947228544]},"id":"+102124-170603","properties":{"count":9,"label":1}},{"type":"Feature","geometry":{"geodesic":false,"type":"Point","coordinates":[27.52173027533399,45.994506114911005]},"id":"+102124-170670","properties":{"count":3,"label":1}},{"type":"Feature","geometry":{"geodesic":false,"type":"Point","coordinates":[27.52173027533399,46.009597811684216]},"id":"+102124-170723","properties":{"count":21,"label":1}},{"type":"Feature","geometry":{"geodesic":false,"type":"Point","coordinates":[27.52173027533399,45.95583364192966]},"id":"+102127-170525","properties":{"count":36,"label":1}},{"type":"Feature","geometry":{"geodesic":false,"type":"Point","coordinates":[27.526335462216988,46.01684246024026]},"id":"+102130-170748","properties":{"count":102,"label":1}},{"type":"Feature","geometry":{"geodesic":false,"type":"Point","coordinates":[27.52331355602225,46.07666827658479]},"id":"+102130-170974","properties":{"count":8,"label":1}},{"type":"Feature","geometry":{"geodesic":false,"type":"Point","coordinates":[27.52294300096755,45.959606566122964]},"id":"+102133-170535","properties":{"count":36,"label":1}},{"type":"Feature","geometry":{"geodesic":false,"type":"Point","coordinates":[27.524964210356817,45.81583120489963]},"id":"+102136-170006","properties":{"count":9,"label":1}},{"type":"Feature","geometry":{"geodesic":false,"type":"Point","coordinates":[27.524964210356817,45.96081929175652]},"id":"+102136-170544","properties":{"count":9,"label":1}},{"type":"Feature","geometry":{"geodesic":false,"type":"Point","coordinates":[27.525772694112526,45.81777156591333]},"id":"+102139-170012","properties":{"count":15,"label":1}},{"type":"Feature","geometry":{"geodesic":false,"type":"Point","coordinates":[27.52654267864177,45.82264556798345]},"id":"+102140-170031","properties":{"count":7,"label":1}},{"type":"Feature","geometry":{"geodesic":false,"type":"Point","coordinates":[27.526311683282998,46.01242750482919]},"id":"+102140-170736","properties":{"count":2,"label":1}},{"type":"Feature","geometry":{"geodesic":false,"type":"Point","coordinates":[27.526581177868234,45.82027786555602]},"id":"+102142-170023","properties":{"count":6,"label":1}},{"type":"Feature","geometry":{"geodesic":false,"type":"Point","coordinates":[27.527389661623943,45.82176008577482]},"id":"+102145-170028","properties":{"count":9,"label":1}},{"type":"Feature","geometry":{"geodesic":false,"type":"Point","coordinates":[27.527389661623943,45.82418553704194]},"id":"+102145-170037","properties":{"count":9,"label":1}},{"type":"Feature","geometry":{"geodesic":false,"type":"Point","coordinates":[27.528332892672267,45.96917362389883]},"id":"+102149-170575","properties":{"count":12,"label":1}},{"type":"Feature","geometry":{"geodesic":false,"type":"Point","coordinates":[27.529006629135356,46.069156115021336]},"id":"+102150-170946","properties":{"count":3,"label":1}},{"type":"Feature","geometry":{"geodesic":false,"type":"Point","coordinates":[27.529276123720592,45.80747687275732]},"id":"+102152-169975","properties":{"count":9,"label":1}},{"type":"Feature","geometry":{"geodesic":false,"type":"Point","coordinates":[27.52973811443814,45.82876694499095]},"id":"+102152-170052","properties":{"count":21,"label":1}},{"type":"Feature","geometry":{"geodesic":false,"type":"Point","coordinates":[27.529276123720592,45.992619652814355]},"id":"+102152-170662","properties":{"count":9,"label":1}},{"type":"Feature","geometry":{"geodesic":false,"type":"Point","coordinates":[27.52860856166175,45.94369367358531]},"id":"+102155-170464","properties":{"count":371,"label":1}},{"type":"Feature","geometry":{"geodesic":false,"type":"Point","coordinates":[27.5300846074763,45.96755665638742]},"id":"+102155-170569","properties":{"count":9,"label":1}},{"type":"Feature","geometry":{"geodesic":false,"type":"Point","coordinates":[27.5300846074763,45.969982107654545]},"id":"+102155-170578","properties":{"count":9,"label":1}},{"type":"Feature","geometry":{"geodesic":false,"type":"Point","coordinates":[27.531095212170936,45.92571762202955]},"id":"+102158-170414","properties":{"count":4,"label":1}},{"type":"Feature","geometry":{"geodesic":false,"type":"Point","coordinates":[27.531432080402478,45.92767145777251]},"id":"+102159-170422","properties":{"count":1,"label":1}},{"type":"Feature","geometry":{"geodesic":false,"type":"Point","coordinates":[27.531432080402478,46.011214779195626]},"id":"+102159-170732","properties":{"count":1,"label":1}},{"type":"Feature","geometry":{"geodesic":false,"type":"Point","coordinates":[27.532510058743423,45.833078858354725]},"id":"+102161-170068","properties":{"count":27,"label":1}},{"type":"Feature","geometry":{"geodesic":false,"type":"Point","coordinates":[27.531297333109862,45.951252233980654]},"id":"+102161-170507","properties":{"count":18,"label":1}},{"type":"Feature","geometry":{"geodesic":false,"type":"Point","coordinates":[27.54046765814493,45.9719928876868]},"id":"+102161-170547","properties":{"count":646,"label":1}},{"type":"Feature","geometry":{"geodesic":false,"type":"Point","coordinates":[27.531829230317562,45.98534329901299]},"id":"+102161-170627","properties":{"count":57,"label":1}},{"type":"Feature","geometry":{"geodesic":false,"type":"Point","coordinates":[27.531701574987714,45.80663470217846]},"id":"+102164-169972","properties":{"count":24,"label":1}},{"type":"Feature","geometry":{"geodesic":false,"type":"Point","coordinates":[27.53301144401828,45.93074870989695]},"id":"+102164-170427","properties":{"count":43,"label":1}},{"type":"Feature","geometry":{"geodesic":false,"type":"Point","coordinates":[27.533588037084368,45.951791223151126]},"id":"+102167-170511","properties":{"count":2,"label":1}},{"type":"Feature","geometry":{"geodesic":false,"type":"Point","coordinates":[27.533655410730674,46.006498623954]},"id":"+102168-170713","properties":{"count":4,"label":1}},{"type":"Feature","geometry":{"geodesic":false,"type":"Point","coordinates":[27.534164197921765,45.835727339623425]},"id":"+102170-170077","properties":{"count":29,"label":1}},{"type":"Feature","geometry":{"geodesic":false,"type":"Point","coordinates":[27.534935510010545,45.79332840703244]},"id":"+102173-169922","properties":{"count":12,"label":1}},{"type":"Feature","geometry":{"geodesic":false,"type":"Point","coordinates":[27.534935510010545,45.79737082581098]},"id":"+102173-169938","properties":{"count":6,"label":1}},{"type":"Feature","geometry":{"geodesic":false,"type":"Point","coordinates":[27.535070257303165,45.80909384026874]},"id":"+102173-169981","properties":{"count":6,"label":1}},{"type":"Feature","geometry":{"geodesic":false,"type":"Point","coordinates":[27.534935510010545,45.98749925569487]},"id":"+102173-170643","properties":{"count":9,"label":1}},{"type":"Feature","geometry":{"geodesic":false,"type":"Point","coordinates":[27.535474499181017,46.00609438207615]},"id":"+102174-170713","properties":{"count":1,"label":1}},{"type":"Feature","geometry":{"geodesic":false,"type":"Point","coordinates":[27.535474499181017,46.006902865831854]},"id":"+102174-170716","properties":{"count":1,"label":1}},{"type":"Feature","geometry":{"geodesic":false,"type":"Point","coordinates":[27.535743993766253,45.79508012183647]},"id":"+102176-169929","properties":{"count":9,"label":1}},{"type":"Feature","geometry":{"geodesic":false,"type":"Point","coordinates":[27.535059892126807,45.8012784972969]},"id":"+102176-169947","properties":{"count":39,"label":1}},{"type":"Feature","geometry":{"geodesic":false,"type":"Point","coordinates":[27.53587874105887,45.843521773532615]},"id":"+102176-170105","properties":{"count":48,"label":1}},{"type":"Feature","geometry":{"geodesic":false,"type":"Point","coordinates":[27.544495124602637,45.941080481687806]},"id":"+102176-170433","properties":{"count":525,"label":1}},{"type":"Feature","geometry":{"geodesic":false,"type":"Point","coordinates":[27.53789995044814,45.84642593228667]},"id":"+102179-170117","properties":{"count":57,"label":1}},{"type":"Feature","geometry":{"geodesic":false,"type":"Point","coordinates":[27.537495708570287,45.79669708934789]},"id":"+102183-169935","properties":{"count":12,"label":1}},{"type":"Feature","geometry":{"geodesic":false,"type":"Point","coordinates":[27.535546136982155,45.80566887110953]},"id":"+102183-169963","properties":{"count":79,"label":1}},{"type":"Feature","geometry":{"geodesic":false,"type":"Point","coordinates":[27.537495708570287,45.98588228818346]},"id":"+102183-170637","properties":{"count":12,"label":1}},{"type":"Feature","geometry":{"geodesic":false,"type":"Point","coordinates":[27.53924742337432,45.9636489849015]},"id":"+102189-170553","properties":{"count":18,"label":1}},{"type":"Feature","geometry":{"geodesic":false,"type":"Point","coordinates":[27.53924742337432,45.98278310045325]},"id":"+102189-170624","properties":{"count":18,"label":1}},{"type":"Feature","geometry":{"geodesic":false,"type":"Point","coordinates":[27.540055907130025,45.84844004971317]},"id":"+102192-170127","properties":{"count":9,"label":1}},{"type":"Feature","geometry":{"geodesic":false,"type":"Point","coordinates":[27.539651665252173,45.914196728510724]},"id":"+102192-170371","properties":{"count":18,"label":1}},{"type":"Feature","geometry":{"geodesic":false,"type":"Point","coordinates":[27.540055907130025,45.984130573379424]},"id":"+102192-170631","properties":{"count":6,"label":1}},{"type":"Feature","geometry":{"geodesic":false,"type":"Point","coordinates":[27.540594896300497,46.00771134958757]},"id":"+102193-170719","properties":{"count":1,"label":1}},{"type":"Feature","geometry":{"geodesic":false,"type":"Point","coordinates":[27.543270930252138,45.78918433678754]},"id":"+102195-169892","properties":{"count":342,"label":1}},{"type":"Feature","geometry":{"geodesic":false,"type":"Point","coordinates":[27.54126863276359,45.9854780463056]},"id":"+102195-170634","properties":{"count":18,"label":1}},{"type":"Feature","geometry":{"geodesic":false,"type":"Point","coordinates":[27.540864390885734,45.99167642176603]},"id":"+102195-170658","properties":{"count":12,"label":1}},{"type":"Feature","geometry":{"geodesic":false,"type":"Point","coordinates":[27.541672874641442,45.98830773945058]},"id":"+102198-170646","properties":{"count":9,"label":1}},{"type":"Feature","geometry":{"geodesic":false,"type":"Point","coordinates":[27.542558356850073,45.82414703781548]},"id":"+102201-170037","properties":{"count":7,"label":1}},{"type":"Feature","geometry":{"geodesic":false,"type":"Point","coordinates":[27.542616105689767,45.97321604267737]},"id":"+102201-170590","properties":{"count":6,"label":1}},{"type":"Feature","geometry":{"geodesic":false,"type":"Point","coordinates":[27.542616105689767,45.986690771939166]},"id":"+102201-170640","properties":{"count":6,"label":1}},{"type":"Feature","geometry":{"geodesic":false,"type":"Point","coordinates":[27.54248135839715,45.98992470696199]},"id":"+102201-170652","properties":{"count":9,"label":1}},{"type":"Feature","geometry":{"geodesic":false,"type":"Point","coordinates":[27.542616105689767,46.00771134958757]},"id":"+102201-170719","properties":{"count":2,"label":1}},{"type":"Feature","geometry":{"geodesic":false,"type":"Point","coordinates":[27.542211863811914,46.017143660070815]},"id":"+102201-170751","properties":{"count":27,"label":1}},{"type":"Feature","geometry":{"geodesic":false,"type":"Point","coordinates":[27.54217143962413,45.95276140365797]},"id":"+102202-170511","properties":{"count":20,"label":1}},{"type":"Feature","geometry":{"geodesic":false,"type":"Point","coordinates":[27.54302034756762,46.006787368152466]},"id":"+102202-170714","properties":{"count":7,"label":1}},{"type":"Feature","geometry":{"geodesic":false,"type":"Point","coordinates":[27.543424589445475,45.81973887638555]},"id":"+102204-170021","properties":{"count":4,"label":1}},{"type":"Feature","geometry":{"geodesic":false,"type":"Point","coordinates":[27.542983598305998,45.93192212236692]},"id":"+102204-170434","properties":{"count":22,"label":1}},{"type":"Feature","geometry":{"geodesic":false,"type":"Point","coordinates":[27.544906809664273,45.827419472064776]},"id":"+102210-170049","properties":{"count":9,"label":1}},{"type":"Feature","geometry":{"geodesic":false,"type":"Point","coordinates":[27.544502567786417,46.0170089127782]},"id":"+102210-170751","properties":{"count":18,"label":1}},{"type":"Feature","geometry":{"geodesic":false,"type":"Point","coordinates":[27.542434220651675,45.96004128088678]},"id":"+102213-170522","properties":{"count":1132,"label":1}},{"type":"Feature","geometry":{"geodesic":false,"type":"Point","coordinates":[27.545850040712597,45.81849920129347]},"id":"+102217-170015","properties":{"count":30,"label":1}},{"type":"Feature","geometry":{"geodesic":false,"type":"Point","coordinates":[27.546658524468306,45.97995340730827]},"id":"+102217-170615","properties":{"count":12,"label":1}},{"type":"Feature","geometry":{"geodesic":false,"type":"Point","coordinates":[27.546658524468306,45.99571884054457]},"id":"+102217-170674","properties":{"count":8,"label":1}},{"type":"Feature","geometry":{"geodesic":false,"type":"Point","coordinates":[27.54760175551663,45.91338824475501]},"id":"+102220-170368","properties":{"count":9,"label":1}},{"type":"Feature","geometry":{"geodesic":false,"type":"Point","coordinates":[27.54760175551663,45.95920232424511]},"id":"+102220-170538","properties":{"count":9,"label":1}},{"type":"Feature","geometry":{"geodesic":false,"type":"Point","coordinates":[27.54760175551663,46.00447741456473]},"id":"+102220-170707","properties":{"count":3,"label":1}},{"type":"Feature","geometry":{"geodesic":false,"type":"Point","coordinates":[27.547170564180252,46.00587878640796]},"id":"+102220-170711","properties":{"count":15,"label":1}},{"type":"Feature","geometry":{"geodesic":false,"type":"Point","coordinates":[27.548005997394483,46.009058822513744]},"id":"+102223-170723","properties":{"count":18,"label":1}},{"type":"Feature","geometry":{"geodesic":false,"type":"Point","coordinates":[27.549218723028044,45.82418553704194]},"id":"+102226-170037","properties":{"count":9,"label":1}},{"type":"Feature","geometry":{"geodesic":false,"type":"Point","coordinates":[27.54964221451913,45.971368079807185]},"id":"+102226-170581","properties":{"count":21,"label":1}},{"type":"Feature","geometry":{"geodesic":false,"type":"Point","coordinates":[27.549218723028044,45.9831873423311]},"id":"+102226-170627","properties":{"count":9,"label":1}},{"type":"Feature","geometry":{"geodesic":false,"type":"Point","coordinates":[27.548544986564956,45.990248100464285]},"id":"+102226-170652","properties":{"count":30,"label":1}},{"type":"Feature","geometry":{"geodesic":false,"type":"Point","coordinates":[27.54931672105904,45.81524321671366]},"id":"+102227-170000","properties":{"count":33,"label":1}},{"type":"Feature","geometry":{"geodesic":false,"type":"Point","coordinates":[27.549757712198517,45.81825665616675]},"id":"+102227-170015","properties":{"count":3,"label":1}},{"type":"Feature","geometry":{"geodesic":false,"type":"Point","coordinates":[27.549757712198517,45.820951602019115]},"id":"+102227-170025","properties":{"count":3,"label":1}},{"type":"Feature","geometry":{"geodesic":false,"type":"Point","coordinates":[27.549757712198517,45.845745103860814]},"id":"+102227-170117","properties":{"count":3,"label":1}},{"type":"Feature","geometry":{"geodesic":false,"type":"Point","coordinates":[27.546861932801747,45.91245788765185]},"id":"+102227-170355","properties":{"count":157,"label":1}},{"type":"Feature","geometry":{"geodesic":false,"type":"Point","coordinates":[27.547125839546958,45.92143581178435]},"id":"+102227-170389","properties":{"count":94,"label":1}},{"type":"Feature","geometry":{"geodesic":false,"type":"Point","coordinates":[27.549757712198517,45.92295530253089]},"id":"+102227-170402","properties":{"count":6,"label":1}},{"type":"Feature","geometry":{"geodesic":false,"type":"Point","coordinates":[27.549757712198517,45.93144438196582]},"id":"+102227-170434","properties":{"count":5,"label":1}},{"type":"Feature","geometry":{"geodesic":false,"type":"Point","coordinates":[27.546313044567682,45.98297154403541]},"id":"+102227-170593","properties":{"count":266,"label":1}},{"type":"Feature","geometry":{"geodesic":false,"type":"Point","coordinates":[27.54948821761328,45.98588228818346]},"id":"+102227-170634","properties":{"count":18,"label":1}},{"type":"Feature","geometry":{"geodesic":false,"type":"Point","coordinates":[27.548724649621782,45.993607799626886]},"id":"+102227-170662","properties":{"count":36,"label":1}},{"type":"Feature","geometry":{"geodesic":false,"type":"Point","coordinates":[27.551691732163153,46.001893437071]},"id":"+102232-170691","properties":{"count":51,"label":1}},{"type":"Feature","geometry":{"geodesic":false,"type":"Point","coordinates":[27.55164417429517,45.76031532034105]},"id":"+102235-169801","properties":{"count":3,"label":1}},{"type":"Feature","geometry":{"geodesic":false,"type":"Point","coordinates":[27.55164417429517,45.789959724716994]},"id":"+102235-169910","properties":{"count":9,"label":1}},{"type":"Feature","geometry":{"geodesic":false,"type":"Point","coordinates":[27.55164417429517,46.01000205356207]},"id":"+102235-170726","properties":{"count":12,"label":1}},{"type":"Feature","geometry":{"geodesic":false,"type":"Point","coordinates":[27.55218316346564,45.77958418318541]},"id":"+102238-169864","properties":{"count":54,"label":1}},{"type":"Feature","geometry":{"geodesic":false,"type":"Point","coordinates":[27.552452658050875,45.78322236008609]},"id":"+102238-169885","properties":{"count":9,"label":1}},{"type":"Feature","geometry":{"geodesic":false,"type":"Point","coordinates":[27.552452658050875,45.78510882218274]},"id":"+102238-169892","properties":{"count":9,"label":1}},{"type":"Feature","geometry":{"geodesic":false,"type":"Point","coordinates":[27.552452658050875,46.00744185500233]},"id":"+102238-170717","properties":{"count":9,"label":1}},{"type":"Feature","geometry":{"geodesic":false,"type":"Point","coordinates":[27.552481025901955,45.78708038783263]},"id":"+102239-169897","properties":{"count":19,"label":1}},{"type":"Feature","geometry":{"geodesic":false,"type":"Point","coordinates":[27.553261141806583,45.773251060432365]},"id":"+102241-169848","properties":{"count":9,"label":1}},{"type":"Feature","geometry":{"geodesic":false,"type":"Point","coordinates":[27.553261141806583,45.7750027752364]},"id":"+102241-169854","properties":{"count":12,"label":1}},{"type":"Feature","geometry":{"geodesic":false,"type":"Point","coordinates":[27.554069625562292,45.78915124096128]},"id":"+102244-169907","properties":{"count":9,"label":1}},{"type":"Feature","geometry":{"geodesic":false,"type":"Point","coordinates":[27.554878109318,46.0042079199795]},"id":"+102247-170705","properties":{"count":9,"label":1}},{"type":"Feature","geometry":{"geodesic":false,"type":"Point","coordinates":[27.553341990182155,45.752769471954444]},"id":"+102254-169765","properties":{"count":90,"label":1}},{"type":"Feature","geometry":{"geodesic":false,"type":"Point","coordinates":[27.557168813292503,46.00542064561306]},"id":"+102254-170708","properties":{"count":18,"label":1}},{"type":"Feature","geometry":{"geodesic":false,"type":"Point","coordinates":[27.55999850643748,45.750613515272555]},"id":"+102266-169763","properties":{"count":15,"label":1}},{"type":"Feature","geometry":{"geodesic":false,"type":"Point","coordinates":[27.56121123207104,45.752904219247064]},"id":"+102269-169771","properties":{"count":18,"label":1}},{"type":"Feature","geometry":{"geodesic":false,"type":"Point","coordinates":[27.560402748315333,45.755329670514186]},"id":"+102269-169780","properties":{"count":18,"label":1}},{"type":"Feature","geometry":{"geodesic":false,"type":"Point","coordinates":[27.56080699019319,45.75762037448869]},"id":"+102269-169790","properties":{"count":9,"label":1}},{"type":"Feature","geometry":{"geodesic":false,"type":"Point","coordinates":[27.561238181529568,45.798044562274065]},"id":"+102269-169934","properties":{"count":45,"label":1}},{"type":"Feature","geometry":{"geodesic":false,"type":"Point","coordinates":[27.563483969739863,45.75133216749985]},"id":"+102272-169763","properties":{"count":45,"label":1}},{"type":"Feature","geometry":{"geodesic":false,"type":"Point","coordinates":[27.560537495607953,46.00100392879948]},"id":"+102272-170691","properties":{"count":27,"label":1}},{"type":"Feature","geometry":{"geodesic":false,"type":"Point","coordinates":[27.562154463119366,46.003129941638555]},"id":"+102273-170702","properties":{"count":1,"label":1}},{"type":"Feature","geometry":{"geodesic":false,"type":"Point","coordinates":[27.564175672508636,45.7997962770781]},"id":"+102282-169947","properties":{"count":8,"label":1}},{"type":"Feature","geometry":{"geodesic":false,"type":"Point","coordinates":[27.56511890355696,46.00016550120096]},"id":"+102285-170691","properties":{"count":3,"label":1}},{"type":"Feature","geometry":{"geodesic":false,"type":"Point","coordinates":[27.56714011294623,45.752904219247064]},"id":"+102291-169771","properties":{"count":18,"label":1}},{"type":"Feature","geometry":{"geodesic":false,"type":"Point","coordinates":[27.567544354824083,45.792385175984116]},"id":"+102294-169919","properties":{"count":9,"label":1}},{"type":"Feature","geometry":{"geodesic":false,"type":"Point","coordinates":[27.567544354824083,45.978336439796855]},"id":"+102294-170609","properties":{"count":9,"label":1}},{"type":"Feature","geometry":{"geodesic":false,"type":"Point","coordinates":[27.56835283857979,45.98076189106398]},"id":"+102297-170618","properties":{"count":9,"label":1}},{"type":"Feature","geometry":{"geodesic":false,"type":"Point","coordinates":[27.570405143498128,45.75583756415559]},"id":"+102300-169780","properties":{"count":39,"label":1}},{"type":"Feature","geometry":{"geodesic":false,"type":"Point","coordinates":[27.569430816920736,45.98157037481968]},"id":"+102300-170621","properties":{"count":3,"label":1}},{"type":"Feature","geometry":{"geodesic":false,"type":"Point","coordinates":[27.57023930067644,45.96863463472837]},"id":"+102303-170574","properties":{"count":1,"label":1}},{"type":"Feature","geometry":{"geodesic":false,"type":"Point","coordinates":[27.568257722843825,46.000926427088686]},"id":"+102303-170691","properties":{"count":51,"label":1}},{"type":"Feature","geometry":{"geodesic":false,"type":"Point","coordinates":[27.570778289846913,45.78834275720558]},"id":"+102306-169904","properties":{"count":9,"label":1}},{"type":"Feature","geometry":{"geodesic":false,"type":"Point","coordinates":[27.571586773602622,45.7516914936135]},"id":"+102309-169768","properties":{"count":9,"label":1}},{"type":"Feature","geometry":{"geodesic":false,"type":"Point","coordinates":[27.573338488406655,45.982378858575395]},"id":"+102316-170624","properties":{"count":12,"label":1}},{"type":"Feature","geometry":{"geodesic":false,"type":"Point","coordinates":[27.57428171945498,45.98507380442775]},"id":"+102319-170634","properties":{"count":9,"label":1}},{"type":"Feature","geometry":{"geodesic":false,"type":"Point","coordinates":[27.57509020321069,45.79939203520025]},"id":"+102322-169944","properties":{"count":15,"label":1}},{"type":"Feature","geometry":{"geodesic":false,"type":"Point","coordinates":[27.575898686966397,45.760854309511515]},"id":"+102325-169802","properties":{"count":9,"label":1}},{"type":"Feature","geometry":{"geodesic":false,"type":"Point","coordinates":[27.57751565447781,45.98992470696199]},"id":"+102331-170652","properties":{"count":9,"label":1}},{"type":"Feature","geometry":{"geodesic":false,"type":"Point","coordinates":[27.57751565447781,45.99504510408148]},"id":"+102331-170671","properties":{"count":9,"label":1}},{"type":"Feature","geometry":{"geodesic":false,"type":"Point","coordinates":[27.577316158486145,45.897169570625366]},"id":"+102337-170297","properties":{"count":77,"label":1}},{"type":"Feature","geometry":{"geodesic":false,"type":"Point","coordinates":[27.582366557012055,45.9525804572936]},"id":"+102347-170513","properties":{"count":7,"label":1}},{"type":"Feature","geometry":{"geodesic":false,"type":"Point","coordinates":[27.58398352452347,45.98534329901299]},"id":"+102354-170636","properties":{"count":1,"label":1}},{"type":"Feature","geometry":{"geodesic":false,"type":"Point","coordinates":[27.585061502864416,45.89209817252138]},"id":"+102359-170287","properties":{"count":21,"label":1}},{"type":"Feature","geometry":{"geodesic":false,"type":"Point","coordinates":[27.585095189687568,45.98672445876232]},"id":"+102359-170640","properties":{"count":8,"label":1}},{"type":"Feature","geometry":{"geodesic":false,"type":"Point","coordinates":[27.587756448716775,45.77405954418808]},"id":"+102368-169851","properties":{"count":3,"label":1}},{"type":"Feature","geometry":{"geodesic":false,"type":"Point","coordinates":[27.58435137479675,45.89515310019197]},"id":"+102368-170297","properties":{"count":137,"label":1}},{"type":"Feature","geometry":{"geodesic":false,"type":"Point","coordinates":[27.588834427057716,45.8960058440073]},"id":"+102372-170304","properties":{"count":2,"label":1}},{"type":"Feature","geometry":{"geodesic":false,"type":"Point","coordinates":[27.58792402534977,46.141793562235144]},"id":"+102375-171190","properties":{"count":825,"label":1}},{"type":"Feature","geometry":{"geodesic":false,"type":"Point","coordinates":[27.59072088915437,45.794136890788145]},"id":"+102380-169926","properties":{"count":6,"label":1}},{"type":"Feature","geometry":{"geodesic":false,"type":"Point","coordinates":[27.59314634042149,46.116587162022846]},"id":"+102388-171123","properties":{"count":1,"label":1}},{"type":"Feature","geometry":{"geodesic":false,"type":"Point","coordinates":[27.593685329591963,45.798179309566684]},"id":"+102390-169941","properties":{"count":2,"label":1}},{"type":"Feature","geometry":{"geodesic":false,"type":"Point","coordinates":[27.593115811738006,46.12013375287308]},"id":"+102390-171127","properties":{"count":256,"label":1}},{"type":"Feature","geometry":{"geodesic":false,"type":"Point","coordinates":[27.594763307932904,46.11362272158525]},"id":"+102394-171112","properties":{"count":1,"label":1}},{"type":"Feature","geometry":{"geodesic":false,"type":"Point","coordinates":[27.595687289367998,46.00062749191851]},"id":"+102397-170691","properties":{"count":7,"label":1}},{"type":"Feature","geometry":{"geodesic":false,"type":"Point","coordinates":[27.59570653898123,46.137742486963866]},"id":"+102398-171201","properties":{"count":4,"label":1}},{"type":"Feature","geometry":{"geodesic":false,"type":"Point","coordinates":[27.595437044395997,45.7915766922284]},"id":"+102399-169916","properties":{"count":18,"label":1}},{"type":"Feature","geometry":{"geodesic":false,"type":"Point","coordinates":[27.596110780859085,46.01202326295134]},"id":"+102399-170735","properties":{"count":1,"label":1}},{"type":"Feature","geometry":{"geodesic":false,"type":"Point","coordinates":[27.586237077023284,46.003633796314574]},"id":"+102402-170691","properties":{"count":2071,"label":1}},{"type":"Feature","geometry":{"geodesic":false,"type":"Point","coordinates":[27.597622293967582,46.01321841285108]},"id":"+102402-170736","properties":{"count":23,"label":1}},{"type":"Feature","geometry":{"geodesic":false,"type":"Point","coordinates":[27.597323506492646,46.112275248659074]},"id":"+102404-171107","properties":{"count":2,"label":1}},{"type":"Feature","geometry":{"geodesic":false,"type":"Point","coordinates":[27.5977277483705,46.11793463494903]},"id":"+102405-171128","properties":{"count":1,"label":1}},{"type":"Feature","geometry":{"geodesic":false,"type":"Point","coordinates":[27.597458253785263,46.1214380645571]},"id":"+102405-171141","properties":{"count":3,"label":1}},{"type":"Feature","geometry":{"geodesic":false,"type":"Point","coordinates":[27.598536232126207,45.777562973796144]},"id":"+102408-169864","properties":{"count":3,"label":1}},{"type":"Feature","geometry":{"geodesic":false,"type":"Point","coordinates":[27.59826673754097,45.78160539257468]},"id":"+102408-169879","properties":{"count":9,"label":1}},{"type":"Feature","geometry":{"geodesic":false,"type":"Point","coordinates":[27.59826673754097,45.78510882218274]},"id":"+102408-169892","properties":{"count":9,"label":1}},{"type":"Feature","geometry":{"geodesic":false,"type":"Point","coordinates":[27.5977277483705,45.78942073554652]},"id":"+102408-169907","properties":{"count":27,"label":1}},{"type":"Feature","geometry":{"geodesic":false,"type":"Point","coordinates":[27.59957571124069,45.77323566074178]},"id":"+102411-169842","properties":{"count":35,"label":1}},{"type":"Feature","geometry":{"geodesic":false,"type":"Point","coordinates":[27.59907522129668,46.120899075386625]},"id":"+102411-171138","properties":{"count":9,"label":1}},{"type":"Feature","geometry":{"geodesic":false,"type":"Point","coordinates":[27.599614210467152,46.02442001387219]},"id":"+102412-170781","properties":{"count":1,"label":1}},{"type":"Feature","geometry":{"geodesic":false,"type":"Point","coordinates":[27.595807819626007,45.77614504476925]},"id":"+102413-169790","properties":{"count":459,"label":1}},{"type":"Feature","geometry":{"geodesic":false,"type":"Point","coordinates":[27.599412089528226,46.00858720698958]},"id":"+102413-170720","properties":{"count":12,"label":1}},{"type":"Feature","geometry":{"geodesic":false,"type":"Point","coordinates":[27.599761207513644,46.042010660435764]},"id":"+102413-170844","properties":{"count":11,"label":1}},{"type":"Feature","geometry":{"geodesic":false,"type":"Point","coordinates":[27.601624190915366,45.54565726873016]},"id":"+102414-168995","properties":{"count":48,"label":1}},{"type":"Feature","geometry":{"geodesic":false,"type":"Point","coordinates":[27.601972288087964,46.03843373230445]},"id":"+102421-170832","properties":{"count":4,"label":1}},{"type":"Feature","geometry":{"geodesic":false,"type":"Point","coordinates":[27.602696554785787,45.54921684304348]},"id":"+102422-169014","properties":{"count":16,"label":1}},{"type":"Feature","geometry":{"geodesic":false,"type":"Point","coordinates":[27.60438309291024,46.12825744927915]},"id":"+102427-171162","properties":{"count":23,"label":1}},{"type":"Feature","geometry":{"geodesic":false,"type":"Point","coordinates":[27.603926123830924,46.10904131363625]},"id":"+102428-171094","properties":{"count":3,"label":1}},{"type":"Feature","geometry":{"geodesic":false,"type":"Point","coordinates":[27.604465113001396,46.03681676479304]},"id":"+102430-170827","properties":{"count":1,"label":1}},{"type":"Feature","geometry":{"geodesic":false,"type":"Point","coordinates":[27.60560528240047,46.03578024715751]},"id":"+102436-170822","properties":{"count":13,"label":1}},{"type":"Feature","geometry":{"geodesic":false,"type":"Point","coordinates":[27.605947333220193,46.110254039269805]},"id":"+102436-171099","properties":{"count":4,"label":1}},{"type":"Feature","geometry":{"geodesic":false,"type":"Point","coordinates":[27.608507531779935,46.034256566233296]},"id":"+102445-170817","properties":{"count":2,"label":1}},{"type":"Feature","geometry":{"geodesic":false,"type":"Point","coordinates":[27.611741466802766,46.04247615108299]},"id":"+102458-170847","properties":{"count":9,"label":1}},{"type":"Feature","geometry":{"geodesic":false,"type":"Point","coordinates":[27.61335843431418,46.03843373230445]},"id":"+102464-170832","properties":{"count":9,"label":1}},{"type":"Feature","geometry":{"geodesic":false,"type":"Point","coordinates":[27.616859690578814,46.1128261912184]},"id":"+102470-171076","properties":{"count":248,"label":1}},{"type":"Feature","geometry":{"geodesic":false,"type":"Point","coordinates":[27.61982630435984,46.11955160246044]},"id":"+102487-171134","properties":{"count":1,"label":1}},{"type":"Feature","geometry":{"geodesic":false,"type":"Point","coordinates":[27.61982630435984,46.120629580801385]},"id":"+102487-171138","properties":{"count":1,"label":1}},{"type":"Feature","geometry":{"geodesic":false,"type":"Point","coordinates":[27.6225212502122,46.120899075386625]},"id":"+102498-171138","properties":{"count":9,"label":1}},{"type":"Feature","geometry":{"geodesic":false,"type":"Point","coordinates":[27.62030622622396,46.10177972666146]},"id":"+102501-171061","properties":{"count":73,"label":1}},{"type":"Feature","geometry":{"geodesic":false,"type":"Point","coordinates":[27.622540228704118,46.10708652896869]},"id":"+102501-171081","properties":{"count":71,"label":1}},{"type":"Feature","geometry":{"geodesic":false,"type":"Point","coordinates":[27.62386872313838,46.1117362594886]},"id":"+102501-171101","properties":{"count":27,"label":1}},{"type":"Feature","geometry":{"geodesic":false,"type":"Point","coordinates":[27.61751544134156,46.0341812350697]},"id":"+102504-170802","properties":{"count":254,"label":1}},{"type":"Feature","geometry":{"geodesic":false,"type":"Point","coordinates":[27.624677206894084,46.10311243276106]},"id":"+102505-171073","properties":{"count":1,"label":1}},{"type":"Feature","geometry":{"geodesic":false,"type":"Point","coordinates":[27.625350943357176,46.02927091640643]},"id":"+102510-170798","properties":{"count":18,"label":1}},{"type":"Feature","geometry":{"geodesic":false,"type":"Point","coordinates":[27.626563668990737,45.548492576345666]},"id":"+102513-169015","properties":{"count":3,"label":1}},{"type":"Feature","geometry":{"geodesic":false,"type":"Point","coordinates":[27.62579905644658,46.099245498828715]},"id":"+102513-171055","properties":{"count":43,"label":1}},{"type":"Feature","geometry":{"geodesic":false,"type":"Point","coordinates":[27.630849916203537,46.10952897050477]},"id":"+102513-171079","properties":{"count":126,"label":1}},{"type":"Feature","geometry":{"geodesic":false,"type":"Point","coordinates":[27.627578236841035,46.102319801628006]},"id":"+102517-171068","properties":{"count":17,"label":1}},{"type":"Feature","geometry":{"geodesic":false,"type":"Point","coordinates":[27.628450131087387,46.025767486798365]},"id":"+102520-170785","properties":{"count":9,"label":1}},{"type":"Feature","geometry":{"geodesic":false,"type":"Point","coordinates":[27.631630167193173,46.09683320892506]},"id":"+102531-171048","properties":{"count":10,"label":1}},{"type":"Feature","geometry":{"geodesic":false,"type":"Point","coordinates":[27.631315284046213,46.090226336409124]},"id":"+102532-171004","properties":{"count":114,"label":1}},{"type":"Feature","geometry":{"geodesic":false,"type":"Point","coordinates":[27.638376747701074,45.64443264868963]},"id":"+102554-169333","properties":{"count":193,"label":1}},{"type":"Feature","geometry":{"geodesic":false,"type":"Point","coordinates":[27.638583127492257,45.633329471777905]},"id":"+102557-169329","properties":{"count":5,"label":1}},{"type":"Feature","geometry":{"geodesic":false,"type":"Point","coordinates":[27.63936466178944,45.632844381524485]},"id":"+102560-169328","properties":{"count":2,"label":1}},{"type":"Feature","geometry":{"geodesic":false,"type":"Point","coordinates":[27.632760091591848,45.548492576345666]},"id":"+102562-169007","properties":{"count":138,"label":1}},{"type":"Feature","geometry":{"geodesic":false,"type":"Point","coordinates":[27.64003839825253,45.65709889419571]},"id":"+102563-169417","properties":{"count":9,"label":1}},{"type":"Feature","geometry":{"geodesic":false,"type":"Point","coordinates":[27.642184730127802,45.54525864132283]},"id":"+102574-169001","properties":{"count":28,"label":1}},{"type":"Feature","geometry":{"geodesic":false,"type":"Point","coordinates":[27.642059607641798,46.11133201761075]},"id":"+102575-171098","properties":{"count":36,"label":1}},{"type":"Feature","geometry":{"geodesic":false,"type":"Point","coordinates":[27.644080817031067,46.11726089848594]},"id":"+102578-171125","properties":{"count":6,"label":1}},{"type":"Feature","geometry":{"geodesic":false,"type":"Point","coordinates":[27.64456590728449,46.108502324465775]},"id":"+102581-171091","properties":{"count":15,"label":1}},{"type":"Feature","geometry":{"geodesic":false,"type":"Point","coordinates":[27.645428289957245,46.10122597066441]},"id":"+102582-171066","properties":{"count":1,"label":1}},{"type":"Feature","geometry":{"geodesic":false,"type":"Point","coordinates":[27.645992703145193,46.09816491896041]},"id":"+102585-171048","properties":{"count":53,"label":1}},{"type":"Feature","geometry":{"geodesic":false,"type":"Point","coordinates":[27.639244773847388,46.03314718062866]},"id":"+102595-170782","properties":{"count":399,"label":1}},{"type":"Feature","geometry":{"geodesic":false,"type":"Point","coordinates":[27.64974020332102,45.50160051851462]},"id":"+102600-168840","properties":{"count":15,"label":1}},{"type":"Feature","geometry":{"geodesic":false,"type":"Point","coordinates":[27.65142356804909,45.49766355413901]},"id":"+102606-168821","properties":{"count":138,"label":1}},{"type":"Feature","geometry":{"geodesic":false,"type":"Point","coordinates":[27.653828228875522,45.50363623915079]},"id":"+102606-168843","properties":{"count":65,"label":1}},{"type":"Feature","geometry":{"geodesic":false,"type":"Point","coordinates":[27.647238531363126,45.53703361213808]},"id":"+102619-168952","properties":{"count":198,"label":1}},{"type":"Feature","geometry":{"geodesic":false,"type":"Point","coordinates":[27.656342820659297,45.742932919593336]},"id":"+102622-169734","properties":{"count":18,"label":1}},{"type":"Feature","geometry":{"geodesic":false,"type":"Point","coordinates":[27.657286051707626,45.74576261273831]},"id":"+102625-169743","properties":{"count":27,"label":1}},{"type":"Feature","geometry":{"geodesic":false,"type":"Point","coordinates":[27.656747062537153,45.74832281129805]},"id":"+102625-169755","properties":{"count":12,"label":1}},{"type":"Feature","geometry":{"geodesic":false,"type":"Point","coordinates":[27.659847955929298,45.512547456793385]},"id":"+102628-168856","properties":{"count":158,"label":1}},{"type":"Feature","geometry":{"geodesic":false,"type":"Point","coordinates":[27.658364030048567,45.95003950834709]},"id":"+102631-170505","properties":{"count":3,"label":1}},{"type":"Feature","geometry":{"geodesic":false,"type":"Point","coordinates":[27.6599630312543,45.479663659276426]},"id":"+102636-168757","properties":{"count":15,"label":1}},{"type":"Feature","geometry":{"geodesic":false,"type":"Point","coordinates":[27.659980997559984,45.47330358706486]},"id":"+102637-168735","properties":{"count":9,"label":1}},{"type":"Feature","geometry":{"geodesic":false,"type":"Point","coordinates":[27.66078948131569,45.70749438163482]},"id":"+102640-169604","properties":{"count":9,"label":1}},{"type":"Feature","geometry":{"geodesic":false,"type":"Point","coordinates":[27.661564278248242,45.47252879013231]},"id":"+102642-168732","properties":{"count":8,"label":1}},{"type":"Feature","geometry":{"geodesic":false,"type":"Point","coordinates":[27.659495907306557,45.530418472829176]},"id":"+102643-168945","properties":{"count":45,"label":1}},{"type":"Feature","geometry":{"geodesic":false,"type":"Point","coordinates":[27.661597965071397,45.70250873180795]},"id":"+102643-169585","properties":{"count":12,"label":1}},{"type":"Feature","geometry":{"geodesic":false,"type":"Point","coordinates":[27.66012611002896,45.498231836199174]},"id":"+102645-168828","properties":{"count":26,"label":1}},{"type":"Feature","geometry":{"geodesic":false,"type":"Point","coordinates":[27.664121414369514,45.47332808657261]},"id":"+102652-168735","properties":{"count":11,"label":1}},{"type":"Feature","geometry":{"geodesic":false,"type":"Point","coordinates":[27.66475934385974,45.491290623099964]},"id":"+102652-168791","properties":{"count":78,"label":1}},{"type":"Feature","geometry":{"geodesic":false,"type":"Point","coordinates":[27.66368300212559,45.49752973188501]},"id":"+102653-168825","properties":{"count":19,"label":1}},{"type":"Feature","geometry":{"geodesic":false,"type":"Point","coordinates":[27.66415816363114,46.087481746817375]},"id":"+102653-171014","properties":{"count":12,"label":1}},{"type":"Feature","geometry":{"geodesic":false,"type":"Point","coordinates":[27.663693068137267,45.52793274750429]},"id":"+102655-168933","properties":{"count":31,"label":1}},{"type":"Feature","geometry":{"geodesic":false,"type":"Point","coordinates":[27.657272015531312,45.74041482956254]},"id":"+102656-169697","properties":{"count":288,"label":1}},{"type":"Feature","geometry":{"geodesic":false,"type":"Point","coordinates":[27.64882974864117,46.09261410991265]},"id":"+102656-171004","properties":{"count":518,"label":1}},{"type":"Feature","geometry":{"geodesic":false,"type":"Point","coordinates":[27.66523614197208,45.49639028986673]},"id":"+102657-168820","properties":{"count":6,"label":1}},{"type":"Feature","geometry":{"geodesic":false,"type":"Point","coordinates":[27.66585394559673,45.523068558870584]},"id":"+102657-168909","properties":{"count":53,"label":1}},{"type":"Feature","geometry":{"geodesic":false,"type":"Point","coordinates":[27.665640383849937,46.102034454420114]},"id":"+102657-171069","properties":{"count":1,"label":1}},{"type":"Feature","geometry":{"geodesic":false,"type":"Point","coordinates":[27.665876191612018,45.47414575764372]},"id":"+102658-168738","properties":{"count":8,"label":1}},{"type":"Feature","geometry":{"geodesic":false,"type":"Point","coordinates":[27.666394968688596,45.73341976073451]},"id":"+102662-169700","properties":{"count":15,"label":1}},{"type":"Feature","geometry":{"geodesic":false,"type":"Point","coordinates":[27.666718362190878,45.738216764351705]},"id":"+102662-169718","properties":{"count":9,"label":1}},{"type":"Feature","geometry":{"geodesic":false,"type":"Point","coordinates":[27.667122604068734,45.744549887104746]},"id":"+102662-169740","properties":{"count":18,"label":1}},{"type":"Feature","geometry":{"geodesic":false,"type":"Point","coordinates":[27.668941692519073,45.47471843363735]},"id":"+102674-168741","properties":{"count":12,"label":1}},{"type":"Feature","geometry":{"geodesic":false,"type":"Point","coordinates":[27.670895528262037,45.47492055457627]},"id":"+102677-168741","properties":{"count":6,"label":1}},{"type":"Feature","geometry":{"geodesic":false,"type":"Point","coordinates":[27.67309640070813,46.0703688406549]},"id":"+102687-170951","properties":{"count":6,"label":1}},{"type":"Feature","geometry":{"geodesic":false,"type":"Point","coordinates":[27.674264210577483,45.74576261273831]},"id":"+102690-169746","properties":{"count":9,"label":1}},{"type":"Feature","geometry":{"geodesic":false,"type":"Point","coordinates":[27.675342188918428,45.717330933995925]},"id":"+102693-169641","properties":{"count":2,"label":1}},{"type":"Feature","geometry":{"geodesic":false,"type":"Point","coordinates":[27.676689661844605,45.74333716147119]},"id":"+102699-169737","properties":{"count":9,"label":1}},{"type":"Feature","geometry":{"geodesic":false,"type":"Point","coordinates":[27.677498145600314,46.073333281092495]},"id":"+102702-170961","properties":{"count":12,"label":1}},{"type":"Feature","geometry":{"geodesic":false,"type":"Point","coordinates":[27.67835154512023,45.47752566890022]},"id":"+102705-168751","properties":{"count":6,"label":1}},{"type":"Feature","geometry":{"geodesic":false,"type":"Point","coordinates":[27.6789129921728,45.715444471899275]},"id":"+102708-169629","properties":{"count":36,"label":1}},{"type":"Feature","geometry":{"geodesic":false,"type":"Point","coordinates":[27.679115113111727,45.72258607840803]},"id":"+102708-169660","properties":{"count":9,"label":1}},{"type":"Feature","geometry":{"geodesic":false,"type":"Point","coordinates":[27.679115113111727,46.075084995896525]},"id":"+102708-170968","properties":{"count":9,"label":1}},{"type":"Feature","geometry":{"geodesic":false,"type":"Point","coordinates":[27.679115113111727,46.13922470718266]},"id":"+102708-171206","properties":{"count":9,"label":1}},{"type":"Feature","geometry":{"geodesic":false,"type":"Point","coordinates":[27.680000595320358,45.478385484957876]},"id":"+102711-168754","properties":{"count":7,"label":1}},{"type":"Feature","geometry":{"geodesic":false,"type":"Point","coordinates":[27.679115113111727,45.74198968854501]},"id":"+102711-169731","properties":{"count":27,"label":1}},{"type":"Feature","geometry":{"geodesic":false,"type":"Point","coordinates":[27.679759786433273,45.70680215044529]},"id":"+102714-169578","properties":{"count":153,"label":1}},{"type":"Feature","geometry":{"geodesic":false,"type":"Point","coordinates":[27.68167531167147,45.47923246794005]},"id":"+102717-168757","properties":{"count":10,"label":1}},{"type":"Feature","geometry":{"geodesic":false,"type":"Point","coordinates":[27.682079553549322,45.74899654776114]},"id":"+102718-169759","properties":{"count":1,"label":1}},{"type":"Feature","geometry":{"geodesic":false,"type":"Point","coordinates":[27.68167531167147,45.73915999540003]},"id":"+102721-169718","properties":{"count":34,"label":1}},{"type":"Feature","geometry":{"geodesic":false,"type":"Point","coordinates":[27.683393339652348,45.48007463851891]},"id":"+102723-168760","properties":{"count":8,"label":1}},{"type":"Feature","geometry":{"geodesic":false,"type":"Point","coordinates":[27.683966015645975,45.95785485131893]},"id":"+102725-170534","properties":{"count":1,"label":1}},{"type":"Feature","geometry":{"geodesic":false,"type":"Point","coordinates":[27.68423551023121,45.737408280596]},"id":"+102727-169715","properties":{"count":9,"label":1}},{"type":"Feature","geometry":{"geodesic":false,"type":"Point","coordinates":[27.68493302562829,45.46211163546624]},"id":"+102733-168692","properties":{"count":17,"label":1}},{"type":"Feature","geometry":{"geodesic":false,"type":"Point","coordinates":[27.686391466913097,46.135856024867216]},"id":"+102734-171194","properties":{"count":2,"label":1}},{"type":"Feature","geometry":{"geodesic":false,"type":"Point","coordinates":[27.68693045608357,46.13599077215983]},"id":"+102736-171195","properties":{"count":1,"label":1}},{"type":"Feature","geometry":{"geodesic":false,"type":"Point","coordinates":[27.68814318171713,46.13383481547795]},"id":"+102741-171187","properties":{"count":2,"label":1}},{"type":"Feature","geometry":{"geodesic":false,"type":"Point","coordinates":[27.689086412765455,45.48233165567026]},"id":"+102745-168769","properties":{"count":6,"label":1}},{"type":"Feature","geometry":{"geodesic":false,"type":"Point","coordinates":[27.68746944525404,45.735953009835725]},"id":"+102745-169709","properties":{"count":45,"label":1}},{"type":"Feature","geometry":{"geodesic":false,"type":"Point","coordinates":[27.689625401935928,46.13356532089271]},"id":"+102746-171186","properties":{"count":1,"label":1}},{"type":"Feature","geometry":{"geodesic":false,"type":"Point","coordinates":[27.689894896521164,45.963783732194116]},"id":"+102748-170556","properties":{"count":3,"label":1}},{"type":"Feature","geometry":{"geodesic":false,"type":"Point","coordinates":[27.690433885691636,46.13356532089271]},"id":"+102750-171186","properties":{"count":3,"label":1}},{"type":"Feature","geometry":{"geodesic":false,"type":"Point","coordinates":[27.69070338027687,45.482196908377645]},"id":"+102751-168769","properties":{"count":3,"label":1}},{"type":"Feature","geometry":{"geodesic":false,"type":"Point","coordinates":[27.691511864032577,46.131409364210825]},"id":"+102753-171178","properties":{"count":1,"label":1}},{"type":"Feature","geometry":{"geodesic":false,"type":"Point","coordinates":[27.689979260043497,45.74586338027888]},"id":"+102755-169728","properties":{"count":230,"label":1}},{"type":"Feature","geometry":{"geodesic":false,"type":"Point","coordinates":[27.69205085320305,46.13248734255176]},"id":"+102755-171182","properties":{"count":1,"label":1}},{"type":"Feature","geometry":{"geodesic":false,"type":"Point","coordinates":[27.692623529196677,45.47084444897458]},"id":"+102758-168726","properties":{"count":8,"label":1}},{"type":"Feature","geometry":{"geodesic":false,"type":"Point","coordinates":[27.693218663072404,45.73924982692845]},"id":"+102759-169721","properties":{"count":6,"label":1}},{"type":"Feature","geometry":{"geodesic":false,"type":"Point","coordinates":[27.692455095080902,45.736700857309756]},"id":"+102760-169709","properties":{"count":24,"label":1}},{"type":"Feature","geometry":{"geodesic":false,"type":"Point","coordinates":[27.69205608610762,45.4612966875343]},"id":"+102761-168689","properties":{"count":103,"label":1}},{"type":"Feature","geometry":{"geodesic":false,"type":"Point","coordinates":[27.69339832612923,45.48152317191455]},"id":"+102761-168766","properties":{"count":6,"label":1}},{"type":"Feature","geometry":{"geodesic":false,"type":"Point","coordinates":[27.69339832612923,45.74926604234638]},"id":"+102761-169759","properties":{"count":9,"label":1}},{"type":"Feature","geometry":{"geodesic":false,"type":"Point","coordinates":[27.694099012050845,45.734416890699876]},"id":"+102763-169703","properties":{"count":10,"label":1}},{"type":"Feature","geometry":{"geodesic":false,"type":"Point","coordinates":[27.694206809884935,45.72905394845369]},"id":"+102764-169684","properties":{"count":9,"label":1}},{"type":"Feature","geometry":{"geodesic":false,"type":"Point","coordinates":[27.69447630447017,45.480490109337815]},"id":"+102765-168762","properties":{"count":3,"label":1}},{"type":"Feature","geometry":{"geodesic":false,"type":"Point","coordinates":[27.695015293640644,45.47411207082057]},"id":"+102767-168738","properties":{"count":9,"label":1}},{"type":"Feature","geometry":{"geodesic":false,"type":"Point","coordinates":[27.694450224349023,45.73105342440866]},"id":"+102768-169688","properties":{"count":31,"label":1}},{"type":"Feature","geometry":{"geodesic":false,"type":"Point","coordinates":[27.695823777396352,45.47694176396554]},"id":"+102770-168747","properties":{"count":18,"label":1}},{"type":"Feature","geometry":{"geodesic":false,"type":"Point","coordinates":[27.696509763613317,46.134006312032184]},"id":"+102770-171186","properties":{"count":11,"label":1}},{"type":"Feature","geometry":{"geodesic":false,"type":"Point","coordinates":[27.696509763613317,45.70967483782446]},"id":"+102771-169610","properties":{"count":11,"label":1}},{"type":"Feature","geometry":{"geodesic":false,"type":"Point","coordinates":[27.696524463317967,45.7135310603441]},"id":"+102771-169623","properties":{"count":15,"label":1}},{"type":"Feature","geometry":{"geodesic":false,"type":"Point","coordinates":[27.696901755737294,45.96028030258605]},"id":"+102773-170543","properties":{"count":1,"label":1}},{"type":"Feature","geometry":{"geodesic":false,"type":"Point","coordinates":[27.696578362235012,46.079774201679626]},"id":"+102773-170986","properties":{"count":5,"label":1}},{"type":"Feature","geometry":{"geodesic":false,"type":"Point","coordinates":[27.69717125032253,45.7111325585355]},"id":"+102774-169618","properties":{"count":2,"label":1}},{"type":"Feature","geometry":{"geodesic":false,"type":"Point","coordinates":[27.696677176916268,46.126378798619754]},"id":"+102776-171153","properties":{"count":36,"label":1}},{"type":"Feature","geometry":{"geodesic":false,"type":"Point","coordinates":[27.69747924413423,46.13175585724898]},"id":"+102776-171178","properties":{"count":7,"label":1}},{"type":"Feature","geometry":{"geodesic":false,"type":"Point","coordinates":[27.69797973407824,46.126558461676574]},"id":"+102777-171160","properties":{"count":1,"label":1}},{"type":"Feature","geometry":{"geodesic":false,"type":"Point","coordinates":[27.697844986785622,45.463197540118514]},"id":"+102779-168698","properties":{"count":12,"label":1}},{"type":"Feature","geometry":{"geodesic":false,"type":"Point","coordinates":[27.697844986785622,45.74737958024973]},"id":"+102779-169752","properties":{"count":18,"label":1}},{"type":"Feature","geometry":{"geodesic":false,"type":"Point","coordinates":[27.69797973407824,46.1146297802985]},"id":"+102779-171113","properties":{"count":57,"label":1}},{"type":"Feature","geometry":{"geodesic":false,"type":"Point","coordinates":[27.699596701589655,45.726089508016095]},"id":"+102783-169674","properties":{"count":1,"label":1}},{"type":"Feature","geometry":{"geodesic":false,"type":"Point","coordinates":[27.697825737172387,45.72258257847835]},"id":"+102784-169636","properties":{"count":154,"label":1}},{"type":"Feature","geometry":{"geodesic":false,"type":"Point","coordinates":[27.69926501594629,45.72501152967515]},"id":"+102784-169668","properties":{"count":13,"label":1}},{"type":"Feature","geometry":{"geodesic":false,"type":"Point","coordinates":[27.69973144888227,45.74832281129805]},"id":"+102784-169755","properties":{"count":8,"label":1}},{"type":"Feature","geometry":{"geodesic":false,"type":"Point","coordinates":[27.699558202363193,46.12967689902002]},"id":"+102784-171170","properties":{"count":7,"label":1}},{"type":"Feature","geometry":{"geodesic":false,"type":"Point","coordinates":[27.708984991045043,45.69662011406801]},"id":"+102786-169554","properties":{"count":251,"label":1}},{"type":"Feature","geometry":{"geodesic":false,"type":"Point","coordinates":[27.699769948108734,45.463948275034525]},"id":"+102789-168701","properties":{"count":14,"label":1}},{"type":"Feature","geometry":{"geodesic":false,"type":"Point","coordinates":[27.703600621141728,46.11285273705601]},"id":"+102798-171107","properties":{"count":14,"label":1}},{"type":"Feature","geometry":{"geodesic":false,"type":"Point","coordinates":[27.70405833416745,46.12586975329208]},"id":"+102801-171156","properties":{"count":9,"label":1}},{"type":"Feature","geometry":{"geodesic":false,"type":"Point","coordinates":[27.70216914990327,45.674211800358194]},"id":"+102804-169471","properties":{"count":132,"label":1}},{"type":"Feature","geometry":{"geodesic":false,"type":"Point","coordinates":[27.70469014925061,45.46311669174295]},"id":"+102806-168698","properties":{"count":10,"label":1}},{"type":"Feature","geometry":{"geodesic":false,"type":"Point","coordinates":[27.705067441669943,46.10998454468457]},"id":"+102807-171094","properties":{"count":30,"label":1}},{"type":"Feature","geometry":{"geodesic":false,"type":"Point","coordinates":[27.70687305539102,45.672190590968924]},"id":"+102810-169474","properties":{"count":1,"label":1}},{"type":"Feature","geometry":{"geodesic":false,"type":"Point","coordinates":[27.707142549976258,45.963514237608884]},"id":"+102811-170555","properties":{"count":1,"label":1}},{"type":"Feature","geometry":{"geodesic":false,"type":"Point","coordinates":[27.707232381504667,46.13464329923365]},"id":"+102811-171187","properties":{"count":9,"label":1}},{"type":"Feature","geometry":{"geodesic":false,"type":"Point","coordinates":[27.707142549976258,46.13787723425648]},"id":"+102811-171202","properties":{"count":1,"label":1}},{"type":"Feature","geometry":{"geodesic":false,"type":"Point","coordinates":[27.70768153914673,46.131409364210825]},"id":"+102813-171178","properties":{"count":1,"label":1}},{"type":"Feature","geometry":{"geodesic":false,"type":"Point","coordinates":[27.708040865260376,45.676502504332696]},"id":"+102814-169487","properties":{"count":9,"label":1}},{"type":"Feature","geometry":{"geodesic":false,"type":"Point","coordinates":[27.708310359845612,46.12901385678651]},"id":"+102814-171167","properties":{"count":9,"label":1}},{"type":"Feature","geometry":{"geodesic":false,"type":"Point","coordinates":[27.712425573138553,45.44980412387813]},"id":"+102816-168639","properties":{"count":116,"label":1}},{"type":"Feature","geometry":{"geodesic":false,"type":"Point","coordinates":[27.70875951748767,45.678388966429345]},"id":"+102817-169496","properties":{"count":3,"label":1}},{"type":"Feature","geometry":{"geodesic":false,"type":"Point","coordinates":[27.709163759365527,45.96917362389883]},"id":"+102820-170575","properties":{"count":12,"label":1}},{"type":"Feature","geometry":{"geodesic":false,"type":"Point","coordinates":[27.709163759365527,45.97321604267737]},"id":"+102820-170590","properties":{"count":12,"label":1}},{"type":"Feature","geometry":{"geodesic":false,"type":"Point","coordinates":[27.709433253950763,46.12777118731014]},"id":"+102820-171164","properties":{"count":4,"label":1}},{"type":"Feature","geometry":{"geodesic":false,"type":"Point","coordinates":[27.710106990413852,45.97671947228544]},"id":"+102823-170603","properties":{"count":9,"label":1}},{"type":"Feature","geometry":{"geodesic":false,"type":"Point","coordinates":[27.710106990413852,46.10580737861341]},"id":"+102823-171082","properties":{"count":9,"label":1}},{"type":"Feature","geometry":{"geodesic":false,"type":"Point","coordinates":[27.710160889330897,46.12585777575496]},"id":"+102823-171157","properties":{"count":5,"label":1}},{"type":"Feature","geometry":{"geodesic":false,"type":"Point","coordinates":[27.707975533239715,45.46242580562443]},"id":"+102824-168695","properties":{"count":33,"label":1}},{"type":"Feature","geometry":{"geodesic":false,"type":"Point","coordinates":[27.710645979584324,46.10486414756509]},"id":"+102824-171079","properties":{"count":2,"label":1}},{"type":"Feature","geometry":{"geodesic":false,"type":"Point","coordinates":[27.711184968754797,45.68081441769647]},"id":"+102826-169505","properties":{"count":3,"label":1}},{"type":"Feature","geometry":{"geodesic":false,"type":"Point","coordinates":[27.70997865965898,45.96427780560039]},"id":"+102826-170556","properties":{"count":42,"label":1}},{"type":"Feature","geometry":{"geodesic":false,"type":"Point","coordinates":[27.711454463340033,45.682566132500504]},"id":"+102827-169512","properties":{"count":2,"label":1}},{"type":"Feature","geometry":{"geodesic":false,"type":"Point","coordinates":[27.711535311715604,46.12300113315146]},"id":"+102829-171142","properties":{"count":30,"label":1}},{"type":"Feature","geometry":{"geodesic":false,"type":"Point","coordinates":[27.712532441680974,46.10392091651676]},"id":"+102832-171076","properties":{"count":3,"label":1}},{"type":"Feature","geometry":{"geodesic":false,"type":"Point","coordinates":[27.713338118201417,45.445969537310255]},"id":"+102834-168630","properties":{"count":96,"label":1}},{"type":"Feature","geometry":{"geodesic":false,"type":"Point","coordinates":[27.713340925436682,45.682431385207884]},"id":"+102835-169511","properties":{"count":9,"label":1}},{"type":"Feature","geometry":{"geodesic":false,"type":"Point","coordinates":[27.713879914607155,45.67811947184411]},"id":"+102836-169496","properties":{"count":1,"label":1}},{"type":"Feature","geometry":{"geodesic":false,"type":"Point","coordinates":[27.714418903777627,45.678388966429345]},"id":"+102838-169496","properties":{"count":3,"label":1}},{"type":"Feature","geometry":{"geodesic":false,"type":"Point","coordinates":[27.714514019513594,46.10301731702509]},"id":"+102840-171070","properties":{"count":17,"label":1}},{"type":"Feature","geometry":{"geodesic":false,"type":"Point","coordinates":[27.715227387533332,45.6773109880884]},"id":"+102841-169493","properties":{"count":1,"label":1}},{"type":"Feature","geometry":{"geodesic":false,"type":"Point","coordinates":[27.714957892948096,45.6840483527193]},"id":"+102841-169517","properties":{"count":9,"label":1}},{"type":"Feature","geometry":{"geodesic":false,"type":"Point","coordinates":[27.71549688211857,45.686204309401184]},"id":"+102842-169526","properties":{"count":1,"label":1}},{"type":"Feature","geometry":{"geodesic":false,"type":"Point","coordinates":[27.714624232985425,45.46130466148412]},"id":"+102843-168689","properties":{"count":21,"label":1}},{"type":"Feature","geometry":{"geodesic":false,"type":"Point","coordinates":[27.716574860459513,45.67609826245484]},"id":"+102847-169488","properties":{"count":6,"label":1}},{"type":"Feature","geometry":{"geodesic":false,"type":"Point","coordinates":[27.715901123996424,46.10082172878655]},"id":"+102847-171062","properties":{"count":18,"label":1}},{"type":"Feature","geometry":{"geodesic":false,"type":"Point","coordinates":[27.71733434519972,45.68796827395909]},"id":"+102850-169530","properties":{"count":11,"label":1}},{"type":"Feature","geometry":{"geodesic":false,"type":"Point","coordinates":[27.720861897400034,45.69295411224371]},"id":"+102854-169538","properties":{"count":65,"label":1}},{"type":"Feature","geometry":{"geodesic":false,"type":"Point","coordinates":[27.72363946851534,45.44969634263853]},"id":"+102857-168642","properties":{"count":112,"label":1}},{"type":"Feature","geometry":{"geodesic":false,"type":"Point","coordinates":[27.719674048189724,45.45376522963526]},"id":"+102857-168659","properties":{"count":30,"label":1}},{"type":"Feature","geometry":{"geodesic":false,"type":"Point","coordinates":[27.71864098561299,45.458443955073385]},"id":"+102858-168673","properties":{"count":36,"label":1}},{"type":"Feature","geometry":{"geodesic":false,"type":"Point","coordinates":[27.72007829006758,45.97106008599549]},"id":"+102860-170583","properties":{"count":3,"label":1}},{"type":"Feature","geometry":{"geodesic":false,"type":"Point","coordinates":[27.719674048189724,46.118877865997355]},"id":"+102860-171128","properties":{"count":24,"label":1}},{"type":"Feature","geometry":{"geodesic":false,"type":"Point","coordinates":[27.725400808125986,45.69593980129283]},"id":"+102881-169561","properties":{"count":16,"label":1}},{"type":"Feature","geometry":{"geodesic":false,"type":"Point","coordinates":[27.72641141282062,45.97159907516596]},"id":"+102883-170584","properties":{"count":6,"label":1}},{"type":"Feature","geometry":{"geodesic":false,"type":"Point","coordinates":[27.735168908862445,45.496419754608056]},"id":"+102888-168797","properties":{"count":250,"label":1}},{"type":"Feature","geometry":{"geodesic":false,"type":"Point","coordinates":[27.72713006504792,45.69478322036453]},"id":"+102888-169556","properties":{"count":12,"label":1}},{"type":"Feature","geometry":{"geodesic":false,"type":"Point","coordinates":[27.727489391161566,45.69765782927371]},"id":"+102888-169568","properties":{"count":8,"label":1}},{"type":"Feature","geometry":{"geodesic":false,"type":"Point","coordinates":[27.72843262220989,45.6998137859556]},"id":"+102891-169576","properties":{"count":6,"label":1}},{"type":"Feature","geometry":{"geodesic":false,"type":"Point","coordinates":[27.732205546403193,45.688899255253546]},"id":"+102904-169536","properties":{"count":1,"label":1}},{"type":"Feature","geometry":{"geodesic":false,"type":"Point","coordinates":[27.73247504098843,45.492437702616606]},"id":"+102906-168806","properties":{"count":9,"label":1}},{"type":"Feature","geometry":{"geodesic":false,"type":"Point","coordinates":[27.721906238049392,46.11689511658967]},"id":"+102907-171107","properties":{"count":981,"label":1}},{"type":"Feature","geometry":{"geodesic":false,"type":"Point","coordinates":[27.733940417795647,45.4497396542683]},"id":"+102909-168645","properties":{"count":16,"label":1}},{"type":"Feature","geometry":{"geodesic":false,"type":"Point","coordinates":[27.731489085188784,45.45172430112999]},"id":"+102909-168654","properties":{"count":41,"label":1}},{"type":"Feature","geometry":{"geodesic":false,"type":"Point","coordinates":[27.734175789199917,45.442592375107985]},"id":"+102911-168612","properties":{"count":193,"label":1}},{"type":"Feature","geometry":{"geodesic":false,"type":"Point","coordinates":[27.73490049225555,45.68593481481595]},"id":"+102915-169524","properties":{"count":9,"label":1}},{"type":"Feature","geometry":{"geodesic":false,"type":"Point","coordinates":[27.73557422871864,45.684587341889774]},"id":"+102917-169520","properties":{"count":2,"label":1}},{"type":"Feature","geometry":{"geodesic":false,"type":"Point","coordinates":[27.73783383716408,45.49241697226389]},"id":"+102925-168803","properties":{"count":26,"label":1}},{"type":"Feature","geometry":{"geodesic":false,"type":"Point","coordinates":[27.739733664882873,45.50454013708253]},"id":"+102925-168843","properties":{"count":76,"label":1}},{"type":"Feature","geometry":{"geodesic":false,"type":"Point","coordinates":[27.73759543810791,45.674077053065574]},"id":"+102925-169480","properties":{"count":9,"label":1}},{"type":"Feature","geometry":{"geodesic":false,"type":"Point","coordinates":[27.738942911034087,45.494189417420635]},"id":"+102929-168813","properties":{"count":2,"label":1}},{"type":"Feature","geometry":{"geodesic":false,"type":"Point","coordinates":[27.739212405619323,45.417518207921034]},"id":"+102931-168528","properties":{"count":9,"label":1}},{"type":"Feature","geometry":{"geodesic":false,"type":"Point","coordinates":[27.739582960674024,45.42110585458699]},"id":"+102931-168540","properties":{"count":16,"label":1}},{"type":"Feature","geometry":{"geodesic":false,"type":"Point","coordinates":[27.739212405619323,45.50240900227033]},"id":"+102931-168843","properties":{"count":9,"label":1}},{"type":"Feature","geometry":{"geodesic":false,"type":"Point","coordinates":[27.740425131252884,45.41549699853177]},"id":"+102937-168519","properties":{"count":18,"label":1}},{"type":"Feature","geometry":{"geodesic":false,"type":"Point","coordinates":[27.74321336369244,45.44498592526238]},"id":"+102943-168627","properties":{"count":26,"label":1}},{"type":"Feature","geometry":{"geodesic":false,"type":"Point","coordinates":[27.743254824397862,45.43422687220566]},"id":"+102946-168590","properties":{"count":9,"label":1}},{"type":"Feature","geometry":{"geodesic":false,"type":"Point","coordinates":[27.74392856086095,45.42587254006335]},"id":"+102947-168559","properties":{"count":4,"label":1}},{"type":"Feature","geometry":{"geodesic":false,"type":"Point","coordinates":[27.743468561482704,45.43060263468008]},"id":"+102949-168571","properties":{"count":29,"label":1}},{"type":"Feature","geometry":{"geodesic":false,"type":"Point","coordinates":[27.744717795003428,45.4375281808748]},"id":"+102949-168599","properties":{"count":28,"label":1}},{"type":"Feature","geometry":{"geodesic":false,"type":"Point","coordinates":[27.74577887124495,45.49498146857969]},"id":"+102949-168814","properties":{"count":41,"label":1}},{"type":"Feature","geometry":{"geodesic":false,"type":"Point","coordinates":[27.74406330815357,45.67246008555416]},"id":"+102949-169474","properties":{"count":9,"label":1}},{"type":"Feature","geometry":{"geodesic":false,"type":"Point","coordinates":[27.745410781079748,45.447778599920376]},"id":"+102953-168639","properties":{"count":21,"label":1}},{"type":"Feature","geometry":{"geodesic":false,"type":"Point","coordinates":[27.746026768703146,45.41505425742745]},"id":"+102956-168519","properties":{"count":7,"label":1}},{"type":"Feature","geometry":{"geodesic":false,"type":"Point","coordinates":[27.747418515739756,45.44157059965334]},"id":"+102959-168614","properties":{"count":20,"label":1}},{"type":"Feature","geometry":{"geodesic":false,"type":"Point","coordinates":[27.749048957980435,45.49256452359789]},"id":"+102962-168805","properties":{"count":34,"label":1}},{"type":"Feature","geometry":{"geodesic":false,"type":"Point","coordinates":[27.748598517030825,45.4991750672475]},"id":"+102965-168819","properties":{"count":105,"label":1}},{"type":"Feature","geometry":{"geodesic":false,"type":"Point","coordinates":[27.745752484740454,45.68315476541036]},"id":"+102966-169502","properties":{"count":418,"label":1}},{"type":"Feature","geometry":{"geodesic":false,"type":"Point","coordinates":[27.749260703725973,45.44415967263292]},"id":"+102968-168627","properties":{"count":7,"label":1}},{"type":"Feature","geometry":{"geodesic":false,"type":"Point","coordinates":[27.74985744173614,45.67946694477029]},"id":"+102970-169501","properties":{"count":2,"label":1}},{"type":"Feature","geometry":{"geodesic":false,"type":"Point","coordinates":[27.74985744173614,45.92497651192016]},"id":"+102970-170411","properties":{"count":6,"label":1}},{"type":"Feature","geometry":{"geodesic":false,"type":"Point","coordinates":[27.74985744173614,45.992619652814355]},"id":"+102970-170662","properties":{"count":6,"label":1}},{"type":"Feature","geometry":{"geodesic":false,"type":"Point","coordinates":[27.74985744173614,46.125345736043016]},"id":"+102970-171150","properties":{"count":24,"label":1}},{"type":"Feature","geometry":{"geodesic":false,"type":"Point","coordinates":[27.750692874950374,45.44656972420946]},"id":"+102973-168636","properties":{"count":5,"label":1}},{"type":"Feature","geometry":{"geodesic":false,"type":"Point","coordinates":[27.750022132871564,45.448719692122786]},"id":"+102974-168642","properties":{"count":18,"label":1}},{"type":"Feature","geometry":{"geodesic":false,"type":"Point","coordinates":[27.75592106990395,45.41913517543245]},"id":"+102993-168534","properties":{"count":9,"label":1}},{"type":"Feature","geometry":{"geodesic":false,"type":"Point","coordinates":[27.756729553659657,45.92201207148256]},"id":"+102996-170401","properties":{"count":3,"label":1}},{"type":"Feature","geometry":{"geodesic":false,"type":"Point","coordinates":[27.760738285615037,45.91335455793186]},"id":"+103011-170368","properties":{"count":8,"label":1}},{"type":"Feature","geometry":{"geodesic":false,"type":"Point","coordinates":[27.769126304580503,45.419808911895544]},"id":"+103042-168537","properties":{"count":6,"label":1}},{"type":"Feature","geometry":{"geodesic":false,"type":"Point","coordinates":[27.76993478833621,46.03843373230445]},"id":"+103045-170832","properties":{"count":9,"label":1}},{"type":"Feature","geometry":{"geodesic":false,"type":"Point","coordinates":[27.770689373174875,45.963136945189554]},"id":"+103047-170553","properties":{"count":5,"label":1}},{"type":"Feature","geometry":{"geodesic":false,"type":"Point","coordinates":[27.77074327209192,45.42075214294387]},"id":"+103048-168540","properties":{"count":9,"label":1}},{"type":"Feature","geometry":{"geodesic":false,"type":"Point","coordinates":[27.77074327209192,46.034121818940676]},"id":"+103048-170816","properties":{"count":9,"label":1}},{"type":"Feature","geometry":{"geodesic":false,"type":"Point","coordinates":[27.771461924319215,45.961358280926994]},"id":"+103049-170542","properties":{"count":18,"label":1}},{"type":"Feature","geometry":{"geodesic":false,"type":"Point","coordinates":[27.771282261262392,46.03573878645209]},"id":"+103049-170822","properties":{"count":3,"label":1}},{"type":"Feature","geometry":{"geodesic":false,"type":"Point","coordinates":[27.77155175584763,46.03088788391785]},"id":"+103051-170801","properties":{"count":27,"label":1}},{"type":"Feature","geometry":{"geodesic":false,"type":"Point","coordinates":[27.772494986895953,46.036412522915185]},"id":"+103055-170825","properties":{"count":8,"label":1}},{"type":"Feature","geometry":{"geodesic":false,"type":"Point","coordinates":[27.773399718717815,45.4216376251525]},"id":"+103056-168543","properties":{"count":7,"label":1}},{"type":"Feature","geometry":{"geodesic":false,"type":"Point","coordinates":[27.77343821794428,46.03749050125612]},"id":"+103058-170828","properties":{"count":12,"label":1}},{"type":"Feature","geometry":{"geodesic":false,"type":"Point","coordinates":[27.77397720711475,45.95623788380752]},"id":"+103059-170528","properties":{"count":1,"label":1}},{"type":"Feature","geometry":{"geodesic":false,"type":"Point","coordinates":[27.774246701699987,46.040050699815865]},"id":"+103061-170838","properties":{"count":9,"label":1}},{"type":"Feature","geometry":{"geodesic":false,"type":"Point","coordinates":[27.774246701699987,46.0418024146199]},"id":"+103061-170844","properties":{"count":12,"label":1}},{"type":"Feature","geometry":{"geodesic":false,"type":"Point","coordinates":[27.775016686229232,45.422446108908204]},"id":"+103062-168546","properties":{"count":7,"label":1}},{"type":"Feature","geometry":{"geodesic":false,"type":"Point","coordinates":[27.77478569087046,45.95489041088133]},"id":"+103062-170522","properties":{"count":3,"label":1}},{"type":"Feature","geometry":{"geodesic":false,"type":"Point","coordinates":[27.77502149863254,45.95249864643737]},"id":"+103063-170513","properties":{"count":8,"label":1}},{"type":"Feature","geometry":{"geodesic":false,"type":"Point","coordinates":[27.775594174626164,45.95327344336992]},"id":"+103065-170517","properties":{"count":1,"label":1}},{"type":"Feature","geometry":{"geodesic":false,"type":"Point","coordinates":[27.774522166101985,46.01654923688756]},"id":"+103073-170708","properties":{"count":316,"label":1}},{"type":"Feature","geometry":{"geodesic":false,"type":"Point","coordinates":[27.778378952006936,46.00402825692267]},"id":"+103076-170704","properties":{"count":9,"label":1}},{"type":"Feature","geometry":{"geodesic":false,"type":"Point","coordinates":[27.779367098819467,45.944919111227605]},"id":"+103082-170482","properties":{"count":27,"label":1}},{"type":"Feature","geometry":{"geodesic":false,"type":"Point","coordinates":[27.780984066330884,45.94143493123277]},"id":"+103085-170467","properties":{"count":42,"label":1}},{"type":"Feature","geometry":{"geodesic":false,"type":"Point","coordinates":[27.781657802793973,45.93750801013362]},"id":"+103089-170457","properties":{"count":16,"label":1}},{"type":"Feature","geometry":{"geodesic":false,"type":"Point","coordinates":[27.782062044671825,45.99935701744525]},"id":"+103089-170688","properties":{"count":1,"label":1}},{"type":"Feature","geometry":{"geodesic":false,"type":"Point","coordinates":[27.782601033842298,45.93575629532959]},"id":"+103092-170451","properties":{"count":9,"label":1}},{"type":"Feature","geometry":{"geodesic":false,"type":"Point","coordinates":[27.783679012183242,45.422099615870046]},"id":"+103095-168546","properties":{"count":1,"label":1}},{"type":"Feature","geometry":{"geodesic":false,"type":"Point","coordinates":[27.783409517598006,45.9321181184289]},"id":"+103095-170430","properties":{"count":54,"label":1}},{"type":"Feature","geometry":{"geodesic":false,"type":"Point","coordinates":[27.783544264890622,45.99531459866672]},"id":"+103095-170673","properties":{"count":2,"label":1}},{"type":"Feature","geometry":{"geodesic":false,"type":"Point","coordinates":[27.784210909390943,45.92711119271373]},"id":"+103098-170414","properties":{"count":38,"label":1}},{"type":"Feature","geometry":{"geodesic":false,"type":"Point","coordinates":[27.785372978147578,45.92143458308562]},"id":"+103101-170396","properties":{"count":21,"label":1}},{"type":"Feature","geometry":{"geodesic":false,"type":"Point","coordinates":[27.78502648510942,45.92335954440874]},"id":"+103101-170405","properties":{"count":9,"label":1}},{"type":"Feature","geometry":{"geodesic":false,"type":"Point","coordinates":[27.785793508159706,45.41615000464214]},"id":"+103104-168522","properties":{"count":13,"label":1}},{"type":"Feature","geometry":{"geodesic":false,"type":"Point","coordinates":[27.785295979694656,45.42142587940696]},"id":"+103104-168541","properties":{"count":10,"label":1}},{"type":"Feature","geometry":{"geodesic":false,"type":"Point","coordinates":[27.785834968865128,45.91743066353355]},"id":"+103104-170377","properties":{"count":45,"label":1}},{"type":"Feature","geometry":{"geodesic":false,"type":"Point","coordinates":[27.78656645416791,45.4117433239517]},"id":"+103105-168502","properties":{"count":21,"label":1}},{"type":"Feature","geometry":{"geodesic":false,"type":"Point","coordinates":[27.786627599998173,45.40795907645649]},"id":"+103107-168491","properties":{"count":17,"label":1}},{"type":"Feature","geometry":{"geodesic":false,"type":"Point","coordinates":[27.78672045107376,45.419982158414626]},"id":"+103107-168537","properties":{"count":7,"label":1}},{"type":"Feature","geometry":{"geodesic":false,"type":"Point","coordinates":[27.786120316073024,45.90921107868386]},"id":"+103107-170337","properties":{"count":102,"label":1}},{"type":"Feature","geometry":{"geodesic":false,"type":"Point","coordinates":[27.787805648019663,45.901665230297255]},"id":"+103113-170318","properties":{"count":48,"label":1}},{"type":"Feature","geometry":{"geodesic":false,"type":"Point","coordinates":[27.789895353949348,45.40672045820592]},"id":"+103126-168488","properties":{"count":45,"label":1}},{"type":"Feature","geometry":{"geodesic":false,"type":"Point","coordinates":[27.79110508519863,45.9661450180838]},"id":"+103128-170544","properties":{"count":126,"label":1}},{"type":"Feature","geometry":{"geodesic":false,"type":"Point","coordinates":[27.79336496462907,45.95964619767961]},"id":"+103131-170538","properties":{"count":17,"label":1}},{"type":"Feature","geometry":{"geodesic":false,"type":"Point","coordinates":[27.797018994152417,45.40579519346328]},"id":"+103147-168485","properties":{"count":12,"label":1}},{"type":"Feature","geometry":{"geodesic":false,"type":"Point","coordinates":[27.7971799998918,45.94821109123803]},"id":"+103154-170465","properties":{"count":195,"label":1}},{"type":"Feature","geometry":{"geodesic":false,"type":"Point","coordinates":[27.801735149394045,45.40498670970757]},"id":"+103163-168482","properties":{"count":6,"label":1}},{"type":"Feature","geometry":{"geodesic":false,"type":"Point","coordinates":[27.802408885857133,45.94249365996048]},"id":"+103165-170476","properties":{"count":6,"label":1}},{"type":"Feature","geometry":{"geodesic":false,"type":"Point","coordinates":[27.804969084416875,45.93413932781817]},"id":"+103175-170445","properties":{"count":9,"label":1}},{"type":"Feature","geometry":{"geodesic":false,"type":"Point","coordinates":[27.806047062757816,46.04692281173938]},"id":"+103178-170864","properties":{"count":2,"label":1}},{"type":"Feature","geometry":{"geodesic":false,"type":"Point","coordinates":[27.809280997780647,46.046788064446766]},"id":"+103191-170863","properties":{"count":9,"label":1}},{"type":"Feature","geometry":{"geodesic":false,"type":"Point","coordinates":[27.8100557947132,45.40326868172669]},"id":"+103193-168475","properties":{"count":8,"label":1}},{"type":"Feature","geometry":{"geodesic":false,"type":"Point","coordinates":[27.81238018551086,46.03897272147492]},"id":"+103202-170835","properties":{"count":2,"label":1}},{"type":"Feature","geometry":{"geodesic":false,"type":"Point","coordinates":[27.812461033886432,45.40226481439669]},"id":"+103203-168472","properties":{"count":5,"label":1}},{"type":"Feature","geometry":{"geodesic":false,"type":"Point","coordinates":[27.812514932803477,45.92335954440874]},"id":"+103203-170405","properties":{"count":9,"label":1}},{"type":"Feature","geometry":{"geodesic":false,"type":"Point","coordinates":[27.81238018551086,46.04041002592952]},"id":"+103203-170839","properties":{"count":6,"label":1}},{"type":"Feature","geometry":{"geodesic":false,"type":"Point","coordinates":[27.81305392197395,46.03681676479304]},"id":"+103204-170826","properties":{"count":3,"label":1}},{"type":"Feature","geometry":{"geodesic":false,"type":"Point","coordinates":[27.813862405729658,46.02334203553124]},"id":"+103207-170776","properties":{"count":3,"label":1}},{"type":"Feature","geometry":{"geodesic":false,"type":"Point","coordinates":[27.814029235710994,46.032261022995]},"id":"+103207-170804","properties":{"count":21,"label":1}},{"type":"Feature","geometry":{"geodesic":false,"type":"Point","coordinates":[27.813862405729658,46.035065049989]},"id":"+103207-170820","properties":{"count":2,"label":1}},{"type":"Feature","geometry":{"geodesic":false,"type":"Point","coordinates":[27.814170399541354,45.401695025845044]},"id":"+103209-168469","properties":{"count":7,"label":1}},{"type":"Feature","geometry":{"geodesic":false,"type":"Point","coordinates":[27.814670889485363,46.029540410991665]},"id":"+103210-170800","properties":{"count":1,"label":1}},{"type":"Feature","geometry":{"geodesic":false,"type":"Point","coordinates":[27.814906697247444,46.027350767486624]},"id":"+103212-170791","properties":{"count":8,"label":1}},{"type":"Feature","geometry":{"geodesic":false,"type":"Point","coordinates":[27.815802766743353,45.40070174580232]},"id":"+103215-168466","properties":{"count":5,"label":1}},{"type":"Feature","geometry":{"geodesic":false,"type":"Point","coordinates":[27.81830906638605,45.399510194743314]},"id":"+103228-168460","properties":{"count":28,"label":1}},{"type":"Feature","geometry":{"geodesic":false,"type":"Point","coordinates":[27.820561271134093,45.397806603972356]},"id":"+103234-168454","properties":{"count":14,"label":1}},{"type":"Feature","geometry":{"geodesic":false,"type":"Point","coordinates":[27.82154300140888,46.007172360417094]},"id":"+103236-170717","properties":{"count":2,"label":1}},{"type":"Feature","geometry":{"geodesic":false,"type":"Point","coordinates":[27.824911683724327,45.397575608613586]},"id":"+103249-168454","properties":{"count":9,"label":1}},{"type":"Feature","geometry":{"geodesic":false,"type":"Point","coordinates":[27.825386634577512,45.4135291544069]},"id":"+103249-168497","properties":{"count":101,"label":1}},{"type":"Feature","geometry":{"geodesic":false,"type":"Point","coordinates":[27.823883527911747,45.894829352939816]},"id":"+103249-170284","properties":{"count":119,"label":1}},{"type":"Feature","geometry":{"geodesic":false,"type":"Point","coordinates":[27.82440536056419,46.002464371678045]},"id":"+103252-170691","properties":{"count":66,"label":1}},{"type":"Feature","geometry":{"geodesic":false,"type":"Point","coordinates":[27.827067640406213,45.877891957956805]},"id":"+103256-170235","properties":{"count":21,"label":1}},{"type":"Feature","geometry":{"geodesic":false,"type":"Point","coordinates":[27.825504571811845,45.88201907503356]},"id":"+103256-170244","properties":{"count":60,"label":1}},{"type":"Feature","geometry":{"geodesic":false,"type":"Point","coordinates":[27.825351674883898,45.88755526379884]},"id":"+103256-170268","properties":{"count":49,"label":1}},{"type":"Feature","geometry":{"geodesic":false,"type":"Point","coordinates":[27.82702721621843,45.39839756709855]},"id":"+103258-168457","properties":{"count":20,"label":1}},{"type":"Feature","geometry":{"geodesic":false,"type":"Point","coordinates":[27.827193434144515,45.45124114127805]},"id":"+103262-168610","properties":{"count":1821,"label":1}},{"type":"Feature","geometry":{"geodesic":false,"type":"Point","coordinates":[27.829223597088102,45.399192576124996]},"id":"+103265-168460","properties":{"count":9,"label":1}},{"type":"Feature","geometry":{"geodesic":false,"type":"Point","coordinates":[27.828516173801855,45.41787528824648]},"id":"+103268-168524","properties":{"count":40,"label":1}},{"type":"Feature","geometry":{"geodesic":false,"type":"Point","coordinates":[27.8301398786779,45.46732080727262]},"id":"+103268-168713","properties":{"count":5,"label":1}},{"type":"Feature","geometry":{"geodesic":false,"type":"Point","coordinates":[27.83222244108977,45.4054253551495]},"id":"+103271-168478","properties":{"count":47,"label":1}},{"type":"Feature","geometry":{"geodesic":false,"type":"Point","coordinates":[27.828268388502654,45.99619494764515]},"id":"+103271-170660","properties":{"count":90,"label":1}},{"type":"Feature","geometry":{"geodesic":false,"type":"Point","coordinates":[27.831600049339723,45.41423527388271]},"id":"+103277-168512","properties":{"count":33,"label":1}},{"type":"Feature","geometry":{"geodesic":false,"type":"Point","coordinates":[27.832403633193884,45.455085753102914]},"id":"+103277-168668","properties":{"count":5,"label":1}},{"type":"Feature","geometry":{"geodesic":false,"type":"Point","coordinates":[27.831379553769988,45.463332287411134]},"id":"+103277-168695","properties":{"count":33,"label":1}},{"type":"Feature","geometry":{"geodesic":false,"type":"Point","coordinates":[27.832496031337392,45.99000170541492]},"id":"+103277-170652","properties":{"count":7,"label":1}},{"type":"Feature","geometry":{"geodesic":false,"type":"Point","coordinates":[27.83880400819928,45.41031711837321]},"id":"+103286-168491","properties":{"count":111,"label":1}},{"type":"Feature","geometry":{"geodesic":false,"type":"Point","coordinates":[27.83753146464675,45.41407053581336]},"id":"+103293-168513","properties":{"count":29,"label":1}},{"type":"Feature","geometry":{"geodesic":false,"type":"Point","coordinates":[27.836769445474705,46.0583763316119]},"id":"+103293-170906","properties":{"count":9,"label":1}},{"type":"Feature","geometry":{"geodesic":false,"type":"Point","coordinates":[27.837544242407258,45.984717285549365]},"id":"+103305-170617","properties":{"count":96,"label":1}},{"type":"Feature","geometry":{"geodesic":false,"type":"Point","coordinates":[27.840003380497535,45.4149580093613]},"id":"+103306-168519","properties":{"count":10,"label":1}},{"type":"Feature","geometry":{"geodesic":false,"type":"Point","coordinates":[27.840677116960624,46.05150421968839]},"id":"+103307-170881","properties":{"count":4,"label":1}},{"type":"Feature","geometry":{"geodesic":false,"type":"Point","coordinates":[27.84108135883848,45.40000105988071]},"id":"+103308-168463","properties":{"count":3,"label":1}},{"type":"Feature","geometry":{"geodesic":false,"type":"Point","coordinates":[27.841350853423716,46.0493482630065]},"id":"+103309-170873","properties":{"count":2,"label":1}},{"type":"Feature","geometry":{"geodesic":false,"type":"Point","coordinates":[27.841889842594185,46.036008281037326]},"id":"+103311-170824","properties":{"count":1,"label":1}},{"type":"Feature","geometry":{"geodesic":false,"type":"Point","coordinates":[27.84162034800895,46.0478660427877]},"id":"+103311-170868","properties":{"count":3,"label":1}},{"type":"Feature","geometry":{"geodesic":false,"type":"Point","coordinates":[27.841586661185797,46.06157657981158]},"id":"+103311-170918","properties":{"count":8,"label":1}},{"type":"Feature","geometry":{"geodesic":false,"type":"Point","coordinates":[27.842392899153293,46.05949024256421]},"id":"+103314-170909","properties":{"count":15,"label":1}},{"type":"Feature","geometry":{"geodesic":false,"type":"Point","coordinates":[27.842428831764657,45.41516013030022]},"id":"+103317-168519","properties":{"count":24,"label":1}},{"type":"Feature","geometry":{"geodesic":false,"type":"Point","coordinates":[27.843237315520366,46.0432846348387]},"id":"+103317-170847","properties":{"count":27,"label":1}},{"type":"Feature","geometry":{"geodesic":false,"type":"Point","coordinates":[27.844045799276074,46.040050699815865]},"id":"+103320-170838","properties":{"count":9,"label":1}},{"type":"Feature","geometry":{"geodesic":false,"type":"Point","coordinates":[27.844636948688848,45.97680640602261]},"id":"+103324-170600","properties":{"count":31,"label":1}},{"type":"Feature","geometry":{"geodesic":false,"type":"Point","coordinates":[27.8450114882065,45.41486817783288]},"id":"+103325-168517","properties":{"count":12,"label":1}},{"type":"Feature","geometry":{"geodesic":false,"type":"Point","coordinates":[27.8493076810528,46.13522944995653]},"id":"+103333-171178","properties":{"count":120,"label":1}},{"type":"Feature","geometry":{"geodesic":false,"type":"Point","coordinates":[27.848290338993536,45.39979893894178]},"id":"+103336-168463","properties":{"count":4,"label":1}},{"type":"Feature","geometry":{"geodesic":false,"type":"Point","coordinates":[27.848537375696672,45.97106008599549]},"id":"+103336-170581","properties":{"count":9,"label":1}},{"type":"Feature","geometry":{"geodesic":false,"type":"Point","coordinates":[27.847594144648347,45.973365761891394]},"id":"+103336-170588","properties":{"count":18,"label":1}},{"type":"Feature","geometry":{"geodesic":false,"type":"Point","coordinates":[27.849839932858643,45.951656475858506]},"id":"+103341-170510","properties":{"count":6,"label":1}},{"type":"Feature","geometry":{"geodesic":false,"type":"Point","coordinates":[27.849772559212333,45.96920731072199]},"id":"+103341-170573","properties":{"count":16,"label":1}},{"type":"Feature","geometry":{"geodesic":false,"type":"Point","coordinates":[27.852332757772075,45.39818197143037]},"id":"+103351-168457","properties":{"count":4,"label":1}},{"type":"Feature","geometry":{"geodesic":false,"type":"Point","coordinates":[27.85277742383771,46.144156458092475]},"id":"+103351-171221","properties":{"count":30,"label":1}},{"type":"Feature","geometry":{"geodesic":false,"type":"Point","coordinates":[27.85357917022879,46.14801696802598]},"id":"+103355-171234","properties":{"count":48,"label":1}},{"type":"Feature","geometry":{"geodesic":false,"type":"Point","coordinates":[27.854196761986625,46.02427403763852]},"id":"+103358-170776","properties":{"count":24,"label":1}},{"type":"Feature","geometry":{"geodesic":false,"type":"Point","coordinates":[27.85455608810027,45.963514237608884]},"id":"+103359-170553","properties":{"count":6,"label":1}},{"type":"Feature","geometry":{"geodesic":false,"type":"Point","coordinates":[27.854825582685507,46.15162145810351]},"id":"+103359-171253","properties":{"count":1,"label":1}},{"type":"Feature","geometry":{"geodesic":false,"type":"Point","coordinates":[27.854960329978123,46.017143660070815]},"id":"+103360-170754","properties":{"count":2,"label":1}},{"type":"Feature","geometry":{"geodesic":false,"type":"Point","coordinates":[27.855095077270743,46.021725068019826]},"id":"+103361-170770","properties":{"count":9,"label":1}},{"type":"Feature","geometry":{"geodesic":false,"type":"Point","coordinates":[27.85536457185598,46.02280304636077]},"id":"+103361-170775","properties":{"count":1,"label":1}},{"type":"Feature","geometry":{"geodesic":false,"type":"Point","coordinates":[27.855095077270743,46.06713490563207]},"id":"+103361-170937","properties":{"count":18,"label":1}},{"type":"Feature","geometry":{"geodesic":false,"type":"Point","coordinates":[27.855027703624433,46.15061085340888]},"id":"+103361-171249","properties":{"count":4,"label":1}},{"type":"Feature","geometry":{"geodesic":false,"type":"Point","coordinates":[27.855634066441215,46.01673941819296]},"id":"+103362-170752","properties":{"count":2,"label":1}},{"type":"Feature","geometry":{"geodesic":false,"type":"Point","coordinates":[27.855886717614872,45.9619478003322]},"id":"+103364-170547","properties":{"count":16,"label":1}},{"type":"Feature","geometry":{"geodesic":false,"type":"Point","coordinates":[27.85590356102645,46.01822163841176]},"id":"+103364-170757","properties":{"count":9,"label":1}},{"type":"Feature","geometry":{"geodesic":false,"type":"Point","coordinates":[27.856083224083275,46.021006415792534]},"id":"+103364-170768","properties":{"count":3,"label":1}},{"type":"Feature","geometry":{"geodesic":false,"type":"Point","coordinates":[27.856712044782157,45.96001080800082]},"id":"+103367-170541","properties":{"count":9,"label":1}},{"type":"Feature","geometry":{"geodesic":false,"type":"Point","coordinates":[27.856712044782157,46.01579618714464]},"id":"+103367-170748","properties":{"count":9,"label":1}},{"type":"Feature","geometry":{"geodesic":false,"type":"Point","coordinates":[27.856712044782157,46.06417046519447]},"id":"+103367-170927","properties":{"count":12,"label":1}},{"type":"Feature","geometry":{"geodesic":false,"type":"Point","coordinates":[27.857520528537865,45.48489185423]},"id":"+103370-168778","properties":{"count":9,"label":1}},{"type":"Feature","geometry":{"geodesic":false,"type":"Point","coordinates":[27.85772264947679,46.01322251385564]},"id":"+103370-170733","properties":{"count":60,"label":1}},{"type":"Feature","geometry":{"geodesic":false,"type":"Point","coordinates":[27.857520528537865,46.06201450851259]},"id":"+103370-170918","properties":{"count":18,"label":1}},{"type":"Feature","geometry":{"geodesic":false,"type":"Point","coordinates":[27.857876032033282,45.956599121230276]},"id":"+103373-170522","properties":{"count":47,"label":1}},{"type":"Feature","geometry":{"geodesic":false,"type":"Point","coordinates":[27.859137496049282,46.01094528461039]},"id":"+103376-170730","properties":{"count":9,"label":1}},{"type":"Feature","geometry":{"geodesic":false,"type":"Point","coordinates":[27.859137496049282,46.05325593449242]},"id":"+103376-170884","properties":{"count":27,"label":1}},{"type":"Feature","geometry":{"geodesic":false,"type":"Point","coordinates":[27.85909899682282,46.05668236564757]},"id":"+103376-170900","properties":{"count":7,"label":1}},{"type":"Feature","geometry":{"geodesic":false,"type":"Point","coordinates":[27.858962422924566,45.40262125541015]},"id":"+103378-168460","properties":{"count":137,"label":1}},{"type":"Feature","geometry":{"geodesic":false,"type":"Point","coordinates":[27.859945979804987,46.0508304832253]},"id":"+103379-170878","properties":{"count":9,"label":1}},{"type":"Feature","geometry":{"geodesic":false,"type":"Point","coordinates":[27.861293452731168,46.029540410991665]},"id":"+103383-170799","properties":{"count":3,"label":1}},{"type":"Feature","geometry":{"geodesic":false,"type":"Point","coordinates":[27.861428200023784,46.02711495972454]},"id":"+103384-170791","properties":{"count":2,"label":1}},{"type":"Feature","geometry":{"geodesic":false,"type":"Point","coordinates":[27.86410389626291,46.01839488493084]},"id":"+103385-170745","properties":{"count":84,"label":1}},{"type":"Feature","geometry":{"geodesic":false,"type":"Point","coordinates":[27.861562947316404,46.04759654820247]},"id":"+103385-170866","properties":{"count":9,"label":1}},{"type":"Feature","geometry":{"geodesic":false,"type":"Point","coordinates":[27.862236683779493,46.02482425575004]},"id":"+103387-170782","properties":{"count":4,"label":1}},{"type":"Feature","geometry":{"geodesic":false,"type":"Point","coordinates":[27.861716944222255,45.39874983502068]},"id":"+103388-168456","properties":{"count":42,"label":1}},{"type":"Feature","geometry":{"geodesic":false,"type":"Point","coordinates":[27.85919093032049,45.943369517362505]},"id":"+103388-170445","properties":{"count":232,"label":1}},{"type":"Feature","geometry":{"geodesic":false,"type":"Point","coordinates":[27.862479228906203,46.04587178285696]},"id":"+103388-170859","properties":{"count":15,"label":1}},{"type":"Feature","geometry":{"geodesic":false,"type":"Point","coordinates":[27.862775672949965,45.397306114028346]},"id":"+103389-168454","properties":{"count":2,"label":1}},{"type":"Feature","geometry":{"geodesic":false,"type":"Point","coordinates":[27.862443987306598,45.930946853500764]},"id":"+103390-170425","properties":{"count":52,"label":1}},{"type":"Feature","geometry":{"geodesic":false,"type":"Point","coordinates":[27.863179914827818,46.023072540946]},"id":"+103390-170776","properties":{"count":1,"label":1}},{"type":"Feature","geometry":{"geodesic":false,"type":"Point","coordinates":[27.86355046988252,45.92672822672419]},"id":"+103392-170417","properties":{"count":8,"label":1}},{"type":"Feature","geometry":{"geodesic":false,"type":"Point","coordinates":[27.863449409413054,46.04126342544943]},"id":"+103392-170841","properties":{"count":18,"label":1}},{"type":"Feature","geometry":{"geodesic":false,"type":"Point","coordinates":[27.862869996054798,46.04375625036286]},"id":"+103392-170850","properties":{"count":20,"label":1}},{"type":"Feature","geometry":{"geodesic":false,"type":"Point","coordinates":[27.86408945905299,46.037995803603444]},"id":"+103393-170829","properties":{"count":8,"label":1}},{"type":"Feature","geometry":{"geodesic":false,"type":"Point","coordinates":[27.864976545396058,45.405211288528605]},"id":"+103396-168482","properties":{"count":6,"label":1}},{"type":"Feature","geometry":{"geodesic":false,"type":"Point","coordinates":[27.865335871509707,46.001108732249286]},"id":"+103398-170693","properties":{"count":4,"label":1}},{"type":"Feature","geometry":{"geodesic":false,"type":"Point","coordinates":[27.865874860680176,45.397575608613586]},"id":"+103401-168454","properties":{"count":9,"label":1}},{"type":"Feature","geometry":{"geodesic":false,"type":"Point","coordinates":[27.866144355265412,46.00016550120096]},"id":"+103401-170691","properties":{"count":1,"label":1}},{"type":"Feature","geometry":{"geodesic":false,"type":"Point","coordinates":[27.866279102558032,45.99868328098216]},"id":"+103403-170683","properties":{"count":12,"label":1}},{"type":"Feature","geometry":{"geodesic":false,"type":"Point","coordinates":[27.86662944551884,45.408328442564496]},"id":"+103404-168494","properties":{"count":10,"label":1}},{"type":"Feature","geometry":{"geodesic":false,"type":"Point","coordinates":[27.867171803371626,45.48883321253908]},"id":"+103404-168791","properties":{"count":16,"label":1}},{"type":"Feature","geometry":{"geodesic":false,"type":"Point","coordinates":[27.867491828191593,45.40256125844045]},"id":"+103407-168473","properties":{"count":6,"label":1}},{"type":"Feature","geometry":{"geodesic":false,"type":"Point","coordinates":[27.867491828191593,45.99733580805598]},"id":"+103407-170680","properties":{"count":6,"label":1}},{"type":"Feature","geometry":{"geodesic":false,"type":"Point","coordinates":[27.867657671013276,45.994899991612506]},"id":"+103408-170668","properties":{"count":13,"label":1}},{"type":"Feature","geometry":{"geodesic":false,"type":"Point","coordinates":[27.86839014347571,45.39820442931247]},"id":"+103410-168457","properties":{"count":3,"label":1}},{"type":"Feature","geometry":{"geodesic":false,"type":"Point","coordinates":[27.868210480418888,45.40910398809312]},"id":"+103410-168497","properties":{"count":9,"label":1}},{"type":"Feature","geometry":{"geodesic":false,"type":"Point","coordinates":[27.869108795703006,45.990598443425085]},"id":"+103413-170655","properties":{"count":6,"label":1}},{"type":"Feature","geometry":{"geodesic":false,"type":"Point","coordinates":[27.86914729492947,45.99335113811714]},"id":"+103413-170665","properties":{"count":7,"label":1}},{"type":"Feature","geometry":{"geodesic":false,"type":"Point","coordinates":[27.86964778487348,45.988846728621056]},"id":"+103414-170649","properties":{"count":1,"label":1}},{"type":"Feature","geometry":{"geodesic":false,"type":"Point","coordinates":[27.871588145887177,45.40999930899296]},"id":"+103422-168500","properties":{"count":10,"label":1}},{"type":"Feature","geometry":{"geodesic":false,"type":"Point","coordinates":[27.87342070906678,45.41746430900399]},"id":"+103428-168528","properties":{"count":5,"label":1}},{"type":"Feature","geometry":{"geodesic":false,"type":"Point","coordinates":[27.87422919282249,45.88616929164619]},"id":"+103432-170268","properties":{"count":3,"label":1}},{"type":"Feature","geometry":{"geodesic":false,"type":"Point","coordinates":[27.876154154145603,45.41809569631798]},"id":"+103441-168531","properties":{"count":7,"label":1}},{"type":"Feature","geometry":{"geodesic":false,"type":"Point","coordinates":[27.87904159613027,45.417441209468116]},"id":"+103450-168528","properties":{"count":7,"label":1}},{"type":"Feature","geometry":{"geodesic":false,"type":"Point","coordinates":[27.882684585434262,45.4187309335546]},"id":"+103463-168528","properties":{"count":72,"label":1}},{"type":"Feature","geometry":{"geodesic":false,"type":"Point","coordinates":[27.876041579182363,45.892752155454666]},"id":"+103463-170235","properties":{"count":382,"label":1}},{"type":"Feature","geometry":{"geodesic":false,"type":"Point","coordinates":[27.8825835249648,46.10742434612483]},"id":"+103463-171088","properties":{"count":9,"label":1}},{"type":"Feature","geometry":{"geodesic":false,"type":"Point","coordinates":[27.88339200872051,45.87619799199246]},"id":"+103466-170229","properties":{"count":15,"label":1}},{"type":"Feature","geometry":{"geodesic":false,"type":"Point","coordinates":[27.88339200872051,46.10917606092886]},"id":"+103466-171094","properties":{"count":12,"label":1}},{"type":"Feature","geometry":{"geodesic":false,"type":"Point","coordinates":[27.884207402593784,45.87310916943861]},"id":"+103469-170213","properties":{"count":39,"label":1}},{"type":"Feature","geometry":{"geodesic":false,"type":"Point","coordinates":[27.88527847081716,45.95785485131893]},"id":"+103472-170534","properties":{"count":1,"label":1}},{"type":"Feature","geometry":{"geodesic":false,"type":"Point","coordinates":[27.886086954572868,45.95435142171086]},"id":"+103476-170519","properties":{"count":6,"label":1}},{"type":"Feature","geometry":{"geodesic":false,"type":"Point","coordinates":[27.886592256920185,45.4183603784999]},"id":"+103477-168531","properties":{"count":8,"label":1}},{"type":"Feature","geometry":{"geodesic":false,"type":"Point","coordinates":[27.886533748227336,45.86943935147326]},"id":"+103478-170198","properties":{"count":38,"label":1}},{"type":"Feature","geometry":{"geodesic":false,"type":"Point","coordinates":[27.887434427499045,45.951117486688034]},"id":"+103481-170507","properties":{"count":15,"label":1}},{"type":"Feature","geometry":{"geodesic":false,"type":"Point","coordinates":[27.88753242553004,45.94859403738991]},"id":"+103482-170495","properties":{"count":22,"label":1}},{"type":"Feature","geometry":{"geodesic":false,"type":"Point","coordinates":[27.8867270042128,45.419842598718695]},"id":"+103484-168537","properties":{"count":24,"label":1}},{"type":"Feature","geometry":{"geodesic":false,"type":"Point","coordinates":[27.888242911254753,45.96917362389883]},"id":"+103484-170575","properties":{"count":9,"label":1}},{"type":"Feature","geometry":{"geodesic":false,"type":"Point","coordinates":[27.885398780899855,46.09866577210467]},"id":"+103484-171029","properties":{"count":168,"label":1}},{"type":"Feature","geometry":{"geodesic":false,"type":"Point","coordinates":[27.889051395010462,45.944919111227605]},"id":"+103487-170485","properties":{"count":9,"label":1}},{"type":"Feature","geometry":{"geodesic":false,"type":"Point","coordinates":[27.889994626058787,45.943302143716195]},"id":"+103491-170479","properties":{"count":12,"label":1}},{"type":"Feature","geometry":{"geodesic":false,"type":"Point","coordinates":[27.89089935788065,45.94160817775185]},"id":"+103494-170473","properties":{"count":7,"label":1}},{"type":"Feature","geometry":{"geodesic":false,"type":"Point","coordinates":[27.89174634086282,45.94006820869336]},"id":"+103497-170467","properties":{"count":9,"label":1}},{"type":"Feature","geometry":{"geodesic":false,"type":"Point","coordinates":[27.892585920147596,45.93670989155427]},"id":"+103500-170451","properties":{"count":26,"label":1}},{"type":"Feature","geometry":{"geodesic":false,"type":"Point","coordinates":[27.890950106860988,46.087555245340624]},"id":"+103500-171005","properties":{"count":66,"label":1}},{"type":"Feature","geometry":{"geodesic":false,"type":"Point","coordinates":[27.893363308374234,45.41886568084722]},"id":"+103503-168534","properties":{"count":3,"label":1}},{"type":"Feature","geometry":{"geodesic":false,"type":"Point","coordinates":[27.893417207291282,45.8555547067634]},"id":"+103503-170154","properties":{"count":5,"label":1}},{"type":"Feature","geometry":{"geodesic":false,"type":"Point","coordinates":[27.89384839862766,45.932522360306756]},"id":"+103506-170433","properties":{"count":45,"label":1}},{"type":"Feature","geometry":{"geodesic":false,"type":"Point","coordinates":[27.89447978594164,45.92880718495315]},"id":"+103507-170423","properties":{"count":14,"label":1}},{"type":"Feature","geometry":{"geodesic":false,"type":"Point","coordinates":[27.894576034007795,45.85288671036956]},"id":"+103509-170142","properties":{"count":18,"label":1}},{"type":"Feature","geometry":{"geodesic":false,"type":"Point","coordinates":[27.895159938942474,46.05765767938461]},"id":"+103509-170904","properties":{"count":3,"label":1}},{"type":"Feature","geometry":{"geodesic":false,"type":"Point","coordinates":[27.894502535484552,46.0808791294791]},"id":"+103509-170980","properties":{"count":66,"label":1}},{"type":"Feature","geometry":{"geodesic":false,"type":"Point","coordinates":[27.89565401234874,45.92672822672419]},"id":"+103511-170417","properties":{"count":8,"label":1}},{"type":"Feature","geometry":{"geodesic":false,"type":"Point","coordinates":[27.89619300151921,45.92538075379801]},"id":"+103512-170411","properties":{"count":18,"label":1}},{"type":"Feature","geometry":{"geodesic":false,"type":"Point","coordinates":[27.896597243397064,45.41819194438413]},"id":"+103515-168531","properties":{"count":6,"label":1}},{"type":"Feature","geometry":{"geodesic":false,"type":"Point","coordinates":[27.896597243397064,45.92362903899397]},"id":"+103515-170407","properties":{"count":3,"label":1}},{"type":"Feature","geometry":{"geodesic":false,"type":"Point","coordinates":[27.897351828235728,45.849437179678546]},"id":"+103517-170130","properties":{"count":10,"label":1}},{"type":"Feature","geometry":{"geodesic":false,"type":"Point","coordinates":[27.896895105833377,46.07454600672605]},"id":"+103518-170958","properties":{"count":57,"label":1}},{"type":"Feature","geometry":{"geodesic":false,"type":"Point","coordinates":[27.89807946361586,45.417652955213654]},"id":"+103520-168529","properties":{"count":4,"label":1}},{"type":"Feature","geometry":{"geodesic":false,"type":"Point","coordinates":[27.897663375822173,45.91877813645973]},"id":"+103520-170374","properties":{"count":91,"label":1}},{"type":"Feature","geometry":{"geodesic":false,"type":"Point","coordinates":[27.89769767962011,46.01698645489609]},"id":"+103520-170751","properties":{"count":12,"label":1}},{"type":"Feature","geometry":{"geodesic":false,"type":"Point","coordinates":[27.898450018670562,45.84737330031328]},"id":"+103523-170120","properties":{"count":24,"label":1}},{"type":"Feature","geometry":{"geodesic":false,"type":"Point","coordinates":[27.899022694664186,46.01579618714464]},"id":"+103524-170748","properties":{"count":9,"label":1}},{"type":"Feature","geometry":{"geodesic":false,"type":"Point","coordinates":[27.899232301563817,46.06798830515198]},"id":"+103525-170940","properties":{"count":27,"label":1}},{"type":"Feature","geometry":{"geodesic":false,"type":"Point","coordinates":[27.89875320007895,46.070311091815206]},"id":"+103525-170949","properties":{"count":21,"label":1}},{"type":"Feature","geometry":{"geodesic":false,"type":"Point","coordinates":[27.899831178419895,46.01485295609631]},"id":"+103526-170745","properties":{"count":2,"label":1}},{"type":"Feature","geometry":{"geodesic":false,"type":"Point","coordinates":[27.899831178419895,46.06619167458374]},"id":"+103526-170935","properties":{"count":3,"label":1}},{"type":"Feature","geometry":{"geodesic":false,"type":"Point","coordinates":[27.90090915676084,46.013370735877515]},"id":"+103531-170739","properties":{"count":9,"label":1}},{"type":"Feature","geometry":{"geodesic":false,"type":"Point","coordinates":[27.901852387809164,45.8411636959118]},"id":"+103534-170101","properties":{"count":2,"label":1}},{"type":"Feature","geometry":{"geodesic":false,"type":"Point","coordinates":[27.901717640516544,46.011349526488246]},"id":"+103534-170730","properties":{"count":18,"label":1}},{"type":"Feature","geometry":{"geodesic":false,"type":"Point","coordinates":[27.90293036615011,46.00865458063589]},"id":"+103540-170720","properties":{"count":18,"label":1}},{"type":"Feature","geometry":{"geodesic":false,"type":"Point","coordinates":[27.90414309178367,46.00663337124662]},"id":"+103543-170714","properties":{"count":9,"label":1}},{"type":"Feature","geometry":{"geodesic":false,"type":"Point","coordinates":[27.905086322831995,45.414014778312975]},"id":"+103546-168516","properties":{"count":2,"label":1}},{"type":"Feature","geometry":{"geodesic":false,"type":"Point","coordinates":[27.904951575539375,46.05325593449242]},"id":"+103546-170887","properties":{"count":9,"label":1}},{"type":"Feature","geometry":{"geodesic":false,"type":"Point","coordinates":[27.90535581741723,46.00461216185735]},"id":"+103549-170705","properties":{"count":18,"label":1}},{"type":"Feature","geometry":{"geodesic":false,"type":"Point","coordinates":[27.906568543050792,46.052447450736715]},"id":"+103552-170884","properties":{"count":9,"label":1}},{"type":"Feature","geometry":{"geodesic":false,"type":"Point","coordinates":[27.907430925723546,45.41258645701122]},"id":"+103556-168509","properties":{"count":10,"label":1}},{"type":"Feature","geometry":{"geodesic":false,"type":"Point","coordinates":[27.903023341782013,45.83734900005779]},"id":"+103556-170059","properties":{"count":200,"label":1}},{"type":"Feature","geometry":{"geodesic":false,"type":"Point","coordinates":[27.907107532221264,46.002128961750536]},"id":"+103556-170696","properties":{"count":21,"label":1}},{"type":"Feature","geometry":{"geodesic":false,"type":"Point","coordinates":[27.90845500514744,45.99989600661572]},"id":"+103559-170689","properties":{"count":9,"label":1}},{"type":"Feature","geometry":{"geodesic":false,"type":"Point","coordinates":[27.908095679033796,46.05440577805609]},"id":"+103559-170890","properties":{"count":15,"label":1}},{"type":"Feature","geometry":{"geodesic":false,"type":"Point","coordinates":[27.909209589986105,45.4114276302947]},"id":"+103562-168506","properties":{"count":5,"label":1}},{"type":"Feature","geometry":{"geodesic":false,"type":"Point","coordinates":[27.90926348890315,46.15242994185922]},"id":"+103562-171255","properties":{"count":9,"label":1}},{"type":"Feature","geometry":{"geodesic":false,"type":"Point","coordinates":[27.909667730781003,45.99787479722645]},"id":"+103565-170680","properties":{"count":18,"label":1}},{"type":"Feature","geometry":{"geodesic":false,"type":"Point","coordinates":[27.91007197265886,46.05163896698101]},"id":"+103565-170881","properties":{"count":9,"label":1}},{"type":"Feature","geometry":{"geodesic":false,"type":"Point","coordinates":[27.911688940170272,45.409972359534436]},"id":"+103571-168500","properties":{"count":7,"label":1}},{"type":"Feature","geometry":{"geodesic":false,"type":"Point","coordinates":[27.911688940170272,45.99504510408148]},"id":"+103571-170671","properties":{"count":9,"label":1}},{"type":"Feature","geometry":{"geodesic":false,"type":"Point","coordinates":[27.91144017593775,46.04813553737294]},"id":"+103574-170863","properties":{"count":39,"label":1}},{"type":"Feature","geometry":{"geodesic":false,"type":"Point","coordinates":[27.91330590768169,45.409163875778724]},"id":"+103577-168497","properties":{"count":9,"label":1}},{"type":"Feature","geometry":{"geodesic":false,"type":"Point","coordinates":[27.914922875193103,45.40835539202302]},"id":"+103583-168494","properties":{"count":9,"label":1}},{"type":"Feature","geometry":{"geodesic":false,"type":"Point","coordinates":[27.914999873646025,45.98988620773553]},"id":"+103583-170652","properties":{"count":7,"label":1}},{"type":"Feature","geometry":{"geodesic":false,"type":"Point","coordinates":[27.913940012588128,46.04369680302788]},"id":"+103583-170847","properties":{"count":34,"label":1}},{"type":"Feature","geometry":{"geodesic":false,"type":"Point","coordinates":[27.916674589997136,45.407412160974694]},"id":"+103590-168491","properties":{"count":6,"label":1}},{"type":"Feature","geometry":{"geodesic":false,"type":"Point","coordinates":[27.916674589997136,46.04126342544943]},"id":"+103590-170841","properties":{"count":24,"label":1}},{"type":"Feature","geometry":{"geodesic":false,"type":"Point","coordinates":[27.921458118885074,45.86925850642264]},"id":"+103606-170204","properties":{"count":4,"label":1}},{"type":"Feature","geometry":{"geodesic":false,"type":"Point","coordinates":[27.922199228994472,45.871077594872986]},"id":"+103609-170212","properties":{"count":1,"label":1}},{"type":"Feature","geometry":{"geodesic":false,"type":"Point","coordinates":[27.922738218164945,45.868247901728004]},"id":"+103611-170201","properties":{"count":2,"label":1}},{"type":"Feature","geometry":{"geodesic":false,"type":"Point","coordinates":[27.921191319245686,46.03321631713429]},"id":"+103614-170791","properties":{"count":150,"label":1}},{"type":"Feature","geometry":{"geodesic":false,"type":"Point","coordinates":[27.924085691091122,46.02415051928695]},"id":"+103617-170776","properties":{"count":27,"label":1}},{"type":"Feature","geometry":{"geodesic":false,"type":"Point","coordinates":[27.924878322224167,46.01373534619872]},"id":"+103620-170739","properties":{"count":17,"label":1}},{"type":"Feature","geometry":{"geodesic":false,"type":"Point","coordinates":[27.924692053907904,46.0170089127782]},"id":"+103620-170748","properties":{"count":36,"label":1}},{"type":"Feature","geometry":{"geodesic":false,"type":"Point","coordinates":[27.92489417484683,46.021320826141974]},"id":"+103620-170767","properties":{"count":18,"label":1}},{"type":"Feature","geometry":{"geodesic":false,"type":"Point","coordinates":[27.92570265860254,46.015257197974165]},"id":"+103622-170747","properties":{"count":1,"label":1}},{"type":"Feature","geometry":{"geodesic":false,"type":"Point","coordinates":[27.92570265860254,46.011484273780866]},"id":"+103623-170733","properties":{"count":3,"label":1}},{"type":"Feature","geometry":{"geodesic":false,"type":"Point","coordinates":[27.9175453519133,45.81947844044184]},"id":"+103624-169994","properties":{"count":238,"label":1}},{"type":"Feature","geometry":{"geodesic":false,"type":"Point","coordinates":[27.926004127121615,45.96082385946136]},"id":"+103625-170536","properties":{"count":59,"label":1}},{"type":"Feature","geometry":{"geodesic":false,"type":"Point","coordinates":[27.927319626113952,45.9569116202706]},"id":"+103628-170530","properties":{"count":2,"label":1}},{"type":"Feature","geometry":{"geodesic":false,"type":"Point","coordinates":[27.92842455391342,45.95332734228697]},"id":"+103633-170516","properties":{"count":10,"label":1}},{"type":"Feature","geometry":{"geodesic":false,"type":"Point","coordinates":[27.929206088210602,45.9441106274719]},"id":"+103636-170482","properties":{"count":9,"label":1}},{"type":"Feature","geometry":{"geodesic":false,"type":"Point","coordinates":[27.929206088210602,45.951656475858506]},"id":"+103636-170510","properties":{"count":9,"label":1}},{"type":"Feature","geometry":{"geodesic":false,"type":"Point","coordinates":[27.929163536433986,45.98477594199144]},"id":"+103636-170631","properties":{"count":19,"label":1}},{"type":"Feature","geometry":{"geodesic":false,"type":"Point","coordinates":[27.93128137984657,45.90002534657961]},"id":"+103639-170297","properties":{"count":147,"label":1}},{"type":"Feature","geometry":{"geodesic":false,"type":"Point","coordinates":[27.930284066551547,45.949231024591384]},"id":"+103642-170498","properties":{"count":27,"label":1}},{"type":"Feature","geometry":{"geodesic":false,"type":"Point","coordinates":[27.930957803014635,45.97827869095716]},"id":"+103642-170607","properties":{"count":14,"label":1}},{"type":"Feature","geometry":{"geodesic":false,"type":"Point","coordinates":[27.93136204489249,45.905977143661026]},"id":"+103643-170341","properties":{"count":2,"label":1}},{"type":"Feature","geometry":{"geodesic":false,"type":"Point","coordinates":[27.931833660416654,45.97314866903106]},"id":"+103645-170590","properties":{"count":4,"label":1}},{"type":"Feature","geometry":{"geodesic":false,"type":"Point","coordinates":[27.92944080930097,45.80926770774308]},"id":"+103648-169972","properties":{"count":93,"label":1}},{"type":"Feature","geometry":{"geodesic":false,"type":"Point","coordinates":[27.932574770526053,45.96701766721695]},"id":"+103648-170568","properties":{"count":2,"label":1}},{"type":"Feature","geometry":{"geodesic":false,"type":"Point","coordinates":[27.93270951781867,45.96823039285051]},"id":"+103648-170572","properties":{"count":2,"label":1}},{"type":"Feature","geometry":{"geodesic":false,"type":"Point","coordinates":[27.934595979915322,45.80458943077265]},"id":"+103658-169963","properties":{"count":21,"label":1}},{"type":"Feature","geometry":{"geodesic":false,"type":"Point","coordinates":[27.935404463671027,45.932791854891995]},"id":"+103658-170440","properties":{"count":3,"label":1}},{"type":"Feature","geometry":{"geodesic":false,"type":"Point","coordinates":[27.936135948973813,45.93105938970119]},"id":"+103661-170433","properties":{"count":7,"label":1}},{"type":"Feature","geometry":{"geodesic":false,"type":"Point","coordinates":[27.936212947426736,45.93548680074436]},"id":"+103661-170451","properties":{"count":1,"label":1}},{"type":"Feature","geometry":{"geodesic":false,"type":"Point","coordinates":[27.936368970607663,45.94373475344513]},"id":"+103661-170454","properties":{"count":228,"label":1}},{"type":"Feature","geometry":{"geodesic":false,"type":"Point","coordinates":[27.936751936597208,45.40660367721898]},"id":"+103664-168488","properties":{"count":6,"label":1}},{"type":"Feature","geometry":{"geodesic":false,"type":"Point","coordinates":[27.936751936597208,45.80397344314925]},"id":"+103664-169963","properties":{"count":3,"label":1}},{"type":"Feature","geometry":{"geodesic":false,"type":"Point","coordinates":[27.936177795959097,45.95537667285035]},"id":"+103664-170510","properties":{"count":92,"label":1}},{"type":"Feature","geometry":{"geodesic":false,"type":"Point","coordinates":[27.93998587162004,45.80230257672079]},"id":"+103680-169956","properties":{"count":25,"label":1}},{"type":"Feature","geometry":{"geodesic":false,"type":"Point","coordinates":[27.94169203420167,45.448759122223485]},"id":"+103685-168599","properties":{"count":988,"label":1}},{"type":"Feature","geometry":{"geodesic":false,"type":"Point","coordinates":[27.945088538832596,45.9301288228721]},"id":"+103693-170417","properties":{"count":76,"label":1}},{"type":"Feature","geometry":{"geodesic":false,"type":"Point","coordinates":[27.944836774154282,45.9418199234974]},"id":"+103693-170474","properties":{"count":2,"label":1}},{"type":"Feature","geometry":{"geodesic":false,"type":"Point","coordinates":[27.944971521446902,45.934947811573885]},"id":"+103694-170448","properties":{"count":6,"label":1}},{"type":"Feature","geometry":{"geodesic":false,"type":"Point","coordinates":[27.945072581916364,45.93929341176081]},"id":"+103694-170464","properties":{"count":8,"label":1}},{"type":"Feature","geometry":{"geodesic":false,"type":"Point","coordinates":[27.94564525790999,45.9403377032786]},"id":"+103696-170468","properties":{"count":3,"label":1}},{"type":"Feature","geometry":{"geodesic":false,"type":"Point","coordinates":[27.945914752495227,45.4059299407559]},"id":"+103698-168485","properties":{"count":9,"label":1}},{"type":"Feature","geometry":{"geodesic":false,"type":"Point","coordinates":[27.94753172000664,45.95003950834709]},"id":"+103701-170501","properties":{"count":27,"label":1}},{"type":"Feature","geometry":{"geodesic":false,"type":"Point","coordinates":[27.949148687518058,45.405121457000185]},"id":"+103710-168482","properties":{"count":9,"label":1}},{"type":"Feature","geometry":{"geodesic":false,"type":"Point","coordinates":[27.9481031226152,45.414923280677634]},"id":"+103712-168500","properties":{"count":291,"label":1}},{"type":"Feature","geometry":{"geodesic":false,"type":"Point","coordinates":[27.949822423981146,45.95825909319678]},"id":"+103712-170534","properties":{"count":8,"label":1}},{"type":"Feature","geometry":{"geodesic":false,"type":"Point","coordinates":[27.950226665859,46.124941494165164]},"id":"+103713-171153","properties":{"count":3,"label":1}},{"type":"Feature","geometry":{"geodesic":false,"type":"Point","coordinates":[27.951035149614707,45.80927350332556]},"id":"+103716-169981","properties":{"count":12,"label":1}},{"type":"Feature","geometry":{"geodesic":false,"type":"Point","coordinates":[27.95224787524827,45.808824345683504]},"id":"+103721-169981","properties":{"count":2,"label":1}},{"type":"Feature","geometry":{"geodesic":false,"type":"Point","coordinates":[27.95238262254089,46.060801782879025]},"id":"+103722-170915","properties":{"count":9,"label":1}},{"type":"Feature","geometry":{"geodesic":false,"type":"Point","coordinates":[27.95406696369861,45.96924099754514]},"id":"+103727-170575","properties":{"count":4,"label":1}},{"type":"Feature","geometry":{"geodesic":false,"type":"Point","coordinates":[27.954269084637538,46.05325593449242]},"id":"+103729-170887","properties":{"count":9,"label":1}},{"type":"Feature","geometry":{"geodesic":false,"type":"Point","coordinates":[27.95480807380801,45.806398894416375]},"id":"+103730-169972","properties":{"count":1,"label":1}},{"type":"Feature","geometry":{"geodesic":false,"type":"Point","coordinates":[27.95278686441874,46.12211180102018]},"id":"+103732-171138","properties":{"count":60,"label":1}},{"type":"Feature","geometry":{"geodesic":false,"type":"Point","coordinates":[27.95561655756372,45.97321604267737]},"id":"+103733-170591","properties":{"count":1,"label":1}},{"type":"Feature","geometry":{"geodesic":false,"type":"Point","coordinates":[27.95561655756372,45.98103138564921]},"id":"+103733-170620","properties":{"count":1,"label":1}},{"type":"Feature","geometry":{"geodesic":false,"type":"Point","coordinates":[27.956425041319424,45.80329970668617]},"id":"+103736-169960","properties":{"count":2,"label":1}},{"type":"Feature","geometry":{"geodesic":false,"type":"Point","coordinates":[27.957469332837213,45.98349052373949]},"id":"+103740-170628","properties":{"count":8,"label":1}},{"type":"Feature","geometry":{"geodesic":false,"type":"Point","coordinates":[27.957772514245605,45.84224167425275]},"id":"+103741-170105","properties":{"count":1,"label":1}},{"type":"Feature","geometry":{"geodesic":false,"type":"Point","coordinates":[27.957098777782516,46.12049483350877]},"id":"+103741-171135","properties":{"count":18,"label":1}},{"type":"Feature","geometry":{"geodesic":false,"type":"Point","coordinates":[27.958119007283763,45.984919807521905]},"id":"+103742-170632","properties":{"count":7,"label":1}},{"type":"Feature","geometry":{"geodesic":false,"type":"Point","coordinates":[27.95885049258655,45.986825519231786]},"id":"+103745-170641","properties":{"count":2,"label":1}},{"type":"Feature","geometry":{"geodesic":false,"type":"Point","coordinates":[27.9607369546832,45.993621835803204]},"id":"+103750-170661","properties":{"count":32,"label":1}},{"type":"Feature","geometry":{"geodesic":false,"type":"Point","coordinates":[27.96144919037275,45.84243417038506]},"id":"+103754-170102","properties":{"count":14,"label":1}},{"type":"Feature","geometry":{"geodesic":false,"type":"Point","coordinates":[27.96127594385367,45.84507136739772]},"id":"+103754-170115","properties":{"count":2,"label":1}},{"type":"Feature","geometry":{"geodesic":false,"type":"Point","coordinates":[27.961427534557867,45.998986462390555]},"id":"+103754-170682","properties":{"count":16,"label":1}},{"type":"Feature","geometry":{"geodesic":false,"type":"Point","coordinates":[27.96127594385367,46.00191721600499]},"id":"+103754-170697","properties":{"count":2,"label":1}},{"type":"Feature","geometry":{"geodesic":false,"type":"Point","coordinates":[27.961444377969443,45.81512378161339]},"id":"+103755-170003","properties":{"count":8,"label":1}},{"type":"Feature","geometry":{"geodesic":false,"type":"Point","coordinates":[27.961545438438907,45.816909183240575]},"id":"+103756-170010","properties":{"count":9,"label":1}},{"type":"Feature","geometry":{"geodesic":false,"type":"Point","coordinates":[27.962451239683727,45.865066368430085]},"id":"+103760-170185","properties":{"count":36,"label":1}},{"type":"Feature","geometry":{"geodesic":false,"type":"Point","coordinates":[27.964240384291266,45.39973156529547]},"id":"+103766-168463","properties":{"count":3,"label":1}},{"type":"Feature","geometry":{"geodesic":false,"type":"Point","coordinates":[27.965955349833674,45.399290574156]},"id":"+103774-168460","properties":{"count":11,"label":1}},{"type":"Feature","geometry":{"geodesic":false,"type":"Point","coordinates":[27.967797712816377,45.39804273256133]},"id":"+103781-168454","properties":{"count":15,"label":1}},{"type":"Feature","geometry":{"geodesic":false,"type":"Point","coordinates":[27.9697650232886,45.39649763027264]},"id":"+103786-168451","properties":{"count":2,"label":1}},{"type":"Feature","geometry":{"geodesic":false,"type":"Point","coordinates":[27.974481178530226,45.39649763027264]},"id":"+103803-168451","properties":{"count":1,"label":1}},{"type":"Feature","geometry":{"geodesic":false,"type":"Point","coordinates":[27.97816427119512,45.88778625915761]},"id":"+103816-170269","properties":{"count":18,"label":1}},{"type":"Feature","geometry":{"geodesic":false,"type":"Point","coordinates":[27.97825410272353,45.885091313305246]},"id":"+103818-170263","properties":{"count":9,"label":1}},{"type":"Feature","geometry":{"geodesic":false,"type":"Point","coordinates":[27.978766142435475,45.394772864927134]},"id":"+103821-168444","properties":{"count":10,"label":1}},{"type":"Feature","geometry":{"geodesic":false,"type":"Point","coordinates":[27.979062586479237,45.83173138542855]},"id":"+103821-170065","properties":{"count":9,"label":1}},{"type":"Feature","geometry":{"geodesic":false,"type":"Point","coordinates":[27.97898712799537,45.882191551568106]},"id":"+103821-170247","properties":{"count":25,"label":1}},{"type":"Feature","geometry":{"geodesic":false,"type":"Point","coordinates":[27.979871070234946,45.87724426508809]},"id":"+103823-170232","properties":{"count":17,"label":1}},{"type":"Feature","geometry":{"geodesic":false,"type":"Point","coordinates":[27.980005817527562,45.875120013651525]},"id":"+103825-170226","properties":{"count":12,"label":1}},{"type":"Feature","geometry":{"geodesic":false,"type":"Point","coordinates":[27.980928318223178,45.87131599392916]},"id":"+103828-170204","properties":{"count":52,"label":1}},{"type":"Feature","geometry":{"geodesic":false,"type":"Point","coordinates":[27.981757532331596,45.39232046420148]},"id":"+103831-168435","properties":{"count":6,"label":1}},{"type":"Feature","geometry":{"geodesic":false,"type":"Point","coordinates":[27.981411039293437,45.829575428746665]},"id":"+103831-170055","properties":{"count":21,"label":1}},{"type":"Feature","geometry":{"geodesic":false,"type":"Point","coordinates":[27.98172519298137,45.86483610027892]},"id":"+103831-170185","properties":{"count":25,"label":1}},{"type":"Feature","geometry":{"geodesic":false,"type":"Point","coordinates":[27.981757532331596,45.86730467067968]},"id":"+103831-170198","properties":{"count":3,"label":1}},{"type":"Feature","geometry":{"geodesic":false,"type":"Point","coordinates":[27.982566016087304,45.39137723315316]},"id":"+103834-168432","properties":{"count":3,"label":1}},{"type":"Feature","geometry":{"geodesic":false,"type":"Point","coordinates":[27.98269912012025,45.85438700644469]},"id":"+103834-170120","properties":{"count":164,"label":1}},{"type":"Feature","geometry":{"geodesic":false,"type":"Point","coordinates":[27.983320600925964,45.84477492335396]},"id":"+103837-170114","properties":{"count":5,"label":1}},{"type":"Feature","geometry":{"geodesic":false,"type":"Point","coordinates":[27.98391348901348,45.84110979699475]},"id":"+103841-170095","properties":{"count":30,"label":1}},{"type":"Feature","geometry":{"geodesic":false,"type":"Point","coordinates":[27.984465952913215,45.83644754067018]},"id":"+103843-170074","properties":{"count":60,"label":1}},{"type":"Feature","geometry":{"geodesic":false,"type":"Point","coordinates":[27.985420208740027,45.83149864010493]},"id":"+103844-170061","properties":{"count":22,"label":1}},{"type":"Feature","geometry":{"geodesic":false,"type":"Point","coordinates":[27.985979614166958,45.39146706468157]},"id":"+103846-168432","properties":{"count":3,"label":1}},{"type":"Feature","geometry":{"geodesic":false,"type":"Point","coordinates":[27.98795590779202,45.39289314019511]},"id":"+103851-168435","properties":{"count":8,"label":1}},{"type":"Feature","geometry":{"geodesic":false,"type":"Point","coordinates":[27.988494896962493,45.82795846123525]},"id":"+103855-170051","properties":{"count":6,"label":1}},{"type":"Feature","geometry":{"geodesic":false,"type":"Point","coordinates":[27.988225402377257,45.95408192712563]},"id":"+103855-170519","properties":{"count":9,"label":1}},{"type":"Feature","geometry":{"geodesic":false,"type":"Point","coordinates":[27.98916863342558,45.95192597044374]},"id":"+103859-170512","properties":{"count":4,"label":1}},{"type":"Feature","geometry":{"geodesic":false,"type":"Point","coordinates":[27.990546050194563,45.83017430560274]},"id":"+103862-170056","properties":{"count":18,"label":1}},{"type":"Feature","geometry":{"geodesic":false,"type":"Point","coordinates":[27.990111864473906,45.94572759498332]},"id":"+103862-170488","properties":{"count":9,"label":1}},{"type":"Feature","geometry":{"geodesic":false,"type":"Point","coordinates":[27.991062187485003,45.39886634583761]},"id":"+103865-168457","properties":{"count":19,"label":1}},{"type":"Feature","geometry":{"geodesic":false,"type":"Point","coordinates":[27.990920348229615,45.9441106274719]},"id":"+103865-170482","properties":{"count":9,"label":1}},{"type":"Feature","geometry":{"geodesic":false,"type":"Point","coordinates":[27.99065085364438,46.098261530226814]},"id":"+103865-171051","properties":{"count":27,"label":1}},{"type":"Feature","geometry":{"geodesic":false,"type":"Point","coordinates":[27.99105509552223,46.10338192734629]},"id":"+103865-171073","properties":{"count":6,"label":1}},{"type":"Feature","geometry":{"geodesic":false,"type":"Point","coordinates":[27.991594084692704,45.83301148470842]},"id":"+103866-170067","properties":{"count":12,"label":1}},{"type":"Feature","geometry":{"geodesic":false,"type":"Point","coordinates":[27.993172552977658,45.83481132354553]},"id":"+103871-170075","properties":{"count":14,"label":1}},{"type":"Feature","geometry":{"geodesic":false,"type":"Point","coordinates":[27.994154283252445,45.939259724937656]},"id":"+103877-170464","properties":{"count":9,"label":1}},{"type":"Feature","geometry":{"geodesic":false,"type":"Point","coordinates":[27.995039765461076,45.83592780111293]},"id":"+103880-170081","properties":{"count":7,"label":1}},{"type":"Feature","geometry":{"geodesic":false,"type":"Point","coordinates":[27.99577125076386,45.93575629532959]},"id":"+103883-170451","properties":{"count":9,"label":1}},{"type":"Feature","geometry":{"geodesic":false,"type":"Point","coordinates":[27.99631023993433,45.83860349735206]},"id":"+103884-170091","properties":{"count":2,"label":1}},{"type":"Feature","geometry":{"geodesic":false,"type":"Point","coordinates":[27.99631023993433,45.854234183295745]},"id":"+103884-170149","properties":{"count":2,"label":1}},{"type":"Feature","geometry":{"geodesic":false,"type":"Point","coordinates":[27.996538273814146,45.855985898099775]},"id":"+103885-170154","properties":{"count":13,"label":1}},{"type":"Feature","geometry":{"geodesic":false,"type":"Point","coordinates":[27.996579734519567,45.83671703525541]},"id":"+103886-170083","properties":{"count":12,"label":1}},{"type":"Feature","geometry":{"geodesic":false,"type":"Point","coordinates":[27.996579734519567,45.84251116883798]},"id":"+103886-170099","properties":{"count":45,"label":1}},{"type":"Feature","geometry":{"geodesic":false,"type":"Point","coordinates":[27.997657712860512,45.39973156529547]},"id":"+103889-168463","properties":{"count":1,"label":1}},{"type":"Feature","geometry":{"geodesic":false,"type":"Point","coordinates":[27.996868478718035,45.849922269931966]},"id":"+103889-170120","properties":{"count":84,"label":1}},{"type":"Feature","geometry":{"geodesic":false,"type":"Point","coordinates":[27.99900518578669,45.399462070710236]},"id":"+103894-168462","properties":{"count":1,"label":1}},{"type":"Feature","geometry":{"geodesic":false,"type":"Point","coordinates":[27.999274680371926,45.93104014008796]},"id":"+103896-170434","properties":{"count":6,"label":1}},{"type":"Feature","geometry":{"geodesic":false,"type":"Point","coordinates":[27.999813669542398,45.39838409236929]},"id":"+103897-168457","properties":{"count":3,"label":1}},{"type":"Feature","geometry":{"geodesic":false,"type":"Point","coordinates":[27.97983648269459,46.10429129142802]},"id":"+103897-171011","properties":{"count":561,"label":1}},{"type":"Feature","geometry":{"geodesic":false,"type":"Point","coordinates":[28.000083164127634,45.930096909039634]},"id":"+103899-170430","properties":{"count":9,"label":1}},{"type":"Feature","geometry":{"geodesic":false,"type":"Point","coordinates":[28.000891647883343,45.928345194235604]},"id":"+103902-170423","properties":{"count":12,"label":1}},{"type":"Feature","geometry":{"geodesic":false,"type":"Point","coordinates":[28.00540119060962,45.92298225198941]},"id":"+103920-170402","properties":{"count":15,"label":1}},{"type":"Feature","geometry":{"geodesic":false,"type":"Point","coordinates":[28.013557893389425,45.91635268519261]},"id":"+103948-170380","properties":{"count":1,"label":1}},{"type":"Feature","geometry":{"geodesic":false,"type":"Point","coordinates":[28.013322085627344,46.01657098407719]},"id":"+103948-170751","properties":{"count":8,"label":1}},{"type":"Feature","geometry":{"geodesic":false,"type":"Point","coordinates":[28.015040113608222,45.916083190607374]},"id":"+103954-170379","properties":{"count":2,"label":1}},{"type":"Feature","geometry":{"geodesic":false,"type":"Point","coordinates":[28.017600312167964,45.91635268519261]},"id":"+103964-170378","properties":{"count":15,"label":1}},{"type":"Feature","geometry":{"geodesic":false,"type":"Point","coordinates":[28.01989101614247,45.91231026641407]},"id":"+103972-170365","properties":{"count":2,"label":1}},{"type":"Feature","geometry":{"geodesic":false,"type":"Point","coordinates":[28.02263525978481,45.90951672498175]},"id":"+103986-170347","properties":{"count":41,"label":1}},{"type":"Feature","geometry":{"geodesic":false,"type":"Point","coordinates":[28.025954644310275,45.92659347943157]},"id":"+103995-170417","properties":{"count":9,"label":1}},{"type":"Feature","geometry":{"geodesic":false,"type":"Point","coordinates":[28.02581989701766,46.003480284599355]},"id":"+103998-170699","properties":{"count":30,"label":1}},{"type":"Feature","geometry":{"geodesic":false,"type":"Point","coordinates":[28.028110600992164,45.91257976099931]},"id":"+104002-170365","properties":{"count":3,"label":1}},{"type":"Feature","geometry":{"geodesic":false,"type":"Point","coordinates":[28.028380095577397,45.910154309732185]},"id":"+104004-170357","properties":{"count":3,"label":1}},{"type":"Feature","geometry":{"geodesic":false,"type":"Point","coordinates":[28.028299247201826,46.00003075390834]},"id":"+104007-170686","properties":{"count":30,"label":1}},{"type":"Feature","geometry":{"geodesic":false,"type":"Point","coordinates":[28.032557261648556,45.99827903910431]},"id":"+104026-170683","properties":{"count":48,"label":1}},{"type":"Feature","geometry":{"geodesic":false,"type":"Point","coordinates":[28.037138669597564,45.9974705553486]},"id":"+104038-170680","properties":{"count":18,"label":1}},{"type":"Feature","geometry":{"geodesic":false,"type":"Point","coordinates":[28.039968362742542,45.996392577007654]},"id":"+104050-170674","properties":{"count":27,"label":1}},{"type":"Feature","geometry":{"geodesic":false,"type":"Point","coordinates":[28.04374128693584,45.99386347397698]},"id":"+104066-170662","properties":{"count":39,"label":1}},{"type":"Feature","geometry":{"geodesic":false,"type":"Point","coordinates":[28.04639845317345,46.04508042585994]},"id":"+104078-170840","properties":{"count":107,"label":1}},{"type":"Feature","geometry":{"geodesic":false,"type":"Point","coordinates":[28.04913117864056,46.03856847959707]},"id":"+104081-170833","properties":{"count":6,"label":1}},{"type":"Feature","geometry":{"geodesic":false,"type":"Point","coordinates":[28.04887586798086,45.98867179353941]},"id":"+104086-170640","properties":{"count":57,"label":1}},{"type":"Feature","geometry":{"geodesic":false,"type":"Point","coordinates":[28.051575879520914,46.033890823581906]},"id":"+104090-170814","properties":{"count":14,"label":1}},{"type":"Feature","geometry":{"geodesic":false,"type":"Point","coordinates":[28.053045942089252,46.02998011268337]},"id":"+104094-170800","properties":{"count":19,"label":1}},{"type":"Feature","geometry":{"geodesic":false,"type":"Point","coordinates":[28.052499860956008,46.031696367673554]},"id":"+104094-170807","properties":{"count":12,"label":1}},{"type":"Feature","geometry":{"geodesic":false,"type":"Point","coordinates":[28.053500840844027,46.0280774403861]},"id":"+104097-170792","properties":{"count":14,"label":1}},{"type":"Feature","geometry":{"geodesic":false,"type":"Point","coordinates":[28.056054739530346,46.019278383845986]},"id":"+104113-170733","properties":{"count":165,"label":1}},{"type":"Feature","geometry":{"geodesic":false,"type":"Point","coordinates":[28.05896773100167,46.01067579002516]},"id":"+104117-170730","properties":{"count":2,"label":1}},{"type":"Feature","geometry":{"geodesic":false,"type":"Point","coordinates":[28.060449951220466,46.002995194345935]},"id":"+104122-170701","properties":{"count":2,"label":1}},{"type":"Feature","geometry":{"geodesic":false,"type":"Point","coordinates":[28.060719445805702,46.00178246871238]},"id":"+104124-170696","properties":{"count":9,"label":1}},{"type":"Feature","geometry":{"geodesic":false,"type":"Point","coordinates":[28.061581828478456,45.99989600661572]},"id":"+104127-170689","properties":{"count":10,"label":1}},{"type":"Feature","geometry":{"geodesic":false,"type":"Point","coordinates":[28.061932171439263,46.00643125030769]},"id":"+104128-170712","properties":{"count":12,"label":1}},{"type":"Feature","geometry":{"geodesic":false,"type":"Point","coordinates":[28.06988226170372,45.744145645226894]},"id":"+104158-169740","properties":{"count":9,"label":1}},{"type":"Feature","geometry":{"geodesic":false,"type":"Point","coordinates":[28.070511082402604,45.98651110888235]},"id":"+104160-170640","properties":{"count":3,"label":1}},{"type":"Feature","geometry":{"geodesic":false,"type":"Point","coordinates":[28.075002658823202,45.73700403871815]},"id":"+104177-169712","properties":{"count":18,"label":1}},{"type":"Feature","geometry":{"geodesic":false,"type":"Point","coordinates":[28.074194175067493,45.742124435837624]},"id":"+104177-169728","properties":{"count":54,"label":1}},{"type":"Feature","geometry":{"geodesic":false,"type":"Point","coordinates":[28.076538777959044,45.73487503149478]},"id":"+104181-169704","properties":{"count":10,"label":1}},{"type":"Feature","geometry":{"geodesic":false,"type":"Point","coordinates":[28.066622455200708,45.97733499791812]},"id":"+104184-170581","properties":{"count":250,"label":1}},{"type":"Feature","geometry":{"geodesic":false,"type":"Point","coordinates":[28.07858693680684,46.10711442735181]},"id":"+104192-171085","properties":{"count":20,"label":1}},{"type":"Feature","geometry":{"geodesic":false,"type":"Point","coordinates":[28.079988308650066,46.10338192734629]},"id":"+104196-171073","properties":{"count":12,"label":1}},{"type":"Feature","geometry":{"geodesic":false,"type":"Point","coordinates":[28.080332662842313,45.96983238844052]},"id":"+104198-170577","properties":{"count":9,"label":1}},{"type":"Feature","geometry":{"geodesic":false,"type":"Point","coordinates":[28.081335781576243,46.106211620491266]},"id":"+104199-171082","properties":{"count":18,"label":1}},{"type":"Feature","geometry":{"geodesic":false,"type":"Point","coordinates":[28.081525172932228,45.976333238110286]},"id":"+104202-170579","properties":{"count":217,"label":1}},{"type":"Feature","geometry":{"geodesic":false,"type":"Point","coordinates":[28.082548507209804,46.09907001398252]},"id":"+104205-171057","properties":{"count":9,"label":1}},{"type":"Feature","geometry":{"geodesic":false,"type":"Point","coordinates":[28.08225451311682,46.101078973617916]},"id":"+104205-171063","properties":{"count":33,"label":1}},{"type":"Feature","geometry":{"geodesic":false,"type":"Point","coordinates":[28.08497395847693,46.10580737861341]},"id":"+104214-171082","properties":{"count":9,"label":1}},{"type":"Feature","geometry":{"geodesic":false,"type":"Point","coordinates":[28.086456178695727,46.009597811684216]},"id":"+104219-170726","properties":{"count":2,"label":1}},{"type":"Feature","geometry":{"geodesic":false,"type":"Point","coordinates":[28.086590925988343,45.97752795604115]},"id":"+104220-170606","properties":{"count":9,"label":1}},{"type":"Feature","geometry":{"geodesic":false,"type":"Point","coordinates":[28.086590925988343,46.10499889485771]},"id":"+104220-171079","properties":{"count":9,"label":1}},{"type":"Feature","geometry":{"geodesic":false,"type":"Point","coordinates":[28.087433096567207,46.02095027108727]},"id":"+104223-170767","properties":{"count":8,"label":1}},{"type":"Feature","geometry":{"geodesic":false,"type":"Point","coordinates":[28.08874688267023,46.010810537317774]},"id":"+104227-170730","properties":{"count":2,"label":1}},{"type":"Feature","geometry":{"geodesic":false,"type":"Point","coordinates":[28.088342640792376,46.07158156628846]},"id":"+104227-170955","properties":{"count":12,"label":1}},{"type":"Feature","geometry":{"geodesic":false,"type":"Point","coordinates":[28.08868220396977,46.07367284426989]},"id":"+104227-170961","properties":{"count":25,"label":1}},{"type":"Feature","geometry":{"geodesic":false,"type":"Point","coordinates":[28.08905600881212,46.101535096806295]},"id":"+104227-171063","properties":{"count":34,"label":1}},{"type":"Feature","geometry":{"geodesic":false,"type":"Point","coordinates":[28.08910620878388,45.975327083595054]},"id":"+104230-170598","properties":{"count":6,"label":1}},{"type":"Feature","geometry":{"geodesic":false,"type":"Point","coordinates":[28.089439868746553,46.02826993651841]},"id":"+104230-170794","properties":{"count":7,"label":1}},{"type":"Feature","geometry":{"geodesic":false,"type":"Point","coordinates":[28.09028839169778,46.08199483706198]},"id":"+104230-170983","properties":{"count":75,"label":1}},{"type":"Feature","geometry":{"geodesic":false,"type":"Point","coordinates":[28.0888419984062,46.09938706643573]},"id":"+104230-171057","properties":{"count":17,"label":1}},{"type":"Feature","geometry":{"geodesic":false,"type":"Point","coordinates":[28.090363850181646,45.930635898210106]},"id":"+104233-170433","properties":{"count":1,"label":1}},{"type":"Feature","geometry":{"geodesic":false,"type":"Point","coordinates":[28.090363850181646,46.03142687308832]},"id":"+104233-170807","properties":{"count":1,"label":1}},{"type":"Feature","geometry":{"geodesic":false,"type":"Point","coordinates":[28.09009435559641,46.077106205285794]},"id":"+104233-170974","properties":{"count":18,"label":1}},{"type":"Feature","geometry":{"geodesic":false,"type":"Point","coordinates":[28.09090283935212,46.00447741456473]},"id":"+104236-170707","properties":{"count":3,"label":1}},{"type":"Feature","geometry":{"geodesic":false,"type":"Point","coordinates":[28.090956738269163,46.036385573456656]},"id":"+104236-170825","properties":{"count":5,"label":1}},{"type":"Feature","geometry":{"geodesic":false,"type":"Point","coordinates":[28.09090283935212,46.06053228829379]},"id":"+104236-170915","properties":{"count":3,"label":1}},{"type":"Feature","geometry":{"geodesic":false,"type":"Point","coordinates":[28.09156432606133,46.062296252851695]},"id":"+104236-170919","properties":{"count":33,"label":1}},{"type":"Feature","geometry":{"geodesic":false,"type":"Point","coordinates":[28.09090283935212,46.098261530226814]},"id":"+104236-171054","properties":{"count":9,"label":1}},{"type":"Feature","geometry":{"geodesic":false,"type":"Point","coordinates":[28.091711323107823,45.92928842528393]},"id":"+104239-170427","properties":{"count":9,"label":1}},{"type":"Feature","geometry":{"geodesic":false,"type":"Point","coordinates":[28.091711323107823,46.04544059152058]},"id":"+104239-170856","properties":{"count":21,"label":1}},{"type":"Feature","geometry":{"geodesic":false,"type":"Point","coordinates":[28.092789301448768,45.928345194235604]},"id":"+104242-170423","properties":{"count":4,"label":1}},{"type":"Feature","geometry":{"geodesic":false,"type":"Point","coordinates":[28.09295099819991,46.038649327972635]},"id":"+104242-170832","properties":{"count":5,"label":1}},{"type":"Feature","geometry":{"geodesic":false,"type":"Point","coordinates":[28.094599240391585,46.09279511536826]},"id":"+104245-171005","properties":{"count":243,"label":1}},{"type":"Feature","geometry":{"geodesic":false,"type":"Point","coordinates":[28.09413677437495,45.92740196318728]},"id":"+104248-170420","properties":{"count":9,"label":1}},{"type":"Feature","geometry":{"geodesic":false,"type":"Point","coordinates":[28.0951069548818,46.040805284654525]},"id":"+104251-170841","properties":{"count":5,"label":1}},{"type":"Feature","geometry":{"geodesic":false,"type":"Point","coordinates":[28.094914458749486,46.06301163847797]},"id":"+104251-170921","properties":{"count":35,"label":1}},{"type":"Feature","geometry":{"geodesic":false,"type":"Point","coordinates":[28.097505456690396,46.09907001398252]},"id":"+104261-171057","properties":{"count":12,"label":1}},{"type":"Feature","geometry":{"geodesic":false,"type":"Point","coordinates":[28.09858343503134,46.05325593449242]},"id":"+104265-170887","properties":{"count":12,"label":1}},{"type":"Feature","geometry":{"geodesic":false,"type":"Point","coordinates":[28.09925717149443,45.92093409314162]},"id":"+104267-170396","properties":{"count":9,"label":1}},{"type":"Feature","geometry":{"geodesic":false,"type":"Point","coordinates":[28.09966141337228,46.102169201712734]},"id":"+104267-171067","properties":{"count":18,"label":1}},{"type":"Feature","geometry":{"geodesic":false,"type":"Point","coordinates":[28.09966141337228,45.924168028164445]},"id":"+104270-170408","properties":{"count":18,"label":1}},{"type":"Feature","geometry":{"geodesic":false,"type":"Point","coordinates":[28.100200402542754,45.9583938404894]},"id":"+104270-170535","properties":{"count":6,"label":1}},{"type":"Feature","geometry":{"geodesic":false,"type":"Point","coordinates":[28.100112523873655,46.04401109850325]},"id":"+104270-170850","properties":{"count":23,"label":1}},{"type":"Feature","geometry":{"geodesic":false,"type":"Point","coordinates":[28.100200402542754,46.05352542907766]},"id":"+104270-170889","properties":{"count":2,"label":1}},{"type":"Feature","geometry":{"geodesic":false,"type":"Point","coordinates":[28.100200402542754,46.106615862369125]},"id":"+104270-171085","properties":{"count":6,"label":1}},{"type":"Feature","geometry":{"geodesic":false,"type":"Point","coordinates":[28.100065655250138,46.108232829880535]},"id":"+104270-171091","properties":{"count":9,"label":1}},{"type":"Feature","geometry":{"geodesic":false,"type":"Point","coordinates":[28.097649010995603,45.99096393444755]},"id":"+104271-170632","properties":{"count":306,"label":1}},{"type":"Feature","geometry":{"geodesic":false,"type":"Point","coordinates":[28.100981936839936,46.0493482630065]},"id":"+104272-170872","properties":{"count":10,"label":1}},{"type":"Feature","geometry":{"geodesic":false,"type":"Point","coordinates":[28.100874139005843,45.92174257689732]},"id":"+104273-170399","properties":{"count":9,"label":1}},{"type":"Feature","geometry":{"geodesic":false,"type":"Point","coordinates":[28.10046989712799,46.104594652979856]},"id":"+104276-171073","properties":{"count":36,"label":1}},{"type":"Feature","geometry":{"geodesic":false,"type":"Point","coordinates":[28.10256810497018,46.050791983998835]},"id":"+104279-170878","properties":{"count":7,"label":1}},{"type":"Feature","geometry":{"geodesic":false,"type":"Point","coordinates":[28.105059726782788,46.11108778814288]},"id":"+104279-171091","properties":{"count":96,"label":1}},{"type":"Feature","geometry":{"geodesic":false,"type":"Point","coordinates":[28.099162772261185,45.962083023427404]},"id":"+104282-170538","properties":{"count":177,"label":1}},{"type":"Feature","geometry":{"geodesic":false,"type":"Point","coordinates":[28.104108074028673,46.052447450736715]},"id":"+104285-170884","properties":{"count":9,"label":1}},{"type":"Feature","geometry":{"geodesic":false,"type":"Point","coordinates":[28.10491655778438,45.95920232424511]},"id":"+104288-170538","properties":{"count":9,"label":1}},{"type":"Feature","geometry":{"geodesic":false,"type":"Point","coordinates":[28.10559029424747,45.949365771884]},"id":"+104290-170502","properties":{"count":4,"label":1}},{"type":"Feature","geometry":{"geodesic":false,"type":"Point","coordinates":[28.10370383215082,45.92295530253089]},"id":"+104291-170402","properties":{"count":54,"label":1}},{"type":"Feature","geometry":{"geodesic":false,"type":"Point","coordinates":[28.10841998739245,45.92174257689732]},"id":"+104304-170399","properties":{"count":27,"label":1}},{"type":"Feature","geometry":{"geodesic":false,"type":"Point","coordinates":[28.110036954903862,45.949365771884]},"id":"+104307-170502","properties":{"count":6,"label":1}},{"type":"Feature","geometry":{"geodesic":false,"type":"Point","coordinates":[28.111114933244806,45.95017425563971]},"id":"+104312-170505","properties":{"count":10,"label":1}},{"type":"Feature","geometry":{"geodesic":false,"type":"Point","coordinates":[28.104755544871864,45.95138760294475]},"id":"+104316-170464","properties":{"count":867,"label":1}},{"type":"Feature","geometry":{"geodesic":false,"type":"Point","coordinates":[28.11831428859325,45.915852195248604]},"id":"+104337-170377","properties":{"count":7,"label":1}},{"type":"Feature","geometry":{"geodesic":false,"type":"Point","coordinates":[28.118930276216645,45.91689167436308]},"id":"+104339-170382","properties":{"count":1,"label":1}},{"type":"Feature","geometry":{"geodesic":false,"type":"Point","coordinates":[28.119233457625036,46.10584106543657]},"id":"+104341-171082","properties":{"count":8,"label":1}},{"type":"Feature","geometry":{"geodesic":false,"type":"Point","coordinates":[28.115790972880234,45.92001657722547]},"id":"+104344-170386","properties":{"count":131,"label":1}},{"type":"Feature","geometry":{"geodesic":false,"type":"Point","coordinates":[28.119969755331127,45.93082839434242]},"id":"+104344-170433","properties":{"count":7,"label":1}},{"type":"Feature","geometry":{"geodesic":false,"type":"Point","coordinates":[28.12135572748377,46.10526838944294]},"id":"+104350-171081","properties":{"count":5,"label":1}},{"type":"Feature","geometry":{"geodesic":false,"type":"Point","coordinates":[28.12346957563671,45.92187732418994]},"id":"+104353-170396","properties":{"count":32,"label":1}}]}