{"type":"FeatureCollection","features":[{"type":"Feature","geometry":{"geodesic":false,"type":"Point","coordinates":[27.23741348791016,46.01983860592318]},"id":"+101072-170757_0","properties":{"count":169,"label":1,"Flood_Risk_Index":0.7975580421013896}},{"type":"Feature","geometry":{"geodesic":false,"type":"Point","coordinates":[27.24010843376252,46.01579618714464]},"id":"+101079-170748_0","properties":{"count":9,"label":1,"Flood_Risk_Index":0.8518171307820106}},{"type":"Feature","geometry":{"geodesic":false,"type":"Point","coordinates":[27.244959336296763,46.02495900304266]},"id":"+101097-170782_0","properties":{"count":9,"label":1,"Flood_Risk_Index":0.8648252890310747}},{"type":"Feature","geometry":{"geodesic":false,"type":"Point","coordinates":[27.24576782005247,45.95030900293233]},"id":"+101100-170505_0","properties":{"count":6,"label":1,"Flood_Risk_Index":0.8561733834527585}},{"type":"Feature","geometry":{"geodesic":false,"type":"Point","coordinates":[27.247384787563888,46.02657597055407]},"id":"+101106-170788_0","properties":{"count":9,"label":1,"Flood_Risk_Index":0.8554957529161303}},{"type":"Feature","geometry":{"geodesic":false,"type":"Point","coordinates":[27.246306809222943,46.03762524854874]},"id":"+101106-170814_0","properties":{"count":120,"label":1,"Flood_Risk_Index":0.7705208634475961}},{"type":"Feature","geometry":{"geodesic":false,"type":"Point","coordinates":[27.2490017550753,46.03250485142926]},"id":"+101113-170810_0","properties":{"count":17,"label":1,"Flood_Risk_Index":0.874702674144051}},{"type":"Feature","geometry":{"geodesic":false,"type":"Point","coordinates":[27.249540744245774,45.95327344336992]},"id":"+101114-170516_0","properties":{"count":12,"label":1,"Flood_Risk_Index":0.85678943587215}},{"type":"Feature","geometry":{"geodesic":false,"type":"Point","coordinates":[27.250079733416246,46.03115737850308]},"id":"+101115-170803_0","properties":{"count":14,"label":1,"Flood_Risk_Index":0.8957281884875267}},{"type":"Feature","geometry":{"geodesic":false,"type":"Point","coordinates":[27.251157711757187,46.03519979728162]},"id":"+101116-170816_0","properties":{"count":25,"label":1,"Flood_Risk_Index":0.8750341949965649}},{"type":"Feature","geometry":{"geodesic":false,"type":"Point","coordinates":[27.254661141365254,45.87997091618577]},"id":"+101125-170238_0","properties":{"count":48,"label":1,"Flood_Risk_Index":0.8632649879397977}},{"type":"Feature","geometry":{"geodesic":false,"type":"Point","coordinates":[27.255469625120963,45.87323355155487]},"id":"+101137-170216_0","properties":{"count":124,"label":1,"Flood_Risk_Index":0.8514809292535719}},{"type":"Feature","geometry":{"geodesic":false,"type":"Point","coordinates":[27.26085951682568,45.87404203531058]},"id":"+101156-170222_0","properties":{"count":12,"label":1,"Flood_Risk_Index":0.8675467359052339}},{"type":"Feature","geometry":{"geodesic":false,"type":"Point","coordinates":[27.261668000581388,45.936564779085295]},"id":"+101159-170454_0","properties":{"count":9,"label":1,"Flood_Risk_Index":0.867234492508314}},{"type":"Feature","geometry":{"geodesic":false,"type":"Point","coordinates":[27.262476484337096,45.878623443259585]},"id":"+101173-170226_0","properties":{"count":115,"label":1,"Flood_Risk_Index":0.8665875120656064}},{"type":"Feature","geometry":{"geodesic":false,"type":"Point","coordinates":[27.265710419359923,45.87377254072534]},"id":"+101174-170222_0","properties":{"count":3,"label":1,"Flood_Risk_Index":0.8579760500396928}},{"type":"Feature","geometry":{"geodesic":false,"type":"Point","coordinates":[27.26597991394516,45.880240410771]},"id":"+101175-170244_0","properties":{"count":24,"label":1,"Flood_Risk_Index":0.8543162818773842}},{"type":"Feature","geometry":{"geodesic":false,"type":"Point","coordinates":[27.26732738687134,45.87808445408912]},"id":"+101181-170235_0","properties":{"count":18,"label":1,"Flood_Risk_Index":0.7634226483329053}},{"type":"Feature","geometry":{"geodesic":false,"type":"Point","coordinates":[27.268405365212285,45.87592849740723]},"id":"+101184-170229_0","properties":{"count":9,"label":1,"Flood_Risk_Index":0.8596849721735527}},{"type":"Feature","geometry":{"geodesic":false,"type":"Point","coordinates":[27.27514272984318,45.943302143716195]},"id":"+101209-170479_0","properties":{"count":8,"label":1,"Flood_Risk_Index":0.8541054129456455}},{"type":"Feature","geometry":{"geodesic":false,"type":"Point","coordinates":[27.275951213598887,45.94168517620478]},"id":"+101212-170473_0","properties":{"count":9,"label":1,"Flood_Risk_Index":0.8873770941265194}},{"type":"Feature","geometry":{"geodesic":false,"type":"Point","coordinates":[27.27702919193983,45.9403377032786]},"id":"+101215-170468_0","properties":{"count":3,"label":1,"Flood_Risk_Index":0.8602854745288782}},{"type":"Feature","geometry":{"geodesic":false,"type":"Point","coordinates":[27.278107170280773,45.93764275742624]},"id":"+101219-170458_0","properties":{"count":4,"label":1,"Flood_Risk_Index":0.8516927179161704}},{"type":"Feature","geometry":{"geodesic":false,"type":"Point","coordinates":[27.287269986178792,45.90018301007846]},"id":"+101253-170320_0","properties":{"count":1,"label":1,"Flood_Risk_Index":0.8568025285397922}},{"type":"Feature","geometry":{"geodesic":false,"type":"Point","coordinates":[27.2880784699345,45.891289688765674]},"id":"+101256-170287_0","properties":{"count":1,"label":1,"Flood_Risk_Index":0.871808758183946}},{"type":"Feature","geometry":{"geodesic":false,"type":"Point","coordinates":[27.285922513252615,45.86299275731591]},"id":"+101280-170168_0","properties":{"count":242,"label":1,"Flood_Risk_Index":0.7443791013876788}},{"type":"Feature","geometry":{"geodesic":false,"type":"Point","coordinates":[27.29643280207681,45.8508655009803]},"id":"+101287-170137_0","properties":{"count":2,"label":1,"Flood_Risk_Index":0.8527371774017161}},{"type":"Feature","geometry":{"geodesic":false,"type":"Point","coordinates":[27.29912774792917,45.94761405707997]},"id":"+101298-170495_0","properties":{"count":5,"label":1,"Flood_Risk_Index":0.8266091342277475}},{"type":"Feature","geometry":{"geodesic":false,"type":"Point","coordinates":[27.302900672122473,45.857872360196424]},"id":"+101311-170162_0","properties":{"count":3,"label":1,"Flood_Risk_Index":0.8921123336828619}},{"type":"Feature","geometry":{"geodesic":false,"type":"Point","coordinates":[27.30370915587818,45.855985898099775]},"id":"+101314-170155_0","properties":{"count":5,"label":1,"Flood_Risk_Index":0.9119885769170698}},{"type":"Feature","geometry":{"geodesic":false,"type":"Point","coordinates":[27.30829056382719,46.05918481536761]},"id":"+101332-170910_0","properties":{"count":6,"label":1,"Flood_Risk_Index":0.8557135569727572}},{"type":"Feature","geometry":{"geodesic":false,"type":"Point","coordinates":[27.318261863480917,46.06403571790186]},"id":"+101369-170927_0","properties":{"count":12,"label":1,"Flood_Risk_Index":0.8551700096955018}},{"type":"Feature","geometry":{"geodesic":false,"type":"Point","coordinates":[27.31987883099233,46.06161026663474]},"id":"+101375-170918_0","properties":{"count":9,"label":1,"Flood_Risk_Index":0.8519098102845345}},{"type":"Feature","geometry":{"geodesic":false,"type":"Point","coordinates":[27.326616195623227,46.06996459877705]},"id":"+101400-170949_0","properties":{"count":9,"label":1,"Flood_Risk_Index":0.8602668716088296}},{"type":"Feature","geometry":{"geodesic":false,"type":"Point","coordinates":[27.328233163134644,46.06834763126563]},"id":"+101406-170943_0","properties":{"count":9,"label":1,"Flood_Risk_Index":0.8647863781630228}},{"type":"Feature","geometry":{"geodesic":false,"type":"Point","coordinates":[27.33173659274271,45.81475322655869]},"id":"+101420-170003_0","properties":{"count":6,"label":1,"Flood_Risk_Index":0.8563009710984827}},{"type":"Feature","geometry":{"geodesic":false,"type":"Point","coordinates":[27.332545076498416,45.895601602129446]},"id":"+101422-170303_0","properties":{"count":3,"label":1,"Flood_Risk_Index":0.8797792045971441}},{"type":"Feature","geometry":{"geodesic":false,"type":"Point","coordinates":[27.33362305483936,46.06322723414615]},"id":"+101425-170925_0","properties":{"count":4,"label":1,"Flood_Risk_Index":0.8523037140830586}},{"type":"Feature","geometry":{"geodesic":false,"type":"Point","coordinates":[27.334970527765538,46.06161026663474]},"id":"+101434-170915_0","properties":{"count":27,"label":1,"Flood_Risk_Index":0.8579922578531362}},{"type":"Feature","geometry":{"geodesic":false,"type":"Point","coordinates":[27.336587495276955,45.80343445397878]},"id":"+101437-169960_0","properties":{"count":9,"label":1,"Flood_Risk_Index":0.8511234434133996}},{"type":"Feature","geometry":{"geodesic":false,"type":"Point","coordinates":[27.339282441129313,45.78349185467133]},"id":"+101446-169887_0","properties":{"count":2,"label":1,"Flood_Risk_Index":0.8818569261294585}},{"type":"Feature","geometry":{"geodesic":false,"type":"Point","coordinates":[27.342516376152144,45.79346315432506]},"id":"+101459-169922_0","properties":{"count":12,"label":1,"Flood_Risk_Index":0.8635448028388302}},{"type":"Feature","geometry":{"geodesic":false,"type":"Point","coordinates":[27.34467233283403,45.775407017114254]},"id":"+101466-169857_0","properties":{"count":1,"label":1,"Flood_Risk_Index":0.8810304909333037}},{"type":"Feature","geometry":{"geodesic":false,"type":"Point","coordinates":[27.29077341578686,45.878623443259585]},"id":"+101467-169861_0","properties":{"count":21459,"label":1,"Flood_Risk_Index":0.9055719745304263}},{"type":"Feature","geometry":{"geodesic":false,"type":"Point","coordinates":[27.343055365322616,46.05406441824813]},"id":"+101484-170876_0","properties":{"count":147,"label":1,"Flood_Risk_Index":0.7234219996770509}},{"type":"Feature","geometry":{"geodesic":false,"type":"Point","coordinates":[27.349523235368277,45.767591674142416]},"id":"+101485-169827_0","properties":{"count":11,"label":1,"Flood_Risk_Index":0.9316110481224413}},{"type":"Feature","geometry":{"geodesic":false,"type":"Point","coordinates":[27.348175762442096,45.77028661999477]},"id":"+101485-169836_0","properties":{"count":28,"label":1,"Flood_Risk_Index":0.8464403423595744}},{"type":"Feature","geometry":{"geodesic":false,"type":"Point","coordinates":[27.340090924885022,45.88374384037907]},"id":"+101485-170219_0","properties":{"count":318,"label":1,"Flood_Risk_Index":0.7513210186950238}},{"type":"Feature","geometry":{"geodesic":false,"type":"Point","coordinates":[27.350870708294455,45.98830773945058]},"id":"+101490-170646_0","properties":{"count":9,"label":1,"Flood_Risk_Index":0.8690812563130716}},{"type":"Feature","geometry":{"geodesic":false,"type":"Point","coordinates":[27.350870708294455,46.00447741456473]},"id":"+101490-170706_0","properties":{"count":4,"label":1,"Flood_Risk_Index":0.9016432236426224}},{"type":"Feature","geometry":{"geodesic":false,"type":"Point","coordinates":[27.35114020287969,46.07427651214082]},"id":"+101490-170966_0","properties":{"count":1,"label":1,"Flood_Risk_Index":0.8548340574211247}},{"type":"Feature","geometry":{"geodesic":false,"type":"Point","coordinates":[27.351679192050163,45.969982107654545]},"id":"+101493-170578_0","properties":{"count":9,"label":1,"Flood_Risk_Index":0.8631914951243024}},{"type":"Feature","geometry":{"geodesic":false,"type":"Point","coordinates":[27.35248767580587,46.00339943622379]},"id":"+101496-170702_0","properties":{"count":9,"label":1,"Flood_Risk_Index":0.8779952912473531}},{"type":"Feature","geometry":{"geodesic":false,"type":"Point","coordinates":[27.353296159561577,45.986690771939166]},"id":"+101499-170640_0","properties":{"count":9,"label":1,"Flood_Risk_Index":0.8738514080447288}},{"type":"Feature","geometry":{"geodesic":false,"type":"Point","coordinates":[27.354104643317285,45.96917362389883]},"id":"+101502-170575_0","properties":{"count":9,"label":1,"Flood_Risk_Index":0.8581319746495223}},{"type":"Feature","geometry":{"geodesic":false,"type":"Point","coordinates":[27.35383514873205,46.02738445430978]},"id":"+101502-170786_0","properties":{"count":34,"label":1,"Flood_Risk_Index":0.8850187213849394}},{"type":"Feature","geometry":{"geodesic":false,"type":"Point","coordinates":[27.354104643317285,46.06996459877705]},"id":"+101502-170949_0","properties":{"count":9,"label":1,"Flood_Risk_Index":0.8573737163605832}},{"type":"Feature","geometry":{"geodesic":false,"type":"Point","coordinates":[27.354913127072994,45.986151782768694]},"id":"+101505-170639_0","properties":{"count":3,"label":1,"Flood_Risk_Index":0.868631262634492}},{"type":"Feature","geometry":{"geodesic":false,"type":"Point","coordinates":[27.354913127072994,46.021186078849354]},"id":"+101505-170769_0","properties":{"count":3,"label":1,"Flood_Risk_Index":0.8728507374826744}},{"type":"Feature","geometry":{"geodesic":false,"type":"Point","coordinates":[27.354913127072994,46.02495900304266]},"id":"+101505-170782_0","properties":{"count":5,"label":1,"Flood_Risk_Index":0.854737224705096}},{"type":"Feature","geometry":{"geodesic":false,"type":"Point","coordinates":[27.354643632487758,46.002860447053315]},"id":"+101506-170700_0","properties":{"count":8,"label":1,"Flood_Risk_Index":0.8689026204615792}},{"type":"Feature","geometry":{"geodesic":false,"type":"Point","coordinates":[27.354104643317285,46.011484273780866]},"id":"+101512-170727_0","properties":{"count":65,"label":1,"Flood_Risk_Index":0.8742093979137668}},{"type":"Feature","geometry":{"geodesic":false,"type":"Point","coordinates":[27.357608072925352,46.019299616752704]},"id":"+101515-170760_0","properties":{"count":10,"label":1,"Flood_Risk_Index":0.9045968006809356}},{"type":"Feature","geometry":{"geodesic":false,"type":"Point","coordinates":[27.358147062095824,46.05729835327096]},"id":"+101516-170903_0","properties":{"count":1,"label":1,"Flood_Risk_Index":0.8596540893567881}},{"type":"Feature","geometry":{"geodesic":false,"type":"Point","coordinates":[27.359225040436765,46.04921351571389]},"id":"+101521-170872_0","properties":{"count":12,"label":1,"Flood_Risk_Index":0.8543261094743867}},{"type":"Feature","geometry":{"geodesic":false,"type":"Point","coordinates":[27.36218948087436,45.731748894306044]},"id":"+101533-169691_0","properties":{"count":23,"label":1,"Flood_Risk_Index":0.8926809109980173}},{"type":"Feature","geometry":{"geodesic":false,"type":"Point","coordinates":[27.362728470044832,46.0478660427877]},"id":"+101533-170868_0","properties":{"count":1,"label":1,"Flood_Risk_Index":0.8509491230208857}},{"type":"Feature","geometry":{"geodesic":false,"type":"Point","coordinates":[27.36165049170389,46.05568138575955]},"id":"+101533-170890_0","properties":{"count":91,"label":1,"Flood_Risk_Index":0.8540510944289297}},{"type":"Feature","geometry":{"geodesic":false,"type":"Point","coordinates":[27.36165049170389,45.742259183130244]},"id":"+101536-169706_0","properties":{"count":401,"label":1,"Flood_Risk_Index":0.9202398574170596}},{"type":"Feature","geometry":{"geodesic":false,"type":"Point","coordinates":[27.363267459215304,45.74980503151685]},"id":"+101536-169762_0","properties":{"count":3,"label":1,"Flood_Risk_Index":0.861676856964465}},{"type":"Feature","geometry":{"geodesic":false,"type":"Point","coordinates":[27.363267459215304,46.03007940016214]},"id":"+101536-170801_0","properties":{"count":6,"label":1,"Flood_Risk_Index":0.8671247007381109}},{"type":"Feature","geometry":{"geodesic":false,"type":"Point","coordinates":[27.363806448385777,46.052716945321954]},"id":"+101537-170885_0","properties":{"count":2,"label":1,"Flood_Risk_Index":0.8581971086378211}},{"type":"Feature","geometry":{"geodesic":false,"type":"Point","coordinates":[27.36434543755625,45.72851495928322]},"id":"+101539-169682_0","properties":{"count":3,"label":1,"Flood_Risk_Index":0.9070161238746046}},{"type":"Feature","geometry":{"geodesic":false,"type":"Point","coordinates":[27.365962405067663,45.72716748635704]},"id":"+101549-169675_0","properties":{"count":29,"label":1,"Flood_Risk_Index":0.9073567016980542}},{"type":"Feature","geometry":{"geodesic":false,"type":"Point","coordinates":[27.368387856334785,45.98507380442775]},"id":"+101558-170634_0","properties":{"count":23,"label":1,"Flood_Risk_Index":0.8770307265811406}},{"type":"Feature","geometry":{"geodesic":false,"type":"Point","coordinates":[27.37081330760191,45.984265320672044]},"id":"+101564-170631_0","properties":{"count":7,"label":1,"Flood_Risk_Index":0.8660965422463808}},{"type":"Feature","geometry":{"geodesic":false,"type":"Point","coordinates":[27.372430275113324,45.98345683691634]},"id":"+101570-170627_0","properties":{"count":12,"label":1,"Flood_Risk_Index":0.883398348887888}},{"type":"Feature","geometry":{"geodesic":false,"type":"Point","coordinates":[27.37404724262474,45.982378858575395]},"id":"+101576-170624_0","properties":{"count":9,"label":1,"Flood_Risk_Index":0.8746248234918313}},{"type":"Feature","geometry":{"geodesic":false,"type":"Point","coordinates":[27.375664210136154,45.98183986940492]},"id":"+101583-170623_0","properties":{"count":5,"label":1,"Flood_Risk_Index":0.8990137140543742}},{"type":"Feature","geometry":{"geodesic":false,"type":"Point","coordinates":[27.376472693891863,45.98992470696199]},"id":"+101586-170646_0","properties":{"count":207,"label":1,"Flood_Risk_Index":0.7732566366358499}},{"type":"Feature","geometry":{"geodesic":false,"type":"Point","coordinates":[27.3767421884771,45.99504510408148]},"id":"+101586-170671_0","properties":{"count":9,"label":1,"Flood_Risk_Index":0.8676258816473486}},{"type":"Feature","geometry":{"geodesic":false,"type":"Point","coordinates":[27.3767421884771,46.056759364100486]},"id":"+101586-170901_0","properties":{"count":6,"label":1,"Flood_Risk_Index":0.852263306340467}},{"type":"Feature","geometry":{"geodesic":false,"type":"Point","coordinates":[27.378359155988512,46.0117537683661]},"id":"+101591-170734_0","properties":{"count":4,"label":1,"Flood_Risk_Index":0.8978446603159158}},{"type":"Feature","geometry":{"geodesic":false,"type":"Point","coordinates":[27.378359155988512,46.01417921963322]},"id":"+101592-170742_0","properties":{"count":9,"label":1,"Flood_Risk_Index":0.8513187776833805}},{"type":"Feature","geometry":{"geodesic":false,"type":"Point","coordinates":[27.380784607255634,45.98076189106398]},"id":"+101601-170618_0","properties":{"count":11,"label":1,"Flood_Risk_Index":0.877838340793579}},{"type":"Feature","geometry":{"geodesic":false,"type":"Point","coordinates":[27.38105410184087,46.03519979728162]},"id":"+101601-170821_0","properties":{"count":1,"label":1,"Flood_Risk_Index":0.8514713808476247}},{"type":"Feature","geometry":{"geodesic":false,"type":"Point","coordinates":[27.38186258559658,45.994506114911005]},"id":"+101604-170670_0","properties":{"count":1,"label":1,"Flood_Risk_Index":0.8803789424888208}},{"type":"Feature","geometry":{"geodesic":false,"type":"Point","coordinates":[27.381593091011343,46.07239005004417]},"id":"+101605-170956_0","properties":{"count":11,"label":1,"Flood_Risk_Index":0.8502312664838911}},{"type":"Feature","geometry":{"geodesic":false,"type":"Point","coordinates":[27.38240157476705,45.963244743023644]},"id":"+101607-170553_0","properties":{"count":9,"label":1,"Flood_Risk_Index":0.8657266276171333}},{"type":"Feature","geometry":{"geodesic":false,"type":"Point","coordinates":[27.38240157476705,46.00986730626945]},"id":"+101607-170726_0","properties":{"count":12,"label":1,"Flood_Risk_Index":0.8643658816396887}},{"type":"Feature","geometry":{"geodesic":false,"type":"Point","coordinates":[27.38240157476705,46.03088788391785]},"id":"+101607-170804_0","properties":{"count":8,"label":1,"Flood_Risk_Index":0.8573672274166205}},{"type":"Feature","geometry":{"geodesic":false,"type":"Point","coordinates":[27.382940563937524,46.007172360417094]},"id":"+101608-170717_0","properties":{"count":1,"label":1,"Flood_Risk_Index":0.8725097346678067}},{"type":"Feature","geometry":{"geodesic":false,"type":"Point","coordinates":[27.383210058522756,45.70587741412341]},"id":"+101611-169598_0","properties":{"count":11,"label":1,"Flood_Risk_Index":0.8919220506613705}},{"type":"Feature","geometry":{"geodesic":false,"type":"Point","coordinates":[27.38509652061941,45.72878445386845]},"id":"+101617-169684_0","properties":{"count":4,"label":1,"Flood_Risk_Index":0.8567570001618711}},{"type":"Feature","geometry":{"geodesic":false,"type":"Point","coordinates":[27.384827026034174,45.97860593438209]},"id":"+101617-170609_0","properties":{"count":14,"label":1,"Flood_Risk_Index":0.9053717944449339}},{"type":"Feature","geometry":{"geodesic":false,"type":"Point","coordinates":[27.38509652061941,45.99423662032577]},"id":"+101617-170668_0","properties":{"count":9,"label":1,"Flood_Risk_Index":0.8713794582022695}},{"type":"Feature","geometry":{"geodesic":false,"type":"Point","coordinates":[27.384827026034174,46.03007940016214]},"id":"+101617-170801_0","properties":{"count":18,"label":1,"Flood_Risk_Index":0.8528637282306719}},{"type":"Feature","geometry":{"geodesic":false,"type":"Point","coordinates":[27.386713488130823,45.95515990546657]},"id":"+101623-170524_0","properties":{"count":3,"label":1,"Flood_Risk_Index":0.86140357396137}},{"type":"Feature","geometry":{"geodesic":false,"type":"Point","coordinates":[27.387252477301296,46.00555539290568]},"id":"+101624-170711_0","properties":{"count":1,"label":1,"Flood_Risk_Index":0.9210047120191377}},{"type":"Feature","geometry":{"geodesic":false,"type":"Point","coordinates":[27.387791466471768,45.957585356733695]},"id":"+101629-170526_0","properties":{"count":43,"label":1,"Flood_Risk_Index":0.8588063948165349}},{"type":"Feature","geometry":{"geodesic":false,"type":"Point","coordinates":[27.38833045564224,45.96081929175652]},"id":"+101629-170544_0","properties":{"count":9,"label":1,"Flood_Risk_Index":0.8588915843969902}},{"type":"Feature","geometry":{"geodesic":false,"type":"Point","coordinates":[27.38833045564224,46.002860447053315]},"id":"+101629-170701_0","properties":{"count":3,"label":1,"Flood_Risk_Index":0.855652920475518}},{"type":"Feature","geometry":{"geodesic":false,"type":"Point","coordinates":[27.38940843398318,45.71207578958383]},"id":"+101635-169619_0","properties":{"count":23,"label":1,"Flood_Risk_Index":0.7420552069949732}},{"type":"Feature","geometry":{"geodesic":false,"type":"Point","coordinates":[27.38833045564224,45.97698896687068]},"id":"+101635-170603_0","properties":{"count":39,"label":1,"Flood_Risk_Index":0.8726368601667825}},{"type":"Feature","geometry":{"geodesic":false,"type":"Point","coordinates":[27.390755906909362,45.986690771939166]},"id":"+101638-170640_0","properties":{"count":9,"label":1,"Flood_Risk_Index":0.8552059981887801}},{"type":"Feature","geometry":{"geodesic":false,"type":"Point","coordinates":[27.392911863591248,45.97591098852973]},"id":"+101645-170600_0","properties":{"count":18,"label":1,"Flood_Risk_Index":0.8667464795940144}},{"type":"Feature","geometry":{"geodesic":false,"type":"Point","coordinates":[27.39425933651743,45.97510250477402]},"id":"+101651-170597_0","properties":{"count":9,"label":1,"Flood_Risk_Index":0.8522738973530957}},{"type":"Feature","geometry":{"geodesic":false,"type":"Point","coordinates":[27.38240157476705,46.044093118594404]},"id":"+101651-170671_0","properties":{"count":17539,"label":1,"Flood_Risk_Index":0.9383629854839142}},{"type":"Feature","geometry":{"geodesic":false,"type":"Point","coordinates":[27.3947983256879,46.0621492558052]},"id":"+101651-170919_0","properties":{"count":15,"label":1,"Flood_Risk_Index":0.8616746993082726}},{"type":"Feature","geometry":{"geodesic":false,"type":"Point","coordinates":[27.39533731485837,46.05972380453808]},"id":"+101654-170909_0","properties":{"count":24,"label":1,"Flood_Risk_Index":0.855116553655163}},{"type":"Feature","geometry":{"geodesic":false,"type":"Point","coordinates":[27.39533731485837,45.69509763071397]},"id":"+101657-169551_0","properties":{"count":48,"label":1,"Flood_Risk_Index":0.8877455391339395}},{"type":"Feature","geometry":{"geodesic":false,"type":"Point","coordinates":[27.394528831102665,45.717465681288544]},"id":"+101657-169635_0","properties":{"count":66,"label":1,"Flood_Risk_Index":0.7649990569615063}},{"type":"Feature","geometry":{"geodesic":false,"type":"Point","coordinates":[27.394528831102665,45.71045882207241]},"id":"+101660-169613_0","properties":{"count":71,"label":1,"Flood_Risk_Index":0.8614772226954346}},{"type":"Feature","geometry":{"geodesic":false,"type":"Point","coordinates":[27.39425933651743,45.961627775512234]},"id":"+101660-170547_0","properties":{"count":65,"label":1,"Flood_Risk_Index":0.8534845825464206}},{"type":"Feature","geometry":{"geodesic":false,"type":"Point","coordinates":[27.39749327154026,45.974563515603556]},"id":"+101663-170593_0","properties":{"count":60,"label":1,"Flood_Risk_Index":0.9113326907375925}},{"type":"Feature","geometry":{"geodesic":false,"type":"Point","coordinates":[27.39749327154026,46.067539147509926]},"id":"+101663-170940_0","properties":{"count":9,"label":1,"Flood_Risk_Index":0.8675077641391598}},{"type":"Feature","geometry":{"geodesic":false,"type":"Point","coordinates":[27.398301755295964,45.71989113255567]},"id":"+101666-169650_0","properties":{"count":9,"label":1,"Flood_Risk_Index":0.8558695472169805}},{"type":"Feature","geometry":{"geodesic":false,"type":"Point","coordinates":[27.398301755295964,45.97968391272303]},"id":"+101666-170615_0","properties":{"count":3,"label":1,"Flood_Risk_Index":0.8688653870551186}},{"type":"Feature","geometry":{"geodesic":false,"type":"Point","coordinates":[27.399110239051673,45.71207578958383]},"id":"+101668-169619_0","properties":{"count":20,"label":1,"Flood_Risk_Index":0.8509662015426845}},{"type":"Feature","geometry":{"geodesic":false,"type":"Point","coordinates":[27.3985712498812,45.68970773900925]},"id":"+101669-169533_0","properties":{"count":36,"label":1,"Flood_Risk_Index":0.890462287339817}},{"type":"Feature","geometry":{"geodesic":false,"type":"Point","coordinates":[27.399110239051673,46.0432846348387]},"id":"+101669-170850_0","properties":{"count":9,"label":1,"Flood_Risk_Index":0.85733924915098}},{"type":"Feature","geometry":{"geodesic":false,"type":"Point","coordinates":[27.39991872280738,45.71881315421472]},"id":"+101671-169645_0","properties":{"count":10,"label":1,"Flood_Risk_Index":0.8576007758583231}},{"type":"Feature","geometry":{"geodesic":false,"type":"Point","coordinates":[27.399110239051673,45.96081929175652]},"id":"+101671-170544_0","properties":{"count":24,"label":1,"Flood_Risk_Index":0.8527935353058615}},{"type":"Feature","geometry":{"geodesic":false,"type":"Point","coordinates":[27.397223776955023,45.98588228818346]},"id":"+101671-170612_0","properties":{"count":714,"label":1,"Flood_Risk_Index":0.8765046325998653}},{"type":"Feature","geometry":{"geodesic":false,"type":"Point","coordinates":[27.39991872280738,45.686743298571656]},"id":"+101672-169527_0","properties":{"count":8,"label":1,"Flood_Risk_Index":0.881117171897201}},{"type":"Feature","geometry":{"geodesic":false,"type":"Point","coordinates":[27.39991872280738,46.066730663754214]},"id":"+101672-170937_0","properties":{"count":9,"label":1,"Flood_Risk_Index":0.8577823829851744}},{"type":"Feature","geometry":{"geodesic":false,"type":"Point","coordinates":[27.40180518490403,46.00986730626945]},"id":"+101679-170726_0","properties":{"count":16,"label":1,"Flood_Risk_Index":0.8966954231005987}},{"type":"Feature","geometry":{"geodesic":false,"type":"Point","coordinates":[27.40180518490403,46.0327743460145]},"id":"+101679-170812_0","properties":{"count":3,"label":1,"Flood_Risk_Index":0.8668413177424296}},{"type":"Feature","geometry":{"geodesic":false,"type":"Point","coordinates":[27.40180518490403,46.06592217999851]},"id":"+101679-170934_0","properties":{"count":12,"label":1,"Flood_Risk_Index":0.8585560973376226}},{"type":"Feature","geometry":{"geodesic":false,"type":"Point","coordinates":[27.403691647000684,45.71908264879996]},"id":"+101680-169641_0","properties":{"count":42,"label":1,"Flood_Risk_Index":0.8544261588574867}},{"type":"Feature","geometry":{"geodesic":false,"type":"Point","coordinates":[27.402344174074504,46.01579618714464]},"id":"+101680-170749_0","properties":{"count":2,"label":1,"Flood_Risk_Index":0.8512800529292606}},{"type":"Feature","geometry":{"geodesic":false,"type":"Point","coordinates":[27.40261366865974,46.021725068019826]},"id":"+101684-170770_0","properties":{"count":11,"label":1,"Flood_Risk_Index":0.8565430020757816}},{"type":"Feature","geometry":{"geodesic":false,"type":"Point","coordinates":[27.404230636171157,46.00986730626945]},"id":"+101685-170723_0","properties":{"count":33,"label":1,"Flood_Risk_Index":0.8739364041463636}},{"type":"Feature","geometry":{"geodesic":false,"type":"Point","coordinates":[27.403422152415448,46.048405031958175]},"id":"+101685-170869_0","properties":{"count":9,"label":1,"Flood_Risk_Index":0.8812259849618619}},{"type":"Feature","geometry":{"geodesic":false,"type":"Point","coordinates":[27.40503911992686,46.02091658426412]},"id":"+101691-170767_0","properties":{"count":9,"label":1,"Flood_Risk_Index":0.8701424742435235}},{"type":"Feature","geometry":{"geodesic":false,"type":"Point","coordinates":[27.40503911992686,46.066730663754214]},"id":"+101691-170937_0","properties":{"count":9,"label":1,"Flood_Risk_Index":0.8674988356245117}},{"type":"Feature","geometry":{"geodesic":false,"type":"Point","coordinates":[27.40773406577922,46.0823613496979]},"id":"+101702-170995_0","properties":{"count":20,"label":1,"Flood_Risk_Index":0.855665543420085}},{"type":"Feature","geometry":{"geodesic":false,"type":"Point","coordinates":[27.408273054949692,46.00070449037143]},"id":"+101703-170692_0","properties":{"count":12,"label":1,"Flood_Risk_Index":0.8594310517913454}},{"type":"Feature","geometry":{"geodesic":false,"type":"Point","coordinates":[27.409620527875873,46.08397831720931]},"id":"+101706-170999_0","properties":{"count":18,"label":1,"Flood_Risk_Index":0.8676285435714581}},{"type":"Feature","geometry":{"geodesic":false,"type":"Point","coordinates":[27.411506989972523,45.68000593394076]},"id":"+101714-169502_0","properties":{"count":3,"label":1,"Flood_Risk_Index":0.8845377930403706}},{"type":"Feature","geometry":{"geodesic":false,"type":"Point","coordinates":[27.411506989972523,46.08667326306167]},"id":"+101714-171011_0","properties":{"count":3,"label":1,"Flood_Risk_Index":0.8512322092405777}},{"type":"Feature","geometry":{"geodesic":false,"type":"Point","coordinates":[27.413393452069172,45.67892795559982]},"id":"+101722-169499_0","properties":{"count":3,"label":1,"Flood_Risk_Index":0.8798470085570685}},{"type":"Feature","geometry":{"geodesic":false,"type":"Point","coordinates":[27.414740924995353,45.678388966429345]},"id":"+101726-169496_0","properties":{"count":5,"label":1,"Flood_Risk_Index":0.8777633786313184}},{"type":"Feature","geometry":{"geodesic":false,"type":"Point","coordinates":[27.42228677338196,45.67030412887227]},"id":"+101756-169465_0","properties":{"count":17,"label":1,"Flood_Risk_Index":0.8816457363643815}},{"type":"Feature","geometry":{"geodesic":false,"type":"Point","coordinates":[27.42417323547861,45.66922615053133]},"id":"+101762-169462_0","properties":{"count":9,"label":1,"Flood_Risk_Index":0.875667823893501}},{"type":"Feature","geometry":{"geodesic":false,"type":"Point","coordinates":[27.428754643427617,46.00744185500233]},"id":"+101778-170717_0","properties":{"count":4,"label":1,"Flood_Risk_Index":0.8553616025975912}},{"type":"Feature","geometry":{"geodesic":false,"type":"Point","coordinates":[27.43064110552427,46.00636387666138]},"id":"+101787-170714_0","properties":{"count":8,"label":1,"Flood_Risk_Index":0.8695639167095719}},{"type":"Feature","geometry":{"geodesic":false,"type":"Point","coordinates":[27.43064110552427,46.000973984956666]},"id":"+101790-170691_0","properties":{"count":24,"label":1,"Flood_Risk_Index":0.8728129590472807}},{"type":"Feature","geometry":{"geodesic":false,"type":"Point","coordinates":[27.431449589279975,46.041937161912514]},"id":"+101790-170844_0","properties":{"count":17,"label":1,"Flood_Risk_Index":0.8541565709337444}},{"type":"Feature","geometry":{"geodesic":false,"type":"Point","coordinates":[27.43252756762092,46.00582488749091]},"id":"+101793-170711_0","properties":{"count":9,"label":1,"Flood_Risk_Index":0.8700035131446159}},{"type":"Feature","geometry":{"geodesic":false,"type":"Point","coordinates":[27.43252756762092,46.040050699815865]},"id":"+101793-170838_0","properties":{"count":9,"label":1,"Flood_Risk_Index":0.8913023681971312}},{"type":"Feature","geometry":{"geodesic":false,"type":"Point","coordinates":[27.433336051376628,46.01660467090035]},"id":"+101796-170751_0","properties":{"count":8,"label":1,"Flood_Risk_Index":0.853381923190483}},{"type":"Feature","geometry":{"geodesic":false,"type":"Point","coordinates":[27.43576150264375,45.678388966429345]},"id":"+101805-169496_0","properties":{"count":10,"label":1,"Flood_Risk_Index":0.8610783695688142}},{"type":"Feature","geometry":{"geodesic":false,"type":"Point","coordinates":[27.434683524302805,46.03708625937827]},"id":"+101805-170822_0","properties":{"count":37,"label":1,"Flood_Risk_Index":0.7064893570147913}},{"type":"Feature","geometry":{"geodesic":false,"type":"Point","coordinates":[27.43656998639946,46.01903012216747]},"id":"+101808-170760_0","properties":{"count":9,"label":1,"Flood_Risk_Index":0.8603665879810577}},{"type":"Feature","geometry":{"geodesic":false,"type":"Point","coordinates":[27.43656998639946,46.034391313525916]},"id":"+101808-170816_0","properties":{"count":11,"label":1,"Flood_Risk_Index":0.8472947448661099}},{"type":"Feature","geometry":{"geodesic":false,"type":"Point","coordinates":[27.439264932251817,46.00663337124662]},"id":"+101818-170714_0","properties":{"count":9,"label":1,"Flood_Risk_Index":0.8540175492329655}},{"type":"Feature","geometry":{"geodesic":false,"type":"Point","coordinates":[27.438456448496108,46.03088788391785]},"id":"+101820-170798_0","properties":{"count":36,"label":1,"Flood_Risk_Index":0.8516379211970208}},{"type":"Feature","geometry":{"geodesic":false,"type":"Point","coordinates":[27.440073416007525,46.12574997792087]},"id":"+101821-171156_0","properties":{"count":9,"label":1,"Flood_Risk_Index":0.8520713248221254}},{"type":"Feature","geometry":{"geodesic":false,"type":"Point","coordinates":[27.44169038351894,45.67919745018506]},"id":"+101826-169499_0","properties":{"count":6,"label":1,"Flood_Risk_Index":0.850437726488106}},{"type":"Feature","geometry":{"geodesic":false,"type":"Point","coordinates":[27.44627179146795,46.03034889474738]},"id":"+101830-170791_0","properties":{"count":201,"label":1,"Flood_Risk_Index":0.8393488980728804}},{"type":"Feature","geometry":{"geodesic":false,"type":"Point","coordinates":[27.443307351030356,46.099878497738224]},"id":"+101833-171060_0","properties":{"count":9,"label":1,"Flood_Risk_Index":0.8601885756547026}},{"type":"Feature","geometry":{"geodesic":false,"type":"Point","coordinates":[27.44357684561559,46.008789327928504]},"id":"+101834-170721_0","properties":{"count":14,"label":1,"Flood_Risk_Index":0.850332438473803}},{"type":"Feature","geometry":{"geodesic":false,"type":"Point","coordinates":[27.44411583478606,46.01471820880369]},"id":"+101836-170742_0","properties":{"count":18,"label":1,"Flood_Risk_Index":0.8613385707190547}},{"type":"Feature","geometry":{"geodesic":false,"type":"Point","coordinates":[27.444385329371297,46.02468950845742]},"id":"+101836-170782_0","properties":{"count":4,"label":1,"Flood_Risk_Index":0.850333264211817}},{"type":"Feature","geometry":{"geodesic":false,"type":"Point","coordinates":[27.445193813127005,45.67515503140652]},"id":"+101839-169484_0","properties":{"count":3,"label":1,"Flood_Risk_Index":0.8843113106608819}},{"type":"Feature","geometry":{"geodesic":false,"type":"Point","coordinates":[27.44492431854177,46.07454600672605]},"id":"+101839-170966_0","properties":{"count":5,"label":1,"Flood_Risk_Index":0.8543455073679542}},{"type":"Feature","geometry":{"geodesic":false,"type":"Point","coordinates":[27.445732802297478,46.025767486798365]},"id":"+101842-170785_0","properties":{"count":9,"label":1,"Flood_Risk_Index":0.8876746083609927}},{"type":"Feature","geometry":{"geodesic":false,"type":"Point","coordinates":[27.445732802297478,46.027653948895015]},"id":"+101842-170791_0","properties":{"count":13,"label":1,"Flood_Risk_Index":0.8586600551395234}},{"type":"Feature","geometry":{"geodesic":false,"type":"Point","coordinates":[27.446002296882714,46.0575678478562]},"id":"+101842-170904_0","properties":{"count":4,"label":1,"Flood_Risk_Index":0.8549792251319462}},{"type":"Feature","geometry":{"geodesic":false,"type":"Point","coordinates":[27.44492431854177,46.11739564577856]},"id":"+101842-171125_0","properties":{"count":27,"label":1,"Flood_Risk_Index":0.8545676938854128}},{"type":"Feature","geometry":{"geodesic":false,"type":"Point","coordinates":[27.44546330771224,46.12413301040945]},"id":"+101842-171150_0","properties":{"count":18,"label":1,"Flood_Risk_Index":0.9043205551822233}},{"type":"Feature","geometry":{"geodesic":false,"type":"Point","coordinates":[27.44681078063842,46.05109997781054]},"id":"+101846-170880_0","properties":{"count":4,"label":1,"Flood_Risk_Index":0.865870363543743}},{"type":"Feature","geometry":{"geodesic":false,"type":"Point","coordinates":[27.441151394348466,46.01229275753657]},"id":"+101849-170691_0","properties":{"count":1585,"label":1,"Flood_Risk_Index":0.864614832908445}},{"type":"Feature","geometry":{"geodesic":false,"type":"Point","coordinates":[27.447619264394127,46.03924221606016]},"id":"+101849-170835_0","properties":{"count":9,"label":1,"Flood_Risk_Index":0.8519116890491198}},{"type":"Feature","geometry":{"geodesic":false,"type":"Point","coordinates":[27.446541286053183,46.09772254105634]},"id":"+101849-171048_0","properties":{"count":36,"label":1,"Flood_Risk_Index":0.8540107197751522}},{"type":"Feature","geometry":{"geodesic":false,"type":"Point","coordinates":[27.447619264394127,46.12332452665375]},"id":"+101849-171147_0","properties":{"count":9,"label":1,"Flood_Risk_Index":0.881117704834763}},{"type":"Feature","geometry":{"geodesic":false,"type":"Point","coordinates":[27.448427748149836,46.050291494054825]},"id":"+101852-170876_0","properties":{"count":6,"label":1,"Flood_Risk_Index":0.8607788268657389}},{"type":"Feature","geometry":{"geodesic":false,"type":"Point","coordinates":[27.448427748149836,46.05541189117431]},"id":"+101852-170896_0","properties":{"count":3,"label":1,"Flood_Risk_Index":0.8769218493112814}},{"type":"Feature","geometry":{"geodesic":false,"type":"Point","coordinates":[27.4481582535646,46.11739564577856]},"id":"+101852-171125_0","properties":{"count":18,"label":1,"Flood_Risk_Index":0.8543975196750011}},{"type":"Feature","geometry":{"geodesic":false,"type":"Point","coordinates":[27.4481582535646,45.67326856930987]},"id":"+101856-169471_0","properties":{"count":38,"label":1,"Flood_Risk_Index":0.8891167212721068}},{"type":"Feature","geometry":{"geodesic":false,"type":"Point","coordinates":[27.449775221076013,46.02738445430978]},"id":"+101856-170791_0","properties":{"count":3,"label":1,"Flood_Risk_Index":0.8512678702269225}},{"type":"Feature","geometry":{"geodesic":false,"type":"Point","coordinates":[27.449775221076013,46.0365472702078]},"id":"+101856-170825_0","properties":{"count":2,"label":1,"Flood_Risk_Index":0.8503869404948087}},{"type":"Feature","geometry":{"geodesic":false,"type":"Point","coordinates":[27.449505726490777,46.1222465483128]},"id":"+101856-171141_0","properties":{"count":12,"label":1,"Flood_Risk_Index":0.9108227600524076}},{"type":"Feature","geometry":{"geodesic":false,"type":"Point","coordinates":[27.45004471566125,45.94815304625044]},"id":"+101857-170498_0","properties":{"count":1,"label":1,"Flood_Risk_Index":0.851622439861449}},{"type":"Feature","geometry":{"geodesic":false,"type":"Point","coordinates":[27.450314210246486,45.922281566067795]},"id":"+101858-170402_0","properties":{"count":1,"label":1,"Flood_Risk_Index":0.855017797367824}},{"type":"Feature","geometry":{"geodesic":false,"type":"Point","coordinates":[27.450314210246486,45.94195467079001]},"id":"+101858-170475_0","properties":{"count":2,"label":1,"Flood_Risk_Index":0.9057634180438321}},{"type":"Feature","geometry":{"geodesic":false,"type":"Point","coordinates":[27.450583704831722,45.92012560938591]},"id":"+101861-170392_0","properties":{"count":20,"label":1,"Flood_Risk_Index":0.8597185646675439}},{"type":"Feature","geometry":{"geodesic":false,"type":"Point","coordinates":[27.450853199416958,45.92497651192016]},"id":"+101861-170411_0","properties":{"count":9,"label":1,"Flood_Risk_Index":0.8665644486117347}},{"type":"Feature","geometry":{"geodesic":false,"type":"Point","coordinates":[27.45004471566125,46.09502759520398]},"id":"+101861-171039_0","properties":{"count":27,"label":1,"Flood_Risk_Index":0.8598161437137604}},{"type":"Feature","geometry":{"geodesic":false,"type":"Point","coordinates":[27.450853199416958,45.91716116894832]},"id":"+101864-170378_0","properties":{"count":60,"label":1,"Flood_Risk_Index":0.8938426005498262}},{"type":"Feature","geometry":{"geodesic":false,"type":"Point","coordinates":[27.453548145269316,45.91743066353355]},"id":"+101870-170380_0","properties":{"count":30,"label":1,"Flood_Risk_Index":0.8480003280666477}},{"type":"Feature","geometry":{"geodesic":false,"type":"Point","coordinates":[27.451122694002194,46.05217795615148]},"id":"+101870-170876_0","properties":{"count":53,"label":1,"Flood_Risk_Index":0.8745450209103116}},{"type":"Feature","geometry":{"geodesic":false,"type":"Point","coordinates":[27.452739661513608,45.92767145777251]},"id":"+101873-170392_0","properties":{"count":408,"label":1,"Flood_Risk_Index":0.860171646211102}},{"type":"Feature","geometry":{"geodesic":false,"type":"Point","coordinates":[27.45327865068408,46.09287163852209]},"id":"+101873-171033_0","properties":{"count":25,"label":1,"Flood_Risk_Index":0.85498294558914}},{"type":"Feature","geometry":{"geodesic":false,"type":"Point","coordinates":[27.455973596536438,46.05379492366289]},"id":"+101876-170884_0","properties":{"count":81,"label":1,"Flood_Risk_Index":0.8503252563222389}},{"type":"Feature","geometry":{"geodesic":false,"type":"Point","coordinates":[27.454895618195497,46.07158156628846]},"id":"+101876-170955_0","properties":{"count":9,"label":1,"Flood_Risk_Index":0.8767659554083458}},{"type":"Feature","geometry":{"geodesic":false,"type":"Point","coordinates":[27.455165112780733,46.114161710755724]},"id":"+101876-171114_0","properties":{"count":2,"label":1,"Flood_Risk_Index":0.8533009429254159}},{"type":"Feature","geometry":{"geodesic":false,"type":"Point","coordinates":[27.454895618195497,46.12009059163091]},"id":"+101876-171135_0","properties":{"count":9,"label":1,"Flood_Risk_Index":0.8603098516524535}},{"type":"Feature","geometry":{"geodesic":false,"type":"Point","coordinates":[27.455165112780733,45.91877813645973]},"id":"+101877-170388_0","properties":{"count":4,"label":1,"Flood_Risk_Index":0.9373596822582421}},{"type":"Feature","geometry":{"geodesic":false,"type":"Point","coordinates":[27.455973596536438,45.91743066353355]},"id":"+101880-170383_0","properties":{"count":12,"label":1,"Flood_Risk_Index":0.8576783988089521}},{"type":"Feature","geometry":{"geodesic":false,"type":"Point","coordinates":[27.455704101951202,45.9155442014369]},"id":"+101882-170375_0","properties":{"count":25,"label":1,"Flood_Risk_Index":0.936156956792317}},{"type":"Feature","geometry":{"geodesic":false,"type":"Point","coordinates":[27.456243091121674,46.09125467101068]},"id":"+101883-171026_0","properties":{"count":25,"label":1,"Flood_Risk_Index":0.8645989400166721}},{"type":"Feature","geometry":{"geodesic":false,"type":"Point","coordinates":[27.458938036974033,46.11928210787521]},"id":"+101892-171132_0","properties":{"count":18,"label":1,"Flood_Risk_Index":0.86676019708087}},{"type":"Feature","geometry":{"geodesic":false,"type":"Point","coordinates":[27.45920753155927,46.08909871432879]},"id":"+101895-171017_0","properties":{"count":27,"label":1,"Flood_Risk_Index":0.8910925150102174}},{"type":"Feature","geometry":{"geodesic":false,"type":"Point","coordinates":[27.459477026144505,46.112544743244314]},"id":"+101895-171107_0","properties":{"count":16,"label":1,"Flood_Risk_Index":0.85096927329145}},{"type":"Feature","geometry":{"geodesic":false,"type":"Point","coordinates":[27.46055500448545,45.64766658371246]},"id":"+101896-169383_0","properties":{"count":1,"label":1,"Flood_Risk_Index":0.8700853532049073}},{"type":"Feature","geometry":{"geodesic":false,"type":"Point","coordinates":[27.461093993655922,45.647127594541985]},"id":"+101898-169381_0","properties":{"count":1,"label":1,"Flood_Risk_Index":0.8700853532049073}},{"type":"Feature","geometry":{"geodesic":false,"type":"Point","coordinates":[27.46163298282639,46.087481746817375]},"id":"+101901-171014_0","properties":{"count":9,"label":1,"Flood_Risk_Index":0.8558371822628976}},{"type":"Feature","geometry":{"geodesic":false,"type":"Point","coordinates":[27.462710961167335,45.90018301007846]},"id":"+101904-170320_0","properties":{"count":1,"label":1,"Flood_Risk_Index":0.916042138582943}},{"type":"Feature","geometry":{"geodesic":false,"type":"Point","coordinates":[27.46378893950828,46.119012613289975]},"id":"+101914-171113_0","properties":{"count":180,"label":1,"Flood_Risk_Index":0.8000971787478321}},{"type":"Feature","geometry":{"geodesic":false,"type":"Point","coordinates":[27.465136412434457,46.124671999579924]},"id":"+101915-171147_0","properties":{"count":58,"label":1,"Flood_Risk_Index":0.9228190977216709}},{"type":"Feature","geometry":{"geodesic":false,"type":"Point","coordinates":[27.465405907019694,45.641468208252036]},"id":"+101917-169350_0","properties":{"count":66,"label":1,"Flood_Risk_Index":0.8736947021863821}},{"type":"Feature","geometry":{"geodesic":false,"type":"Point","coordinates":[27.466753379945875,45.90018301007846]},"id":"+101920-170320_0","properties":{"count":3,"label":1,"Flood_Risk_Index":0.8648016376168338}},{"type":"Feature","geometry":{"geodesic":false,"type":"Point","coordinates":[27.466214390775402,45.911771277243595]},"id":"+101920-170358_0","properties":{"count":58,"label":1,"Flood_Risk_Index":0.8575231298070247}},{"type":"Feature","geometry":{"geodesic":false,"type":"Point","coordinates":[27.466753379945875,45.939259724937656]},"id":"+101920-170464_0","properties":{"count":9,"label":1,"Flood_Risk_Index":0.8611261876179144}},{"type":"Feature","geometry":{"geodesic":false,"type":"Point","coordinates":[27.467831358286816,46.106615862369125]},"id":"+101924-171085_0","properties":{"count":14,"label":1,"Flood_Risk_Index":0.8611102808385431}},{"type":"Feature","geometry":{"geodesic":false,"type":"Point","coordinates":[27.468639842042524,45.91796965270402]},"id":"+101926-170386_0","properties":{"count":1,"label":1,"Flood_Risk_Index":0.8835403241258244}},{"type":"Feature","geometry":{"geodesic":false,"type":"Point","coordinates":[27.469178831212997,46.10580737861341]},"id":"+101928-171082_0","properties":{"count":7,"label":1,"Flood_Risk_Index":0.8808488520872307}},{"type":"Feature","geometry":{"geodesic":false,"type":"Point","coordinates":[27.469178831212997,45.91877813645973]},"id":"+101929-170389_0","properties":{"count":5,"label":1,"Flood_Risk_Index":0.8819782325273321}},{"type":"Feature","geometry":{"geodesic":false,"type":"Point","coordinates":[27.469987314968705,46.073198533799875]},"id":"+101932-170961_0","properties":{"count":12,"label":1,"Flood_Risk_Index":0.8551714355233798}},{"type":"Feature","geometry":{"geodesic":false,"type":"Point","coordinates":[27.471065293309646,45.92147308231209]},"id":"+101935-170399_0","properties":{"count":1,"label":1,"Flood_Risk_Index":0.8858617703488199}},{"type":"Feature","geometry":{"geodesic":false,"type":"Point","coordinates":[27.47079579872441,46.06834763126563]},"id":"+101935-170943_0","properties":{"count":9,"label":1,"Flood_Risk_Index":0.8549306419209853}},{"type":"Feature","geometry":{"geodesic":false,"type":"Point","coordinates":[27.470526304139177,46.10499889485771]},"id":"+101935-171079_0","properties":{"count":15,"label":1,"Flood_Risk_Index":0.8555437977406487}},{"type":"Feature","geometry":{"geodesic":false,"type":"Point","coordinates":[27.471334787894882,45.63715629488826]},"id":"+101936-169344_0","properties":{"count":1,"label":1,"Flood_Risk_Index":0.8644545360733003}},{"type":"Feature","geometry":{"geodesic":false,"type":"Point","coordinates":[27.471873777065355,45.6374257894735]},"id":"+101938-169344_0","properties":{"count":3,"label":1,"Flood_Risk_Index":0.8644545360733003}},{"type":"Feature","geometry":{"geodesic":false,"type":"Point","coordinates":[27.474299228332477,45.932522360306756]},"id":"+101938-170403_0","properties":{"count":1486,"label":1,"Flood_Risk_Index":0.8042483478652255}},{"type":"Feature","geometry":{"geodesic":false,"type":"Point","coordinates":[27.470526304139177,46.075354490481764]},"id":"+101938-170965_0","properties":{"count":45,"label":1,"Flood_Risk_Index":0.8623121602411797}},{"type":"Feature","geometry":{"geodesic":false,"type":"Point","coordinates":[27.473760239162004,46.10958030280672]},"id":"+101948-171094_0","properties":{"count":25,"label":1,"Flood_Risk_Index":0.8515546350349372}},{"type":"Feature","geometry":{"geodesic":false,"type":"Point","coordinates":[27.474568722917713,46.071312071703225]},"id":"+101950-170952_0","properties":{"count":18,"label":1,"Flood_Risk_Index":0.8562792134159449}},{"type":"Feature","geometry":{"geodesic":false,"type":"Point","coordinates":[27.475916195843894,45.6382342732292]},"id":"+101953-169347_0","properties":{"count":6,"label":1,"Flood_Risk_Index":0.8726979476580355}},{"type":"Feature","geometry":{"geodesic":false,"type":"Point","coordinates":[27.47726366877007,45.94168517620478]},"id":"+101957-170470_0","properties":{"count":28,"label":1,"Flood_Risk_Index":0.9274638688939856}},{"type":"Feature","geometry":{"geodesic":false,"type":"Point","coordinates":[27.47618569042913,46.050560988640065]},"id":"+101957-170876_0","properties":{"count":15,"label":1,"Flood_Risk_Index":0.8517176795905761}},{"type":"Feature","geometry":{"geodesic":false,"type":"Point","coordinates":[27.478341647111016,45.639312251570146]},"id":"+101962-169350_0","properties":{"count":11,"label":1,"Flood_Risk_Index":0.8749314104015385}},{"type":"Feature","geometry":{"geodesic":false,"type":"Point","coordinates":[27.477802657940543,45.94869203542091]},"id":"+101963-170495_0","properties":{"count":68,"label":1,"Flood_Risk_Index":0.797040052151929}},{"type":"Feature","geometry":{"geodesic":false,"type":"Point","coordinates":[27.478611141696252,46.0688866204361]},"id":"+101963-170946_0","properties":{"count":1,"label":1,"Flood_Risk_Index":0.8709123164945924}},{"type":"Feature","geometry":{"geodesic":false,"type":"Point","coordinates":[27.47995861462243,45.64012073532585]},"id":"+101969-169354_0","properties":{"count":6,"label":1,"Flood_Risk_Index":0.8724073145851596}},{"type":"Feature","geometry":{"geodesic":false,"type":"Point","coordinates":[27.481845076719082,46.05810683702667]},"id":"+101975-170906_0","properties":{"count":2,"label":1,"Flood_Risk_Index":0.8706398263988839}},{"type":"Feature","geometry":{"geodesic":false,"type":"Point","coordinates":[27.482384065889555,45.640659724496324]},"id":"+101978-169357_0","properties":{"count":3,"label":1,"Flood_Risk_Index":0.8731589720961905}},{"type":"Feature","geometry":{"geodesic":false,"type":"Point","coordinates":[27.482653560474787,46.058915320782376]},"id":"+101978-170905_0","properties":{"count":12,"label":1,"Flood_Risk_Index":0.8504435963548961}},{"type":"Feature","geometry":{"geodesic":false,"type":"Point","coordinates":[27.480228109207665,45.94357163830143]},"id":"+101982-170467_0","properties":{"count":244,"label":1,"Flood_Risk_Index":0.7575406986175424}},{"type":"Feature","geometry":{"geodesic":false,"type":"Point","coordinates":[27.486965473838563,46.11011929197719]},"id":"+101994-171098_0","properties":{"count":2,"label":1,"Flood_Risk_Index":0.8750959001937816}},{"type":"Feature","geometry":{"geodesic":false,"type":"Point","coordinates":[27.4872349684238,46.05541189117431]},"id":"+101995-170896_0","properties":{"count":1,"label":1,"Flood_Risk_Index":0.8504063458222424}},{"type":"Feature","geometry":{"geodesic":false,"type":"Point","coordinates":[27.488312946764744,45.62987994108689]},"id":"+102000-169316_0","properties":{"count":7,"label":1,"Flood_Risk_Index":0.8728481766106655}},{"type":"Feature","geometry":{"geodesic":false,"type":"Point","coordinates":[27.488312946764744,46.11577867826714]},"id":"+102000-171119_0","properties":{"count":9,"label":1,"Flood_Risk_Index":0.8697741280526626}},{"type":"Feature","geometry":{"geodesic":false,"type":"Point","coordinates":[27.488851935935212,45.641198713666796]},"id":"+102001-169359_0","properties":{"count":2,"label":1,"Flood_Risk_Index":0.8509569060777219}},{"type":"Feature","geometry":{"geodesic":false,"type":"Point","coordinates":[27.489390925105685,45.63203589776878]},"id":"+102003-169323_0","properties":{"count":14,"label":1,"Flood_Risk_Index":0.8642232014936845}},{"type":"Feature","geometry":{"geodesic":false,"type":"Point","coordinates":[27.491277387202338,46.07858842550459]},"id":"+102003-170876_0","properties":{"count":19492,"label":1,"Flood_Risk_Index":0.8762011578077313}},{"type":"Feature","geometry":{"geodesic":false,"type":"Point","coordinates":[27.48966041969092,45.91500521226643]},"id":"+102006-170374_0","properties":{"count":18,"label":1,"Flood_Risk_Index":0.8551660330285374}},{"type":"Feature","geometry":{"geodesic":false,"type":"Point","coordinates":[27.490738398031866,45.63419185445066]},"id":"+102009-169332_0","properties":{"count":7,"label":1,"Flood_Risk_Index":0.8736718388584511}},{"type":"Feature","geometry":{"geodesic":false,"type":"Point","coordinates":[27.490738398031866,45.91689167436308]},"id":"+102009-170382_0","properties":{"count":3,"label":1,"Flood_Risk_Index":0.8528663377290697}},{"type":"Feature","geometry":{"geodesic":false,"type":"Point","coordinates":[27.493972333054696,45.934947811573885]},"id":"+102009-170445_0","properties":{"count":84,"label":1,"Flood_Risk_Index":0.8962168325867812}},{"type":"Feature","geometry":{"geodesic":false,"type":"Point","coordinates":[27.491546881787574,45.6374257894735]},"id":"+102012-169344_0","properties":{"count":7,"label":1,"Flood_Risk_Index":0.8724055879864474}},{"type":"Feature","geometry":{"geodesic":false,"type":"Point","coordinates":[27.4910078926171,45.91311875016978]},"id":"+102012-170367_0","properties":{"count":12,"label":1,"Flood_Risk_Index":0.8693712246399274}},{"type":"Feature","geometry":{"geodesic":false,"type":"Point","coordinates":[27.49289435471375,45.93117488738058]},"id":"+102016-170435_0","properties":{"count":1,"label":1,"Flood_Risk_Index":0.8591832772252703}},{"type":"Feature","geometry":{"geodesic":false,"type":"Point","coordinates":[27.493433343884224,45.91069329890266]},"id":"+102019-170358_0","properties":{"count":12,"label":1,"Flood_Risk_Index":0.8523302924965549}},{"type":"Feature","geometry":{"geodesic":false,"type":"Point","coordinates":[27.49370283846946,45.92928842528393]},"id":"+102019-170427_0","properties":{"count":3,"label":1,"Flood_Risk_Index":0.8672620890759595}},{"type":"Feature","geometry":{"geodesic":false,"type":"Point","coordinates":[27.495858795151346,45.9260544902611]},"id":"+102028-170415_0","properties":{"count":4,"label":1,"Flood_Risk_Index":0.859999336773384}},{"type":"Feature","geometry":{"geodesic":false,"type":"Point","coordinates":[27.493972333054696,46.07077308253275]},"id":"+102028-170943_0","properties":{"count":66,"label":1,"Flood_Risk_Index":0.7754200640967049}},{"type":"Feature","geometry":{"geodesic":false,"type":"Point","coordinates":[27.495858795151346,46.07670196340794]},"id":"+102028-170974_0","properties":{"count":9,"label":1,"Flood_Risk_Index":0.8612153507990522}},{"type":"Feature","geometry":{"geodesic":false,"type":"Point","coordinates":[27.497475762662763,45.93845124118195]},"id":"+102033-170459_0","properties":{"count":18,"label":1,"Flood_Risk_Index":0.9517083642516246}},{"type":"Feature","geometry":{"geodesic":false,"type":"Point","coordinates":[27.49693677349229,45.92362903899397]},"id":"+102034-170402_0","properties":{"count":36,"label":1,"Flood_Risk_Index":0.8688668289418551}},{"type":"Feature","geometry":{"geodesic":false,"type":"Point","coordinates":[27.498284246418468,45.60751189051231]},"id":"+102037-169233_0","properties":{"count":9,"label":1,"Flood_Risk_Index":0.8647957656381953}},{"type":"Feature","geometry":{"geodesic":false,"type":"Point","coordinates":[27.498284246418468,45.628262973575474]},"id":"+102037-169310_0","properties":{"count":9,"label":1,"Flood_Risk_Index":0.8746853926428169}},{"type":"Feature","geometry":{"geodesic":false,"type":"Point","coordinates":[27.49882323558894,45.93629528450006]},"id":"+102039-170454_0","properties":{"count":3,"label":1,"Flood_Risk_Index":0.8663413339120943}},{"type":"Feature","geometry":{"geodesic":false,"type":"Point","coordinates":[27.499901213929885,45.94087669244907]},"id":"+102042-170471_0","properties":{"count":4,"label":1,"Flood_Risk_Index":0.9514178177527218}},{"type":"Feature","geometry":{"geodesic":false,"type":"Point","coordinates":[27.510680997339318,46.00447741456473]},"id":"+102043-170615_0","properties":{"count":1917,"label":1,"Flood_Risk_Index":0.835954238034221}},{"type":"Feature","geometry":{"geodesic":false,"type":"Point","coordinates":[27.50017070851512,46.00339943622379]},"id":"+102043-170702_0","properties":{"count":3,"label":1,"Flood_Risk_Index":0.8617213404434974}},{"type":"Feature","geometry":{"geodesic":false,"type":"Point","coordinates":[27.50017070851512,46.021186078849354]},"id":"+102043-170768_0","properties":{"count":2,"label":1,"Flood_Risk_Index":0.8533938191102126}},{"type":"Feature","geometry":{"geodesic":false,"type":"Point","coordinates":[27.500440203100357,45.94249365996048]},"id":"+102044-170476_0","properties":{"count":3,"label":1,"Flood_Risk_Index":0.9277039672838052}},{"type":"Feature","geometry":{"geodesic":false,"type":"Point","coordinates":[27.500979192270826,45.82418553704194]},"id":"+102047-170037_0","properties":{"count":12,"label":1,"Flood_Risk_Index":0.8551957629821325}},{"type":"Feature","geometry":{"geodesic":false,"type":"Point","coordinates":[27.500979192270826,46.038164237719215]},"id":"+102047-170832_0","properties":{"count":4,"label":1,"Flood_Risk_Index":0.8504135917323493}},{"type":"Feature","geometry":{"geodesic":false,"type":"Point","coordinates":[27.50286565436748,45.81529221572916]},"id":"+102050-170001_0","properties":{"count":28,"label":1,"Flood_Risk_Index":0.8567213978282071}},{"type":"Feature","geometry":{"geodesic":false,"type":"Point","coordinates":[27.500979192270826,45.95677687297798]},"id":"+102050-170525_0","properties":{"count":30,"label":1,"Flood_Risk_Index":0.909257675242607}},{"type":"Feature","geometry":{"geodesic":false,"type":"Point","coordinates":[27.501787676026535,46.02010810050841]},"id":"+102050-170764_0","properties":{"count":9,"label":1,"Flood_Risk_Index":0.8659399179592432}},{"type":"Feature","geometry":{"geodesic":false,"type":"Point","coordinates":[27.501787676026535,46.0432846348387]},"id":"+102050-170850_0","properties":{"count":9,"label":1,"Flood_Risk_Index":0.8574871485787178}},{"type":"Feature","geometry":{"geodesic":false,"type":"Point","coordinates":[27.518226845725923,45.96863463472837]},"id":"+102053-170493_0","properties":{"count":1243,"label":1,"Flood_Risk_Index":0.7872735584532399}},{"type":"Feature","geometry":{"geodesic":false,"type":"Point","coordinates":[27.501248686856062,46.00070449037143]},"id":"+102053-170691_0","properties":{"count":35,"label":1,"Flood_Risk_Index":0.8756340239640382}},{"type":"Feature","geometry":{"geodesic":false,"type":"Point","coordinates":[27.504213127293657,46.00339943622379]},"id":"+102059-170702_0","properties":{"count":9,"label":1,"Flood_Risk_Index":0.8546119458207493}},{"type":"Feature","geometry":{"geodesic":false,"type":"Point","coordinates":[27.50394363270842,46.01903012216747]},"id":"+102059-170760_0","properties":{"count":24,"label":1,"Flood_Risk_Index":0.8815981774892923}},{"type":"Feature","geometry":{"geodesic":false,"type":"Point","coordinates":[27.500709697685593,46.04813553737294]},"id":"+102059-170850_0","properties":{"count":124,"label":1,"Flood_Risk_Index":0.891661898286159}},{"type":"Feature","geometry":{"geodesic":false,"type":"Point","coordinates":[27.50475211646413,45.60993734177944]},"id":"+102060-169242_0","properties":{"count":5,"label":1,"Flood_Risk_Index":0.8640046766569741}},{"type":"Feature","geometry":{"geodesic":false,"type":"Point","coordinates":[27.50475211646413,45.819065139922465]},"id":"+102060-170018_0","properties":{"count":3,"label":1,"Flood_Risk_Index":0.8550991899964344}},{"type":"Feature","geometry":{"geodesic":false,"type":"Point","coordinates":[27.505021611049365,45.608050879682786]},"id":"+102062-169236_0","properties":{"count":6,"label":1,"Flood_Risk_Index":0.8592855759629113}},{"type":"Feature","geometry":{"geodesic":false,"type":"Point","coordinates":[27.505021611049365,46.00663337124662]},"id":"+102062-170714_0","properties":{"count":9,"label":1,"Flood_Risk_Index":0.8581327696069362}},{"type":"Feature","geometry":{"geodesic":false,"type":"Point","coordinates":[27.504213127293657,46.02334203553124]},"id":"+102062-170776_0","properties":{"count":27,"label":1,"Flood_Risk_Index":0.8559550319405825}},{"type":"Feature","geometry":{"geodesic":false,"type":"Point","coordinates":[27.505560600219837,45.82122109660435]},"id":"+102063-170026_0","properties":{"count":2,"label":1,"Flood_Risk_Index":0.8570445120741661}},{"type":"Feature","geometry":{"geodesic":false,"type":"Point","coordinates":[27.505830094805074,46.01606568172988]},"id":"+102065-170748_0","properties":{"count":18,"label":1,"Flood_Risk_Index":0.8613119880058405}},{"type":"Feature","geometry":{"geodesic":false,"type":"Point","coordinates":[27.505560600219837,46.06403571790186]},"id":"+102065-170924_0","properties":{"count":33,"label":1,"Flood_Risk_Index":0.8554874859654964}},{"type":"Feature","geometry":{"geodesic":false,"type":"Point","coordinates":[27.506369083975546,45.817178677825815]},"id":"+102067-170012_0","properties":{"count":4,"label":1,"Flood_Risk_Index":0.8523696852058735}},{"type":"Feature","geometry":{"geodesic":false,"type":"Point","coordinates":[27.506908073146015,45.822838064115764]},"id":"+102068-170030_0","properties":{"count":20,"label":1,"Flood_Risk_Index":0.8589791192890961}},{"type":"Feature","geometry":{"geodesic":false,"type":"Point","coordinates":[27.506638578560782,45.83415683669567]},"id":"+102068-170074_0","properties":{"count":7,"label":1,"Flood_Risk_Index":0.8524870902302657}},{"type":"Feature","geometry":{"geodesic":false,"type":"Point","coordinates":[27.506638578560782,46.0042079199795]},"id":"+102068-170705_0","properties":{"count":9,"label":1,"Flood_Risk_Index":0.8535224462913457}},{"type":"Feature","geometry":{"geodesic":false,"type":"Point","coordinates":[27.506638578560782,46.00663337124662]},"id":"+102068-170714_0","properties":{"count":9,"label":1,"Flood_Risk_Index":0.8532408681756146}},{"type":"Feature","geometry":{"geodesic":false,"type":"Point","coordinates":[27.506638578560782,46.05163896698101]},"id":"+102068-170881_0","properties":{"count":9,"label":1,"Flood_Risk_Index":0.8555326007655495}},{"type":"Feature","geometry":{"geodesic":false,"type":"Point","coordinates":[27.507447062316487,46.02091658426412]},"id":"+102071-170767_0","properties":{"count":9,"label":1,"Flood_Risk_Index":0.9077259187873422}},{"type":"Feature","geometry":{"geodesic":false,"type":"Point","coordinates":[27.507716556901723,46.052716945321954]},"id":"+102071-170885_0","properties":{"count":2,"label":1,"Flood_Risk_Index":0.8505824624611381}},{"type":"Feature","geometry":{"geodesic":false,"type":"Point","coordinates":[27.50798605148696,45.82418553704194]},"id":"+102072-170038_0","properties":{"count":2,"label":1,"Flood_Risk_Index":0.8633280995322083}},{"type":"Feature","geometry":{"geodesic":false,"type":"Point","coordinates":[27.508255546072196,45.83496532045138]},"id":"+102074-170077_0","properties":{"count":9,"label":1,"Flood_Risk_Index":0.8657928876028993}},{"type":"Feature","geometry":{"geodesic":false,"type":"Point","coordinates":[27.509064029827904,45.608320374268025]},"id":"+102077-169236_0","properties":{"count":9,"label":1,"Flood_Risk_Index":0.8723915011350132}},{"type":"Feature","geometry":{"geodesic":false,"type":"Point","coordinates":[27.509064029827904,45.61155430929085]},"id":"+102077-169248_0","properties":{"count":9,"label":1,"Flood_Risk_Index":0.8716943976391852}},{"type":"Feature","geometry":{"geodesic":false,"type":"Point","coordinates":[27.509064029827904,45.996662071592894]},"id":"+102077-170677_0","properties":{"count":9,"label":1,"Flood_Risk_Index":0.8538780233270975}},{"type":"Feature","geometry":{"geodesic":false,"type":"Point","coordinates":[27.511489481095026,45.84089420132657]},"id":"+102081-170096_0","properties":{"count":50,"label":1,"Flood_Risk_Index":0.8713214885410313}},{"type":"Feature","geometry":{"geodesic":false,"type":"Point","coordinates":[27.510950491924554,45.60724239592708]},"id":"+102084-169233_0","properties":{"count":4,"label":1,"Flood_Risk_Index":0.8648109194558207}},{"type":"Feature","geometry":{"geodesic":false,"type":"Point","coordinates":[27.510950491924554,45.83819925547421]},"id":"+102084-170089_0","properties":{"count":12,"label":1,"Flood_Risk_Index":0.8523883889124906}},{"type":"Feature","geometry":{"geodesic":false,"type":"Point","coordinates":[27.51121998650979,45.941415681619546]},"id":"+102084-170473_0","properties":{"count":2,"label":1,"Flood_Risk_Index":0.8814190171246079}},{"type":"Feature","geometry":{"geodesic":false,"type":"Point","coordinates":[27.511758975680262,45.982378858575395]},"id":"+102087-170624_0","properties":{"count":9,"label":1,"Flood_Risk_Index":0.8550476039847783}},{"type":"Feature","geometry":{"geodesic":false,"type":"Point","coordinates":[27.512297964850735,45.62206459811505]},"id":"+102090-169285_0","properties":{"count":17,"label":1,"Flood_Risk_Index":0.8753560752500292}},{"type":"Feature","geometry":{"geodesic":false,"type":"Point","coordinates":[27.512836954021203,45.94222416537525]},"id":"+102090-170476_0","properties":{"count":2,"label":1,"Flood_Risk_Index":0.8507108907317859}},{"type":"Feature","geometry":{"geodesic":false,"type":"Point","coordinates":[27.51121998650979,46.021725068019826]},"id":"+102090-170770_0","properties":{"count":39,"label":1,"Flood_Risk_Index":0.8778108723599584}},{"type":"Feature","geometry":{"geodesic":false,"type":"Point","coordinates":[27.51121998650979,45.83469582586614]},"id":"+102091-170067_0","properties":{"count":58,"label":1,"Flood_Risk_Index":0.8665894050260619}},{"type":"Feature","geometry":{"geodesic":false,"type":"Point","coordinates":[27.51310644860644,46.07077308253275]},"id":"+102091-170952_0","properties":{"count":3,"label":1,"Flood_Risk_Index":0.8505209662879919}},{"type":"Feature","geometry":{"geodesic":false,"type":"Point","coordinates":[27.514184426947384,45.605625428415664]},"id":"+102095-169227_0","properties":{"count":4,"label":1,"Flood_Risk_Index":0.864140885626064}},{"type":"Feature","geometry":{"geodesic":false,"type":"Point","coordinates":[27.514184426947384,45.61586622265463]},"id":"+102096-169263_0","properties":{"count":12,"label":1,"Flood_Risk_Index":0.8705389720324095}},{"type":"Feature","geometry":{"geodesic":false,"type":"Point","coordinates":[27.51445392153262,45.84628409303129]},"id":"+102096-170120_0","properties":{"count":2,"label":1,"Flood_Risk_Index":0.8501680941378084}},{"type":"Feature","geometry":{"geodesic":false,"type":"Point","coordinates":[27.514184426947384,46.02091658426412]},"id":"+102096-170767_0","properties":{"count":9,"label":1,"Flood_Risk_Index":0.8948949896352906}},{"type":"Feature","geometry":{"geodesic":false,"type":"Point","coordinates":[27.51526240528833,45.60481694465996]},"id":"+102099-169224_0","properties":{"count":2,"label":1,"Flood_Risk_Index":0.8675623280946299}},{"type":"Feature","geometry":{"geodesic":false,"type":"Point","coordinates":[27.51526240528833,45.94545810039808]},"id":"+102099-170488_0","properties":{"count":2,"label":1,"Flood_Risk_Index":0.8557704710906439}},{"type":"Feature","geometry":{"geodesic":false,"type":"Point","coordinates":[27.515801394458798,46.03735575396351]},"id":"+102102-170828_0","properties":{"count":12,"label":1,"Flood_Risk_Index":0.8585181346340452}},{"type":"Feature","geometry":{"geodesic":false,"type":"Point","coordinates":[27.516609878214506,45.94761405707997]},"id":"+102104-170495_0","properties":{"count":8,"label":1,"Flood_Risk_Index":0.8919633942407313}},{"type":"Feature","geometry":{"geodesic":false,"type":"Point","coordinates":[27.516609878214506,46.00070449037143]},"id":"+102105-170692_0","properties":{"count":12,"label":1,"Flood_Risk_Index":0.8739062405900823}},{"type":"Feature","geometry":{"geodesic":false,"type":"Point","coordinates":[27.516609878214506,46.017413154656055]},"id":"+102105-170754_0","properties":{"count":9,"label":1,"Flood_Risk_Index":0.8531368607695593}},{"type":"Feature","geometry":{"geodesic":false,"type":"Point","coordinates":[27.51768785655545,45.60239149339284]},"id":"+102108-169214_0","properties":{"count":6,"label":1,"Flood_Risk_Index":0.8661811750729285}},{"type":"Feature","geometry":{"geodesic":false,"type":"Point","coordinates":[27.517418361970215,45.837660266303736]},"id":"+102108-170088_0","properties":{"count":3,"label":1,"Flood_Risk_Index":0.8503093107889088}},{"type":"Feature","geometry":{"geodesic":false,"type":"Point","coordinates":[27.51714886738498,46.07373752297035]},"id":"+102108-170961_0","properties":{"count":20,"label":1,"Flood_Risk_Index":0.8606731894644404}},{"type":"Feature","geometry":{"geodesic":false,"type":"Point","coordinates":[27.518226845725923,46.0222640571903]},"id":"+102110-170773_0","properties":{"count":2,"label":1,"Flood_Risk_Index":0.8503400081497626}},{"type":"Feature","geometry":{"geodesic":false,"type":"Point","coordinates":[27.518226845725923,45.60050503129619]},"id":"+102111-169207_0","properties":{"count":8,"label":1,"Flood_Risk_Index":0.8530228176246788}},{"type":"Feature","geometry":{"geodesic":false,"type":"Point","coordinates":[27.518226845725923,45.996662071592894]},"id":"+102111-170677_0","properties":{"count":9,"label":1,"Flood_Risk_Index":0.8571272824642047}},{"type":"Feature","geometry":{"geodesic":false,"type":"Point","coordinates":[27.51768785655545,46.015526692559405]},"id":"+102111-170743_0","properties":{"count":30,"label":1,"Flood_Risk_Index":0.8625296713700844}},{"type":"Feature","geometry":{"geodesic":false,"type":"Point","coordinates":[27.518226845725923,46.040050699815865]},"id":"+102111-170839_0","properties":{"count":6,"label":1,"Flood_Risk_Index":0.8526252367486993}},{"type":"Feature","geometry":{"geodesic":false,"type":"Point","coordinates":[27.519304824066865,46.00528589832044]},"id":"+102115-170710_0","properties":{"count":4,"label":1,"Flood_Risk_Index":0.8509273211408568}},{"type":"Feature","geometry":{"geodesic":false,"type":"Point","coordinates":[27.519304824066865,46.01256225212181]},"id":"+102115-170736_0","properties":{"count":12,"label":1,"Flood_Risk_Index":0.9736392992243551}},{"type":"Feature","geometry":{"geodesic":false,"type":"Point","coordinates":[27.519304824066865,46.085864779305965]},"id":"+102115-171008_0","properties":{"count":12,"label":1,"Flood_Risk_Index":0.9545782282399707}},{"type":"Feature","geometry":{"geodesic":false,"type":"Point","coordinates":[27.520113307822573,45.99504510408148]},"id":"+102118-170671_0","properties":{"count":9,"label":1,"Flood_Risk_Index":0.8518434811891206}},{"type":"Feature","geometry":{"geodesic":false,"type":"Point","coordinates":[27.520113307822573,46.07077308253275]},"id":"+102118-170952_0","properties":{"count":9,"label":1,"Flood_Risk_Index":0.8613807079299833}},{"type":"Feature","geometry":{"geodesic":false,"type":"Point","coordinates":[27.52038280240781,46.08101387677171]},"id":"+102118-170991_0","properties":{"count":1,"label":1,"Flood_Risk_Index":0.854104552746618}},{"type":"Feature","geometry":{"geodesic":false,"type":"Point","coordinates":[27.520652296993045,46.066730663754214]},"id":"+102119-170937_0","properties":{"count":3,"label":1,"Flood_Risk_Index":0.8504197311983351}},{"type":"Feature","geometry":{"geodesic":false,"type":"Point","coordinates":[27.52092179157828,45.83819925547421]},"id":"+102121-170089_0","properties":{"count":9,"label":1,"Flood_Risk_Index":0.8617381086217848}},{"type":"Feature","geometry":{"geodesic":false,"type":"Point","coordinates":[27.52873713455012,45.84439763093464]},"id":"+102121-170099_0","properties":{"count":198,"label":1,"Flood_Risk_Index":0.8614178872946825}},{"type":"Feature","geometry":{"geodesic":false,"type":"Point","coordinates":[27.52092179157828,45.999087522860016]},"id":"+102121-170686_0","properties":{"count":9,"label":1,"Flood_Risk_Index":0.8500850770476059}},{"type":"Feature","geometry":{"geodesic":false,"type":"Point","coordinates":[27.520113307822573,46.003129941638555]},"id":"+102121-170699_0","properties":{"count":48,"label":1,"Flood_Risk_Index":0.8557327920466394}},{"type":"Feature","geometry":{"geodesic":false,"type":"Point","coordinates":[27.521460780748754,46.01310124129228]},"id":"+102121-170731_0","properties":{"count":38,"label":1,"Flood_Risk_Index":0.974799028903806}},{"type":"Feature","geometry":{"geodesic":false,"type":"Point","coordinates":[27.52092179157828,46.101764959834874]},"id":"+102121-171067_0","properties":{"count":9,"label":1,"Flood_Risk_Index":0.8613075195971499}},{"type":"Feature","geometry":{"geodesic":false,"type":"Point","coordinates":[27.52092179157828,46.034391313525916]},"id":"+102122-170816_0","properties":{"count":19,"label":1,"Flood_Risk_Index":0.8717848291053254}},{"type":"Feature","geometry":{"geodesic":false,"type":"Point","coordinates":[27.52173027533399,45.96081929175652]},"id":"+102124-170544_0","properties":{"count":9,"label":1,"Flood_Risk_Index":0.8652442550224329}},{"type":"Feature","geometry":{"geodesic":false,"type":"Point","coordinates":[27.52173027533399,45.986690771939166]},"id":"+102124-170640_0","properties":{"count":9,"label":1,"Flood_Risk_Index":0.867300089866877}},{"type":"Feature","geometry":{"geodesic":false,"type":"Point","coordinates":[27.521999769919223,46.00663337124662]},"id":"+102124-170714_0","properties":{"count":3,"label":1,"Flood_Risk_Index":0.9062003352140993}},{"type":"Feature","geometry":{"geodesic":false,"type":"Point","coordinates":[27.521999769919223,46.01013680085469]},"id":"+102124-170727_0","properties":{"count":4,"label":1,"Flood_Risk_Index":0.9210410556572981}},{"type":"Feature","geometry":{"geodesic":false,"type":"Point","coordinates":[27.52173027533399,46.06376622331662]},"id":"+102124-170921_0","properties":{"count":39,"label":1,"Flood_Risk_Index":0.8783026595077743}},{"type":"Feature","geometry":{"geodesic":false,"type":"Point","coordinates":[27.52226926450446,46.0613407720495]},"id":"+102125-170918_0","properties":{"count":1,"label":1,"Flood_Risk_Index":0.8502877349624338}},{"type":"Feature","geometry":{"geodesic":false,"type":"Point","coordinates":[27.522538759089695,45.84655358761652]},"id":"+102127-170120_0","properties":{"count":9,"label":1,"Flood_Risk_Index":0.8505963745749803}},{"type":"Feature","geometry":{"geodesic":false,"type":"Point","coordinates":[27.52280825367493,46.00528589832044]},"id":"+102127-170710_0","properties":{"count":1,"label":1,"Flood_Risk_Index":0.9073936686430095}},{"type":"Feature","geometry":{"geodesic":false,"type":"Point","coordinates":[27.522538759089695,46.01579618714464]},"id":"+102127-170748_0","properties":{"count":9,"label":1,"Flood_Risk_Index":0.8586728356034123}},{"type":"Feature","geometry":{"geodesic":false,"type":"Point","coordinates":[27.522538759089695,46.06834763126563]},"id":"+102127-170943_0","properties":{"count":9,"label":1,"Flood_Risk_Index":0.8554329180260705}},{"type":"Feature","geometry":{"geodesic":false,"type":"Point","coordinates":[27.523077748260167,46.03142687308832]},"id":"+102128-170807_0","properties":{"count":1,"label":1,"Flood_Risk_Index":0.8515182194473092}},{"type":"Feature","geometry":{"geodesic":false,"type":"Point","coordinates":[27.523077748260167,46.032235356844026]},"id":"+102128-170810_0","properties":{"count":1,"label":1,"Flood_Risk_Index":0.8502675238925246}},{"type":"Feature","geometry":{"geodesic":false,"type":"Point","coordinates":[27.523077748260167,46.03546929186685]},"id":"+102128-170822_0","properties":{"count":2,"label":1,"Flood_Risk_Index":0.8501459538189651}},{"type":"Feature","geometry":{"geodesic":false,"type":"Point","coordinates":[27.523347242845404,45.98830773945058]},"id":"+102130-170646_0","properties":{"count":9,"label":1,"Flood_Risk_Index":0.8603081750466668}},{"type":"Feature","geometry":{"geodesic":false,"type":"Point","coordinates":[27.524964210356817,46.01660467090035]},"id":"+102130-170748_0","properties":{"count":36,"label":1,"Flood_Risk_Index":0.8890912139997612}},{"type":"Feature","geometry":{"geodesic":false,"type":"Point","coordinates":[27.523886232015876,46.03385232435544]},"id":"+102130-170813_0","properties":{"count":19,"label":1,"Flood_Risk_Index":0.8697752178523998}},{"type":"Feature","geometry":{"geodesic":false,"type":"Point","coordinates":[27.524155726601112,46.06241875039044]},"id":"+102132-170921_0","properties":{"count":8,"label":1,"Flood_Risk_Index":0.851177691219329}},{"type":"Feature","geometry":{"geodesic":false,"type":"Point","coordinates":[27.524155726601112,45.9583938404894]},"id":"+102133-170535_0","properties":{"count":9,"label":1,"Flood_Risk_Index":0.85570133434537}},{"type":"Feature","geometry":{"geodesic":false,"type":"Point","coordinates":[27.525233704942053,45.99235015822912]},"id":"+102133-170652_0","properties":{"count":80,"label":1,"Flood_Risk_Index":0.7984282624411071}},{"type":"Feature","geometry":{"geodesic":false,"type":"Point","coordinates":[27.524155726601112,46.01094528461039]},"id":"+102133-170730_0","properties":{"count":9,"label":1,"Flood_Risk_Index":0.8548592851484075}},{"type":"Feature","geometry":{"geodesic":false,"type":"Point","coordinates":[27.524155726601112,46.01390972504799]},"id":"+102133-170739_0","properties":{"count":12,"label":1,"Flood_Risk_Index":0.8541870850929613}},{"type":"Feature","geometry":{"geodesic":false,"type":"Point","coordinates":[27.525772694112526,46.03897272147492]},"id":"+102136-170833_0","properties":{"count":22,"label":1,"Flood_Risk_Index":0.8564347897955277}},{"type":"Feature","geometry":{"geodesic":false,"type":"Point","coordinates":[27.524964210356817,46.06592217999851]},"id":"+102136-170934_0","properties":{"count":9,"label":1,"Flood_Risk_Index":0.852095232240751}},{"type":"Feature","geometry":{"geodesic":false,"type":"Point","coordinates":[27.516609878214506,46.034121818940676]},"id":"+102137-170757_0","properties":{"count":4596,"label":1,"Flood_Risk_Index":0.86930432600652}},{"type":"Feature","geometry":{"geodesic":false,"type":"Point","coordinates":[27.52604218869776,46.00744185500233]},"id":"+102139-170708_0","properties":{"count":119,"label":1,"Flood_Risk_Index":0.8564247988083692}},{"type":"Feature","geometry":{"geodesic":false,"type":"Point","coordinates":[27.525772694112526,46.015526692559405]},"id":"+102139-170748_0","properties":{"count":3,"label":1,"Flood_Risk_Index":0.8789550399818938}},{"type":"Feature","geometry":{"geodesic":false,"type":"Point","coordinates":[27.52685067245347,46.06457470707233]},"id":"+102141-170927_0","properties":{"count":20,"label":1,"Flood_Risk_Index":0.8612918281984455}},{"type":"Feature","geometry":{"geodesic":false,"type":"Point","coordinates":[27.526581177868234,46.01417921963322]},"id":"+102142-170742_0","properties":{"count":9,"label":1,"Flood_Risk_Index":0.8526689637084922}},{"type":"Feature","geometry":{"geodesic":false,"type":"Point","coordinates":[27.52765915620918,46.00528589832044]},"id":"+102145-170710_0","properties":{"count":2,"label":1,"Flood_Risk_Index":0.8965301525097273}},{"type":"Feature","geometry":{"geodesic":false,"type":"Point","coordinates":[27.528467639964884,46.009058822513744]},"id":"+102149-170723_0","properties":{"count":12,"label":1,"Flood_Risk_Index":0.8526108973742619}},{"type":"Feature","geometry":{"geodesic":false,"type":"Point","coordinates":[27.528467639964884,46.013370735877515]},"id":"+102149-170739_0","properties":{"count":10,"label":1,"Flood_Risk_Index":0.8677928187227897}},{"type":"Feature","geometry":{"geodesic":false,"type":"Point","coordinates":[27.52873713455012,46.03519979728162]},"id":"+102149-170819_0","properties":{"count":21,"label":1,"Flood_Risk_Index":0.8531876309435761}},{"type":"Feature","geometry":{"geodesic":false,"type":"Point","coordinates":[27.529276123720592,46.00744185500233]},"id":"+102150-170717_0","properties":{"count":5,"label":1,"Flood_Risk_Index":0.8499090449119641}},{"type":"Feature","geometry":{"geodesic":false,"type":"Point","coordinates":[27.525233704942053,46.00070449037143]},"id":"+102152-170680_0","properties":{"count":136,"label":1,"Flood_Risk_Index":0.8917767588140728}},{"type":"Feature","geometry":{"geodesic":false,"type":"Point","coordinates":[27.528467639964884,46.017413154656055]},"id":"+102152-170754_0","properties":{"count":30,"label":1,"Flood_Risk_Index":0.8915917815595313}},{"type":"Feature","geometry":{"geodesic":false,"type":"Point","coordinates":[27.52685067245347,46.06780864209516]},"id":"+102152-170937_0","properties":{"count":66,"label":1,"Flood_Risk_Index":0.8803800436264486}},{"type":"Feature","geometry":{"geodesic":false,"type":"Point","coordinates":[27.5300846074763,45.94006820869336]},"id":"+102155-170468_0","properties":{"count":6,"label":1,"Flood_Risk_Index":0.8524449032803298}},{"type":"Feature","geometry":{"geodesic":false,"type":"Point","coordinates":[27.530623596646773,46.021186078849354]},"id":"+102156-170769_0","properties":{"count":1,"label":1,"Flood_Risk_Index":0.8957552834156649}},{"type":"Feature","geometry":{"geodesic":false,"type":"Point","coordinates":[27.530893091232006,45.97591098852973]},"id":"+102158-170600_0","properties":{"count":8,"label":1,"Flood_Risk_Index":0.8583384822676965}},{"type":"Feature","geometry":{"geodesic":false,"type":"Point","coordinates":[27.530893091232006,46.0365472702078]},"id":"+102158-170825_0","properties":{"count":9,"label":1,"Flood_Risk_Index":0.8780508658555798}},{"type":"Feature","geometry":{"geodesic":false,"type":"Point","coordinates":[27.531162585817242,46.02711495972454]},"id":"+102159-170791_0","properties":{"count":8,"label":1,"Flood_Risk_Index":0.8500622594053799}},{"type":"Feature","geometry":{"geodesic":false,"type":"Point","coordinates":[27.531701574987714,45.84844004971317]},"id":"+102161-170127_0","properties":{"count":9,"label":1,"Flood_Risk_Index":0.8615328726212824}},{"type":"Feature","geometry":{"geodesic":false,"type":"Point","coordinates":[27.52604218869776,45.94438012205714]},"id":"+102161-170473_0","properties":{"count":194,"label":1,"Flood_Risk_Index":0.8890798870868872}},{"type":"Feature","geometry":{"geodesic":false,"type":"Point","coordinates":[27.531701574987714,45.94438012205714]},"id":"+102161-170483_0","properties":{"count":6,"label":1,"Flood_Risk_Index":0.8506884041080391}},{"type":"Feature","geometry":{"geodesic":false,"type":"Point","coordinates":[27.53197106957295,45.96243625926794]},"id":"+102161-170547_0","properties":{"count":25,"label":1,"Flood_Risk_Index":0.9650642777395276}},{"type":"Feature","geometry":{"geodesic":false,"type":"Point","coordinates":[27.531701574987714,46.03331333518497]},"id":"+102161-170813_0","properties":{"count":9,"label":1,"Flood_Risk_Index":0.8549209129526015}},{"type":"Feature","geometry":{"geodesic":false,"type":"Point","coordinates":[27.532510058743423,46.02738445430978]},"id":"+102164-170791_0","properties":{"count":9,"label":1,"Flood_Risk_Index":0.8528902140401862}},{"type":"Feature","geometry":{"geodesic":false,"type":"Point","coordinates":[27.53466601542531,45.96567019429077]},"id":"+102167-170556_0","properties":{"count":40,"label":1,"Flood_Risk_Index":0.9556721720613084}},{"type":"Feature","geometry":{"geodesic":false,"type":"Point","coordinates":[27.53331854249913,46.01903012216747]},"id":"+102167-170760_0","properties":{"count":12,"label":1,"Flood_Risk_Index":0.8509886784469977}},{"type":"Feature","geometry":{"geodesic":false,"type":"Point","coordinates":[27.534935510010545,45.97725846145591]},"id":"+102170-170601_0","properties":{"count":33,"label":1,"Flood_Risk_Index":0.8614411519424283}},{"type":"Feature","geometry":{"geodesic":false,"type":"Point","coordinates":[27.534935510010545,45.94249365996048]},"id":"+102171-170476_0","properties":{"count":7,"label":1,"Flood_Risk_Index":0.8530806001984236}},{"type":"Feature","geometry":{"geodesic":false,"type":"Point","coordinates":[27.53466601542531,46.011214779195626]},"id":"+102171-170732_0","properties":{"count":1,"label":1,"Flood_Risk_Index":0.8510972134201862}},{"type":"Feature","geometry":{"geodesic":false,"type":"Point","coordinates":[27.534935510010545,45.99342813657006]},"id":"+102173-170665_0","properties":{"count":9,"label":1,"Flood_Risk_Index":0.8663722561329571}},{"type":"Feature","geometry":{"geodesic":false,"type":"Point","coordinates":[27.532510058743423,46.00232145788284]},"id":"+102173-170674_0","properties":{"count":272,"label":1,"Flood_Risk_Index":0.8848457913133514}},{"type":"Feature","geometry":{"geodesic":false,"type":"Point","coordinates":[27.534935510010545,46.02010810050841]},"id":"+102173-170764_0","properties":{"count":9,"label":1,"Flood_Risk_Index":0.860300030964628}},{"type":"Feature","geometry":{"geodesic":false,"type":"Point","coordinates":[27.534935510010545,46.02549799221313]},"id":"+102173-170782_0","properties":{"count":29,"label":1,"Flood_Risk_Index":0.8396627922323633}},{"type":"Feature","geometry":{"geodesic":false,"type":"Point","coordinates":[27.535474499181017,46.027923443480255]},"id":"+102173-170791_0","properties":{"count":21,"label":1,"Flood_Risk_Index":0.8548539681975952}},{"type":"Feature","geometry":{"geodesic":false,"type":"Point","coordinates":[27.535743993766253,46.01256225212181]},"id":"+102176-170736_0","properties":{"count":9,"label":1,"Flood_Risk_Index":0.8585956304246724}},{"type":"Feature","geometry":{"geodesic":false,"type":"Point","coordinates":[27.536282982936726,46.009328317098976]},"id":"+102177-170725_0","properties":{"count":1,"label":1,"Flood_Risk_Index":0.8507451219974376}},{"type":"Feature","geometry":{"geodesic":false,"type":"Point","coordinates":[27.536821972107198,45.93171387655105]},"id":"+102179-170436_0","properties":{"count":6,"label":1,"Flood_Risk_Index":0.8517126229538199}},{"type":"Feature","geometry":{"geodesic":false,"type":"Point","coordinates":[27.536552477521962,45.943302143716195]},"id":"+102179-170479_0","properties":{"count":9,"label":1,"Flood_Risk_Index":0.8718819735490079}},{"type":"Feature","geometry":{"geodesic":false,"type":"Point","coordinates":[27.535474499181017,46.021455573434594]},"id":"+102179-170767_0","properties":{"count":43,"label":1,"Flood_Risk_Index":0.8770074783310905}},{"type":"Feature","geometry":{"geodesic":false,"type":"Point","coordinates":[27.537360961277667,46.00582488749091]},"id":"+102180-170711_0","properties":{"count":6,"label":1,"Flood_Risk_Index":0.8496197719709603}},{"type":"Feature","geometry":{"geodesic":false,"type":"Point","coordinates":[27.53709146669243,46.02468950845742]},"id":"+102180-170782_0","properties":{"count":2,"label":1,"Flood_Risk_Index":0.8513020538626107}},{"type":"Feature","geometry":{"geodesic":false,"type":"Point","coordinates":[27.53843893961861,45.932522360306756]},"id":"+102186-170439_0","properties":{"count":9,"label":1,"Flood_Risk_Index":0.8643838188054069}},{"type":"Feature","geometry":{"geodesic":false,"type":"Point","coordinates":[27.53843893961861,46.0117537683661]},"id":"+102186-170734_0","properties":{"count":6,"label":1,"Flood_Risk_Index":0.8563453508871696}},{"type":"Feature","geometry":{"geodesic":false,"type":"Point","coordinates":[27.536821972107198,46.017413154656055]},"id":"+102186-170754_0","properties":{"count":33,"label":1,"Flood_Risk_Index":0.8689891418497034}},{"type":"Feature","geometry":{"geodesic":false,"type":"Point","coordinates":[27.53924742337432,46.01822163841176]},"id":"+102189-170757_0","properties":{"count":9,"label":1,"Flood_Risk_Index":0.8510050601389505}},{"type":"Feature","geometry":{"geodesic":false,"type":"Point","coordinates":[27.53924742337432,46.02091658426412]},"id":"+102189-170767_0","properties":{"count":9,"label":1,"Flood_Risk_Index":0.9040440666021721}},{"type":"Feature","geometry":{"geodesic":false,"type":"Point","coordinates":[27.54032540171526,45.93333084406247]},"id":"+102192-170442_0","properties":{"count":6,"label":1,"Flood_Risk_Index":0.8511600400643666}},{"type":"Feature","geometry":{"geodesic":false,"type":"Point","coordinates":[27.54032540171526,45.969982107654545]},"id":"+102192-170569_0","properties":{"count":198,"label":1,"Flood_Risk_Index":0.793272368246155}},{"type":"Feature","geometry":{"geodesic":false,"type":"Point","coordinates":[27.53924742337432,45.97698896687068]},"id":"+102192-170603_0","properties":{"count":27,"label":1,"Flood_Risk_Index":0.8006382039502327}},{"type":"Feature","geometry":{"geodesic":false,"type":"Point","coordinates":[27.54517630424951,45.936564779085295]},"id":"+102195-170442_0","properties":{"count":136,"label":1,"Flood_Risk_Index":0.8141071698024483}},{"type":"Feature","geometry":{"geodesic":false,"type":"Point","coordinates":[27.53601348835149,46.008789327928504]},"id":"+102198-170708_0","properties":{"count":240,"label":1,"Flood_Risk_Index":0.8250911811714269}},{"type":"Feature","geometry":{"geodesic":false,"type":"Point","coordinates":[27.535474499181017,46.01498770338893]},"id":"+102199-170733_0","properties":{"count":288,"label":1,"Flood_Risk_Index":0.8610813818462139}},{"type":"Feature","geometry":{"geodesic":false,"type":"Point","coordinates":[27.542750852982387,45.91338824475501]},"id":"+102201-170368_0","properties":{"count":6,"label":1,"Flood_Risk_Index":0.851052963490516}},{"type":"Feature","geometry":{"geodesic":false,"type":"Point","coordinates":[27.54194236922668,45.96001080800082]},"id":"+102201-170522_0","properties":{"count":699,"label":1,"Flood_Risk_Index":0.8599550817650281}},{"type":"Feature","geometry":{"geodesic":false,"type":"Point","coordinates":[27.541403380056206,45.97510250477402]},"id":"+102201-170597_0","properties":{"count":36,"label":1,"Flood_Risk_Index":0.8672841105871287}},{"type":"Feature","geometry":{"geodesic":false,"type":"Point","coordinates":[27.543289842152856,45.976180483114966]},"id":"+102204-170601_0","properties":{"count":6,"label":1,"Flood_Risk_Index":0.8511426142907551}},{"type":"Feature","geometry":{"geodesic":false,"type":"Point","coordinates":[27.543289842152856,45.98345683691634]},"id":"+102204-170627_0","properties":{"count":12,"label":1,"Flood_Risk_Index":0.8692298302218335}},{"type":"Feature","geometry":{"geodesic":false,"type":"Point","coordinates":[27.543828831323328,45.94438012205714]},"id":"+102205-170483_0","properties":{"count":2,"label":1,"Flood_Risk_Index":0.8501575527610936}},{"type":"Feature","geometry":{"geodesic":false,"type":"Point","coordinates":[27.543828831323328,46.009328317098976]},"id":"+102205-170725_0","properties":{"count":1,"label":1,"Flood_Risk_Index":0.8512064664285935}},{"type":"Feature","geometry":{"geodesic":false,"type":"Point","coordinates":[27.543828831323328,46.013370735877515]},"id":"+102205-170739_0","properties":{"count":3,"label":1,"Flood_Risk_Index":0.8524283157369997}},{"type":"Feature","geometry":{"geodesic":false,"type":"Point","coordinates":[27.5443678204938,45.9478835516652]},"id":"+102207-170491_0","properties":{"count":48,"label":1,"Flood_Risk_Index":0.8542787148586963}},{"type":"Feature","geometry":{"geodesic":false,"type":"Point","coordinates":[27.544098325908564,45.9726770535069]},"id":"+102207-170587_0","properties":{"count":18,"label":1,"Flood_Risk_Index":0.8513408120109875}},{"type":"Feature","geometry":{"geodesic":false,"type":"Point","coordinates":[27.544637315079036,46.009328317098976]},"id":"+102208-170725_0","properties":{"count":1,"label":1,"Flood_Risk_Index":0.8505114522236569}},{"type":"Feature","geometry":{"geodesic":false,"type":"Point","coordinates":[27.544906809664273,45.91338824475501]},"id":"+102210-170368_0","properties":{"count":9,"label":1,"Flood_Risk_Index":0.8594107951230919}},{"type":"Feature","geometry":{"geodesic":false,"type":"Point","coordinates":[27.545445798834745,45.922281566067795]},"id":"+102210-170401_0","properties":{"count":12,"label":1,"Flood_Risk_Index":0.8630988848318486}},{"type":"Feature","geometry":{"geodesic":false,"type":"Point","coordinates":[27.544906809664273,45.976180483114966]},"id":"+102210-170601_0","properties":{"count":6,"label":1,"Flood_Risk_Index":0.8520628528345318}},{"type":"Feature","geometry":{"geodesic":false,"type":"Point","coordinates":[27.544637315079036,46.0042079199795]},"id":"+102211-170705_0","properties":{"count":21,"label":1,"Flood_Risk_Index":0.893728689548711}},{"type":"Feature","geometry":{"geodesic":false,"type":"Point","coordinates":[27.546793271760922,45.95030900293233]},"id":"+102217-170505_0","properties":{"count":8,"label":1,"Flood_Risk_Index":0.8568484711791711}},{"type":"Feature","geometry":{"geodesic":false,"type":"Point","coordinates":[27.54625428259045,45.98453481525728]},"id":"+102217-170631_0","properties":{"count":21,"label":1,"Flood_Risk_Index":0.8585078330811632}},{"type":"Feature","geometry":{"geodesic":false,"type":"Point","coordinates":[27.54706276634616,46.00339943622379]},"id":"+102220-170702_0","properties":{"count":21,"label":1,"Flood_Risk_Index":0.8655916921851693}},{"type":"Feature","geometry":{"geodesic":false,"type":"Point","coordinates":[27.547871250101867,45.969982107654545]},"id":"+102221-170578_0","properties":{"count":12,"label":1,"Flood_Risk_Index":0.9351476244702005}},{"type":"Feature","geometry":{"geodesic":false,"type":"Point","coordinates":[27.549218723028044,45.9651312051203]},"id":"+102226-170550_0","properties":{"count":55,"label":1,"Flood_Risk_Index":0.7888141758723828}},{"type":"Feature","geometry":{"geodesic":false,"type":"Point","coordinates":[27.54894922844281,45.91069329890266]},"id":"+102227-170355_0","properties":{"count":27,"label":1,"Flood_Risk_Index":0.8703963475706598}},{"type":"Feature","geometry":{"geodesic":false,"type":"Point","coordinates":[27.549757712198517,45.91338824475501]},"id":"+102227-170368_0","properties":{"count":3,"label":1,"Flood_Risk_Index":0.8593848810407082}},{"type":"Feature","geometry":{"geodesic":false,"type":"Point","coordinates":[27.549757712198517,45.91958662021544]},"id":"+102227-170389_0","properties":{"count":7,"label":1,"Flood_Risk_Index":0.8614085798345245}},{"type":"Feature","geometry":{"geodesic":false,"type":"Point","coordinates":[27.549757712198517,45.93575629532959]},"id":"+102227-170451_0","properties":{"count":3,"label":1,"Flood_Risk_Index":0.8626362490274566}},{"type":"Feature","geometry":{"geodesic":false,"type":"Point","coordinates":[27.549757712198517,45.97159907516596]},"id":"+102227-170584_0","properties":{"count":3,"label":1,"Flood_Risk_Index":0.9627599523539125}},{"type":"Feature","geometry":{"geodesic":false,"type":"Point","coordinates":[27.54948821761328,45.976449977700206]},"id":"+102227-170600_0","properties":{"count":12,"label":1,"Flood_Risk_Index":0.8685568931392195}},{"type":"Feature","geometry":{"geodesic":false,"type":"Point","coordinates":[27.549757712198517,45.990733190717705]},"id":"+102227-170655_0","properties":{"count":3,"label":1,"Flood_Risk_Index":0.8523270149124599}},{"type":"Feature","geometry":{"geodesic":false,"type":"Point","coordinates":[27.55029670136899,46.00447741456473]},"id":"+102229-170707_0","properties":{"count":2,"label":1,"Flood_Risk_Index":0.8509022808588499}},{"type":"Feature","geometry":{"geodesic":false,"type":"Point","coordinates":[27.55218316346564,45.796158100177415]},"id":"+102235-169932_0","properties":{"count":18,"label":1,"Flood_Risk_Index":0.7443236048799585}},{"type":"Feature","geometry":{"geodesic":false,"type":"Point","coordinates":[27.55757305517036,46.00582488749091]},"id":"+102257-170711_0","properties":{"count":9,"label":1,"Flood_Risk_Index":0.8516831973813863}},{"type":"Feature","geometry":{"geodesic":false,"type":"Point","coordinates":[27.567544354824083,46.00070449037143]},"id":"+102294-170691_0","properties":{"count":15,"label":1,"Flood_Risk_Index":0.859097650352945}},{"type":"Feature","geometry":{"geodesic":false,"type":"Point","coordinates":[27.572664751943567,46.00070449037143]},"id":"+102316-170691_0","properties":{"count":16,"label":1,"Flood_Risk_Index":0.8658100532731885}},{"type":"Feature","geometry":{"geodesic":false,"type":"Point","coordinates":[27.575898686966397,46.00339943622379]},"id":"+102325-170702_0","properties":{"count":9,"label":1,"Flood_Risk_Index":0.8760510322535402}},{"type":"Feature","geometry":{"geodesic":false,"type":"Point","coordinates":[27.579132621989224,46.005016403735205]},"id":"+102337-170708_0","properties":{"count":9,"label":1,"Flood_Risk_Index":0.8582301778307055}},{"type":"Feature","geometry":{"geodesic":false,"type":"Point","coordinates":[27.581288578671113,46.002860447053315]},"id":"+102346-170691_0","properties":{"count":224,"label":1,"Flood_Risk_Index":0.8961519770350914}},{"type":"Feature","geometry":{"geodesic":false,"type":"Point","coordinates":[27.586408975790594,46.00232145788284]},"id":"+102362-170696_0","properties":{"count":36,"label":1,"Flood_Risk_Index":0.8585716883287573}},{"type":"Feature","geometry":{"geodesic":false,"type":"Point","coordinates":[27.58667847037583,46.13626026674507]},"id":"+102365-171193_0","properties":{"count":42,"label":1,"Flood_Risk_Index":0.8738544006696629}},{"type":"Feature","geometry":{"geodesic":false,"type":"Point","coordinates":[27.59072088915437,46.002860447053315]},"id":"+102368-170691_0","properties":{"count":72,"label":1,"Flood_Risk_Index":0.8214730818526088}},{"type":"Feature","geometry":{"geodesic":false,"type":"Point","coordinates":[27.589103921642952,46.0042079199795]},"id":"+102374-170705_0","properties":{"count":9,"label":1,"Flood_Risk_Index":0.8695674620550843}},{"type":"Feature","geometry":{"geodesic":false,"type":"Point","coordinates":[27.58802594330201,46.14218914762026]},"id":"+102375-171190_0","properties":{"count":314,"label":1,"Flood_Risk_Index":0.8104095138498296}},{"type":"Feature","geometry":{"geodesic":false,"type":"Point","coordinates":[27.58991240539866,46.00825033875803]},"id":"+102377-170720_0","properties":{"count":9,"label":1,"Flood_Risk_Index":0.887049926532342}},{"type":"Feature","geometry":{"geodesic":false,"type":"Point","coordinates":[27.59179886749531,46.00663337124662]},"id":"+102384-170714_0","properties":{"count":12,"label":1,"Flood_Risk_Index":0.8560856285836191}},{"type":"Feature","geometry":{"geodesic":false,"type":"Point","coordinates":[27.59179886749531,46.12170755914233]},"id":"+102384-171141_0","properties":{"count":9,"label":1,"Flood_Risk_Index":0.8524330797027819}},{"type":"Feature","geometry":{"geodesic":false,"type":"Point","coordinates":[27.593415835006727,46.00070449037143]},"id":"+102389-170692_0","properties":{"count":6,"label":1,"Flood_Risk_Index":0.8501685973055234}},{"type":"Feature","geometry":{"geodesic":false,"type":"Point","coordinates":[27.593415835006727,46.1462315663988]},"id":"+102390-171233_0","properties":{"count":4,"label":1,"Flood_Risk_Index":0.9296745758570797}},{"type":"Feature","geometry":{"geodesic":false,"type":"Point","coordinates":[27.594224318762432,46.00070449037143]},"id":"+102393-170691_0","properties":{"count":15,"label":1,"Flood_Risk_Index":0.860092940191073}},{"type":"Feature","geometry":{"geodesic":false,"type":"Point","coordinates":[27.5939548241772,46.12009059163091]},"id":"+102396-171132_0","properties":{"count":84,"label":1,"Flood_Risk_Index":0.8925901853493952}},{"type":"Feature","geometry":{"geodesic":false,"type":"Point","coordinates":[27.595571791688613,46.1470400501545]},"id":"+102399-171235_0","properties":{"count":9,"label":1,"Flood_Risk_Index":0.9293868086284492}},{"type":"Feature","geometry":{"geodesic":false,"type":"Point","coordinates":[27.596649770029558,46.00259095246808]},"id":"+102402-170699_0","properties":{"count":9,"label":1,"Flood_Risk_Index":0.8587162487946187}},{"type":"Feature","geometry":{"geodesic":false,"type":"Point","coordinates":[27.597458253785263,46.112275248659074]},"id":"+102404-171107_0","properties":{"count":2,"label":1,"Flood_Risk_Index":0.9042858711817232}},{"type":"Feature","geometry":{"geodesic":false,"type":"Point","coordinates":[27.599883705052388,46.041937161912514]},"id":"+102413-170844_0","properties":{"count":11,"label":1,"Flood_Risk_Index":0.8531644721243361}},{"type":"Feature","geometry":{"geodesic":false,"type":"Point","coordinates":[27.600692188808093,45.543911168396654]},"id":"+102414-168995_0","properties":{"count":12,"label":1,"Flood_Risk_Index":0.8500789125641174}},{"type":"Feature","geometry":{"geodesic":false,"type":"Point","coordinates":[27.601770167149038,45.546067125078544]},"id":"+102421-169004_0","properties":{"count":18,"label":1,"Flood_Risk_Index":0.8518463887222989}},{"type":"Feature","geometry":{"geodesic":false,"type":"Point","coordinates":[27.602039661734274,46.03843373230445]},"id":"+102421-170832_0","properties":{"count":4,"label":1,"Flood_Risk_Index":0.8558506458319659}},{"type":"Feature","geometry":{"geodesic":false,"type":"Point","coordinates":[27.602578650904746,45.54903156551614]},"id":"+102422-169014_0","properties":{"count":13,"label":1,"Flood_Risk_Index":0.8514351515951362}},{"type":"Feature","geometry":{"geodesic":false,"type":"Point","coordinates":[27.603926123830924,46.10904131363625]},"id":"+102428-171094_0","properties":{"count":3,"label":1,"Flood_Risk_Index":0.8938523110907569}},{"type":"Feature","geometry":{"geodesic":false,"type":"Point","coordinates":[27.60554309134234,46.03573878645209]},"id":"+102436-170822_0","properties":{"count":13,"label":1,"Flood_Risk_Index":0.8563155132167374}},{"type":"Feature","geometry":{"geodesic":false,"type":"Point","coordinates":[27.60931601553564,46.03573878645209]},"id":"+102452-170822_0","properties":{"count":24,"label":1,"Flood_Risk_Index":0.8560358266309407}},{"type":"Feature","geometry":{"geodesic":false,"type":"Point","coordinates":[27.61389742348465,46.03466080811115]},"id":"+102467-170816_0","properties":{"count":58,"label":1,"Flood_Risk_Index":0.828323811680816}},{"type":"Feature","geometry":{"geodesic":false,"type":"Point","coordinates":[27.615514390996065,46.10553788402818]},"id":"+102470-171076_0","properties":{"count":50,"label":1,"Flood_Risk_Index":0.6857523756191227}},{"type":"Feature","geometry":{"geodesic":false,"type":"Point","coordinates":[27.61659236933701,46.11011929197719]},"id":"+102476-171098_0","properties":{"count":9,"label":1,"Flood_Risk_Index":0.8588427875072556}},{"type":"Feature","geometry":{"geodesic":false,"type":"Point","coordinates":[27.62117377728602,46.034121818940676]},"id":"+102498-170813_0","properties":{"count":89,"label":1,"Flood_Risk_Index":0.7407775314719458}},{"type":"Feature","geometry":{"geodesic":false,"type":"Point","coordinates":[27.620365293530313,46.101764959834874]},"id":"+102501-171061_0","properties":{"count":73,"label":1,"Flood_Risk_Index":0.7942579266264078}},{"type":"Feature","geometry":{"geodesic":false,"type":"Point","coordinates":[27.621982261041726,46.106346367783885]},"id":"+102501-171081_0","properties":{"count":30,"label":1,"Flood_Risk_Index":0.8541058092149988}},{"type":"Feature","geometry":{"geodesic":false,"type":"Point","coordinates":[27.624138217723615,46.03115737850308]},"id":"+102504-170804_0","properties":{"count":12,"label":1,"Flood_Risk_Index":0.8737323962589252}},{"type":"Feature","geometry":{"geodesic":false,"type":"Point","coordinates":[27.624677206894084,46.10311243276106]},"id":"+102505-171073_0","properties":{"count":1,"label":1,"Flood_Risk_Index":0.906058042359999}},{"type":"Feature","geometry":{"geodesic":false,"type":"Point","coordinates":[27.62575518523503,45.54984004927184]},"id":"+102513-169020_0","properties":{"count":9,"label":1,"Flood_Risk_Index":0.86554608417216}},{"type":"Feature","geometry":{"geodesic":false,"type":"Point","coordinates":[27.626563668990737,46.03493030269639]},"id":"+102513-170819_0","properties":{"count":9,"label":1,"Flood_Risk_Index":0.8539702026335292}},{"type":"Feature","geometry":{"geodesic":false,"type":"Point","coordinates":[27.62575518523503,46.09933950856775]},"id":"+102513-171055_0","properties":{"count":40,"label":1,"Flood_Risk_Index":0.8776605594711813}},{"type":"Feature","geometry":{"geodesic":false,"type":"Point","coordinates":[27.62764164733168,46.102034454420114]},"id":"+102517-171068_0","properties":{"count":7,"label":1,"Flood_Risk_Index":0.8770161900457826}},{"type":"Feature","geometry":{"geodesic":false,"type":"Point","coordinates":[27.63087558235451,46.087481746817375]},"id":"+102529-171014_0","properties":{"count":9,"label":1,"Flood_Risk_Index":0.8523758569307719}},{"type":"Feature","geometry":{"geodesic":false,"type":"Point","coordinates":[27.63141457152498,46.092063154766386]},"id":"+102529-171020_0","properties":{"count":75,"label":1,"Flood_Risk_Index":0.8795813535408457}},{"type":"Feature","geometry":{"geodesic":false,"type":"Point","coordinates":[27.631684066110218,46.09691405730063]},"id":"+102531-171048_0","properties":{"count":10,"label":1,"Flood_Risk_Index":0.898733052802285}},{"type":"Feature","geometry":{"geodesic":false,"type":"Point","coordinates":[27.631145076939745,46.08478680096502]},"id":"+102532-171004_0","properties":{"count":10,"label":1,"Flood_Risk_Index":0.85163055267107}},{"type":"Feature","geometry":{"geodesic":false,"type":"Point","coordinates":[27.638421430741115,45.64470214327486]},"id":"+102557-169368_0","properties":{"count":23,"label":1,"Flood_Risk_Index":0.8542904343438746}},{"type":"Feature","geometry":{"geodesic":false,"type":"Point","coordinates":[27.638960419911587,45.65143950790576]},"id":"+102557-169391_0","properties":{"count":38,"label":1,"Flood_Risk_Index":0.8626064322723523}},{"type":"Feature","geometry":{"geodesic":false,"type":"Point","coordinates":[27.639229914496823,45.64847506746817]},"id":"+102559-169384_0","properties":{"count":9,"label":1,"Flood_Risk_Index":0.8545103062505439}},{"type":"Feature","geometry":{"geodesic":false,"type":"Point","coordinates":[27.633301033621635,45.548223081760426]},"id":"+102562-169007_0","properties":{"count":125,"label":1,"Flood_Risk_Index":0.7762184192641608}},{"type":"Feature","geometry":{"geodesic":false,"type":"Point","coordinates":[27.64003839825253,45.65709889419571]},"id":"+102563-169417_0","properties":{"count":9,"label":1,"Flood_Risk_Index":0.8624651311930389}},{"type":"Feature","geometry":{"geodesic":false,"type":"Point","coordinates":[27.64381132244583,46.09448860603351]},"id":"+102566-171033_0","properties":{"count":166,"label":1,"Flood_Risk_Index":0.9235157589057666}},{"type":"Feature","geometry":{"geodesic":false,"type":"Point","coordinates":[27.641655365763945,45.54525864132283]},"id":"+102572-169001_0","properties":{"count":20,"label":1,"Flood_Risk_Index":0.734081903139359}},{"type":"Feature","geometry":{"geodesic":false,"type":"Point","coordinates":[27.645428289957245,46.03385232435544]},"id":"+102582-170816_0","properties":{"count":2,"label":1,"Flood_Risk_Index":0.8556477929199582}},{"type":"Feature","geometry":{"geodesic":false,"type":"Point","coordinates":[27.645428289957245,46.098261530226814]},"id":"+102582-171054_0","properties":{"count":5,"label":1,"Flood_Risk_Index":0.8884120597475751}},{"type":"Feature","geometry":{"geodesic":false,"type":"Point","coordinates":[27.645428289957245,46.10122597066441]},"id":"+102582-171066_0","properties":{"count":1,"label":1,"Flood_Risk_Index":0.8518136760340669}},{"type":"Feature","geometry":{"geodesic":false,"type":"Point","coordinates":[27.63653496864446,46.03493030269639]},"id":"+102584-170807_0","properties":{"count":213,"label":1,"Flood_Risk_Index":0.7531143397935705}},{"type":"Feature","geometry":{"geodesic":false,"type":"Point","coordinates":[27.645428289957245,45.54229420088524]},"id":"+102585-168986_0","properties":{"count":54,"label":1,"Flood_Risk_Index":0.8650741586315639}},{"type":"Feature","geometry":{"geodesic":false,"type":"Point","coordinates":[27.647045257468662,46.0974530464711]},"id":"+102588-171051_0","properties":{"count":4,"label":1,"Flood_Risk_Index":0.9120482279783215}},{"type":"Feature","geometry":{"geodesic":false,"type":"Point","coordinates":[27.647045257468662,46.03007940016214]},"id":"+102591-170798_0","properties":{"count":27,"label":1,"Flood_Risk_Index":0.9120596084207223}},{"type":"Feature","geometry":{"geodesic":false,"type":"Point","coordinates":[27.648392730394843,45.500792034758916]},"id":"+102594-168837_0","properties":{"count":9,"label":1,"Flood_Risk_Index":0.8580625228712251}},{"type":"Feature","geometry":{"geodesic":false,"type":"Point","coordinates":[27.648392730394843,46.02657597055407]},"id":"+102595-170782_0","properties":{"count":36,"label":1,"Flood_Risk_Index":0.908203131883038}},{"type":"Feature","geometry":{"geodesic":false,"type":"Point","coordinates":[27.649470708735784,45.50160051851462]},"id":"+102597-168840_0","properties":{"count":6,"label":1,"Flood_Risk_Index":0.8567598665940549}},{"type":"Feature","geometry":{"geodesic":false,"type":"Point","coordinates":[27.650279192491492,45.50160051851462]},"id":"+102600-168840_0","properties":{"count":6,"label":1,"Flood_Risk_Index":0.856054172263514}},{"type":"Feature","geometry":{"geodesic":false,"type":"Point","coordinates":[27.651896160002906,45.49728860515085]},"id":"+102606-168821_0","properties":{"count":123,"label":1,"Flood_Risk_Index":0.40241439687850095}},{"type":"Feature","geometry":{"geodesic":false,"type":"Point","coordinates":[27.653243632929087,45.50321748602604]},"id":"+102606-168843_0","properties":{"count":51,"label":1,"Flood_Risk_Index":0.8748659463052433}},{"type":"Feature","geometry":{"geodesic":false,"type":"Point","coordinates":[27.648123235809607,45.5344788579134]},"id":"+102619-168952_0","properties":{"count":128,"label":1,"Flood_Risk_Index":0.3870308276467218}},{"type":"Feature","geometry":{"geodesic":false,"type":"Point","coordinates":[27.656477567951917,45.50510394812269]},"id":"+102623-168853_0","properties":{"count":5,"label":1,"Flood_Risk_Index":0.8607992857767862}},{"type":"Feature","geometry":{"geodesic":false,"type":"Point","coordinates":[27.65755554629286,45.506720915634105]},"id":"+102628-168856_0","properties":{"count":27,"label":1,"Flood_Risk_Index":0.870527938789747}},{"type":"Feature","geometry":{"geodesic":false,"type":"Point","coordinates":[27.660519986730453,45.51426676402071]},"id":"+102631-168868_0","properties":{"count":119,"label":1,"Flood_Risk_Index":0.7556890698692348}},{"type":"Feature","geometry":{"geodesic":false,"type":"Point","coordinates":[27.659980997559984,45.47977145711052]},"id":"+102636-168757_0","properties":{"count":15,"label":1,"Flood_Risk_Index":0.8521151435518466}},{"type":"Feature","geometry":{"geodesic":false,"type":"Point","coordinates":[27.659980997559984,45.47330358706486]},"id":"+102637-168735_0","properties":{"count":9,"label":1,"Flood_Risk_Index":0.8769359542883448}},{"type":"Feature","geometry":{"geodesic":false,"type":"Point","coordinates":[27.661597965071397,45.47249510330915]},"id":"+102642-168732_0","properties":{"count":8,"label":1,"Flood_Risk_Index":0.8649922154147689}},{"type":"Feature","geometry":{"geodesic":false,"type":"Point","coordinates":[27.65944200838951,45.53043643913486]},"id":"+102643-168945_0","properties":{"count":45,"label":1,"Flood_Risk_Index":0.8900878398371143}},{"type":"Feature","geometry":{"geodesic":false,"type":"Point","coordinates":[27.66025049214522,45.49809708890656]},"id":"+102645-168828_0","properties":{"count":26,"label":1,"Flood_Risk_Index":0.8771266484163223}},{"type":"Feature","geometry":{"geodesic":false,"type":"Point","coordinates":[27.66402341633852,45.47330358706486]},"id":"+102652-168735_0","properties":{"count":11,"label":1,"Flood_Risk_Index":0.8568362449759253}},{"type":"Feature","geometry":{"geodesic":false,"type":"Point","coordinates":[27.664831900094228,45.49135972427566]},"id":"+102652-168791_0","properties":{"count":78,"label":1,"Flood_Risk_Index":0.8571432999564332}},{"type":"Feature","geometry":{"geodesic":false,"type":"Point","coordinates":[27.663753921753283,45.49755809973609]},"id":"+102653-168825_0","properties":{"count":19,"label":1,"Flood_Risk_Index":0.8721938286755422}},{"type":"Feature","geometry":{"geodesic":false,"type":"Point","coordinates":[27.663753921753283,45.52801098786774]},"id":"+102655-168933_0","properties":{"count":31,"label":1,"Flood_Risk_Index":0.741917781470188}},{"type":"Feature","geometry":{"geodesic":false,"type":"Point","coordinates":[27.6653708892647,45.496480121395145]},"id":"+102657-168820_0","properties":{"count":6,"label":1,"Flood_Risk_Index":0.8804266942603387}},{"type":"Feature","geometry":{"geodesic":false,"type":"Point","coordinates":[27.665909878435173,45.523160085333494]},"id":"+102657-168909_0","properties":{"count":53,"label":1,"Flood_Risk_Index":0.861400886786177}},{"type":"Feature","geometry":{"geodesic":false,"type":"Point","coordinates":[27.665909878435173,45.47411207082057]},"id":"+102658-168738_0","properties":{"count":8,"label":1,"Flood_Risk_Index":0.8679889843240398}},{"type":"Feature","geometry":{"geodesic":false,"type":"Point","coordinates":[27.668874318872767,45.47465105999104]},"id":"+102674-168741_0","properties":{"count":12,"label":1,"Flood_Risk_Index":0.8742959204498579}},{"type":"Feature","geometry":{"geodesic":false,"type":"Point","coordinates":[27.671030275554653,45.47492055457627]},"id":"+102677-168741_0","properties":{"count":6,"label":1,"Flood_Risk_Index":0.8754467652115994}},{"type":"Feature","geometry":{"geodesic":false,"type":"Point","coordinates":[27.678306629356022,45.477615500428634]},"id":"+102705-168751_0","properties":{"count":6,"label":1,"Flood_Risk_Index":0.8538066186990203}},{"type":"Feature","geometry":{"geodesic":false,"type":"Point","coordinates":[27.679923596867436,45.47842398418434]},"id":"+102711-168754_0","properties":{"count":7,"label":1,"Flood_Risk_Index":0.8561147220990932}},{"type":"Feature","geometry":{"geodesic":false,"type":"Point","coordinates":[27.681810058964086,45.47923246794005]},"id":"+102717-168757_0","properties":{"count":10,"label":1,"Flood_Risk_Index":0.8677503508970894}},{"type":"Feature","geometry":{"geodesic":false,"type":"Point","coordinates":[27.683427026475503,45.480040951695756]},"id":"+102723-168760_0","properties":{"count":8,"label":1,"Flood_Risk_Index":0.8769578824290789}},{"type":"Feature","geometry":{"geodesic":false,"type":"Point","coordinates":[27.685043993986916,45.46198481448496]},"id":"+102733-168692_0","properties":{"count":17,"label":1,"Flood_Risk_Index":0.8712412765933769}},{"type":"Feature","geometry":{"geodesic":false,"type":"Point","coordinates":[27.686391466913097,46.13599077215983]},"id":"+102734-171194_0","properties":{"count":2,"label":1,"Flood_Risk_Index":0.8937810677904492}},{"type":"Feature","geometry":{"geodesic":false,"type":"Point","coordinates":[27.68693045608357,46.13599077215983]},"id":"+102736-171195_0","properties":{"count":1,"label":1,"Flood_Risk_Index":0.8937810677904492}},{"type":"Feature","geometry":{"geodesic":false,"type":"Point","coordinates":[27.688277929009747,46.13383481547795]},"id":"+102741-171187_0","properties":{"count":2,"label":1,"Flood_Risk_Index":0.8825584499226831}},{"type":"Feature","geometry":{"geodesic":false,"type":"Point","coordinates":[27.689086412765455,45.482196908377645]},"id":"+102745-168769_0","properties":{"count":6,"label":1,"Flood_Risk_Index":0.8806389995712027}},{"type":"Feature","geometry":{"geodesic":false,"type":"Point","coordinates":[27.689625401935928,46.13356532089271]},"id":"+102746-171186_0","properties":{"count":1,"label":1,"Flood_Risk_Index":0.8844431331590733}},{"type":"Feature","geometry":{"geodesic":false,"type":"Point","coordinates":[27.690433885691636,46.13356532089271]},"id":"+102750-171186_0","properties":{"count":3,"label":1,"Flood_Risk_Index":0.8915120185737083}},{"type":"Feature","geometry":{"geodesic":false,"type":"Point","coordinates":[27.69070338027687,45.482196908377645]},"id":"+102751-168769_0","properties":{"count":3,"label":1,"Flood_Risk_Index":0.8815690760375028}},{"type":"Feature","geometry":{"geodesic":false,"type":"Point","coordinates":[27.6901643911064,45.744954128982606]},"id":"+102755-169728_0","properties":{"count":119,"label":1,"Flood_Risk_Index":0.8679684273911256}},{"type":"Feature","geometry":{"geodesic":false,"type":"Point","coordinates":[27.69205085320305,46.13248734255176]},"id":"+102755-171182_0","properties":{"count":1,"label":1,"Flood_Risk_Index":0.8886807448032987}},{"type":"Feature","geometry":{"geodesic":false,"type":"Point","coordinates":[27.693128831543994,45.73929474269265]},"id":"+102759-169721_0","properties":{"count":6,"label":1,"Flood_Risk_Index":0.8600511167928722}},{"type":"Feature","geometry":{"geodesic":false,"type":"Point","coordinates":[27.69205085320305,45.461176330729245]},"id":"+102761-168689_0","properties":{"count":103,"label":1,"Flood_Risk_Index":0.8895730180538667}},{"type":"Feature","geometry":{"geodesic":false,"type":"Point","coordinates":[27.69339832612923,45.48138842462193]},"id":"+102761-168766_0","properties":{"count":6,"label":1,"Flood_Risk_Index":0.876164476911534}},{"type":"Feature","geometry":{"geodesic":false,"type":"Point","coordinates":[27.694206809884935,45.734443840158406]},"id":"+102763-169703_0","properties":{"count":10,"label":1,"Flood_Risk_Index":0.8617996266162985}},{"type":"Feature","geometry":{"geodesic":false,"type":"Point","coordinates":[27.69447630447017,45.48057994086623]},"id":"+102765-168762_0","properties":{"count":3,"label":1,"Flood_Risk_Index":0.8843243727211925}},{"type":"Feature","geometry":{"geodesic":false,"type":"Point","coordinates":[27.69528478822588,45.47411207082057]},"id":"+102767-168738_0","properties":{"count":3,"label":1,"Flood_Risk_Index":0.8554247641639945}},{"type":"Feature","geometry":{"geodesic":false,"type":"Point","coordinates":[27.695554282811116,45.72662849718657]},"id":"+102768-169674_0","properties":{"count":7,"label":1,"Flood_Risk_Index":0.8589734622072377}},{"type":"Feature","geometry":{"geodesic":false,"type":"Point","coordinates":[27.694745799055408,45.7306709159651]},"id":"+102768-169688_0","properties":{"count":18,"label":1,"Flood_Risk_Index":0.8571949029497911}},{"type":"Feature","geometry":{"geodesic":false,"type":"Point","coordinates":[27.695823777396352,45.72878445386845]},"id":"+102770-169682_0","properties":{"count":11,"label":1,"Flood_Risk_Index":0.8586885461793703}},{"type":"Feature","geometry":{"geodesic":false,"type":"Point","coordinates":[27.697440744907766,46.13167885879606]},"id":"+102776-171178_0","properties":{"count":7,"label":1,"Flood_Risk_Index":0.896280821916891}},{"type":"Feature","geometry":{"geodesic":false,"type":"Point","coordinates":[27.69797973407824,46.126558461676574]},"id":"+102777-171160_0","properties":{"count":1,"label":1,"Flood_Risk_Index":0.8564083645886712}},{"type":"Feature","geometry":{"geodesic":false,"type":"Point","coordinates":[27.69797973407824,45.463062792825895]},"id":"+102779-168698_0","properties":{"count":12,"label":1,"Flood_Risk_Index":0.8911054473165712}},{"type":"Feature","geometry":{"geodesic":false,"type":"Point","coordinates":[27.69932720700442,46.13006189128464]},"id":"+102782-171172_0","properties":{"count":3,"label":1,"Flood_Risk_Index":0.8953051675813299}},{"type":"Feature","geometry":{"geodesic":false,"type":"Point","coordinates":[27.699866196174888,46.120899075386625]},"id":"+102784-171138_0","properties":{"count":6,"label":1,"Flood_Risk_Index":0.8536886754999969}},{"type":"Feature","geometry":{"geodesic":false,"type":"Point","coordinates":[27.699866196174888,46.12332452665375]},"id":"+102784-171147_0","properties":{"count":6,"label":1,"Flood_Risk_Index":0.8568047818332795}},{"type":"Feature","geometry":{"geodesic":false,"type":"Point","coordinates":[27.699866196174888,45.46387127658161]},"id":"+102789-168701_0","properties":{"count":14,"label":1,"Flood_Risk_Index":0.8953629581788393}},{"type":"Feature","geometry":{"geodesic":false,"type":"Point","coordinates":[27.70498659329437,45.463062792825895]},"id":"+102806-168698_0","properties":{"count":8,"label":1,"Flood_Risk_Index":0.8738831986955305}},{"type":"Feature","geometry":{"geodesic":false,"type":"Point","coordinates":[27.708220528317202,45.44797109605269]},"id":"+102816-168639_0","properties":{"count":20,"label":1,"Flood_Risk_Index":0.8669781100038395}},{"type":"Feature","geometry":{"geodesic":false,"type":"Point","coordinates":[27.70849002290244,45.46252380365542]},"id":"+102824-168695_0","properties":{"count":24,"label":1,"Flood_Risk_Index":0.8635563264598338}},{"type":"Feature","geometry":{"geodesic":false,"type":"Point","coordinates":[27.713340925436682,45.4458151393708]},"id":"+102834-168630_0","properties":{"count":94,"label":1,"Flood_Risk_Index":0.7379843273387922}},{"type":"Feature","geometry":{"geodesic":false,"type":"Point","coordinates":[27.713071430851446,45.45012705273458]},"id":"+102840-168648_0","properties":{"count":71,"label":1,"Flood_Risk_Index":0.8709523263911764}},{"type":"Feature","geometry":{"geodesic":false,"type":"Point","coordinates":[27.714688398362863,45.461176330729245]},"id":"+102843-168689_0","properties":{"count":21,"label":1,"Flood_Risk_Index":0.7385595782500574}},{"type":"Feature","geometry":{"geodesic":false,"type":"Point","coordinates":[27.718191827970927,45.45174402024599]},"id":"+102852-168655_0","properties":{"count":6,"label":1,"Flood_Risk_Index":0.8609539056180671}},{"type":"Feature","geometry":{"geodesic":false,"type":"Point","coordinates":[27.72385121426088,45.44958806356411]},"id":"+102857-168642_0","properties":{"count":110,"label":1,"Flood_Risk_Index":0.8742353125243877}},{"type":"Feature","geometry":{"geodesic":false,"type":"Point","coordinates":[27.719808795482344,45.45363048234264]},"id":"+102857-168659_0","properties":{"count":30,"label":1,"Flood_Risk_Index":0.7277965811983081}},{"type":"Feature","geometry":{"geodesic":false,"type":"Point","coordinates":[27.7187308171414,45.45848138487689]},"id":"+102858-168673_0","properties":{"count":36,"label":1,"Flood_Risk_Index":0.7297032468285112}},{"type":"Feature","geometry":{"geodesic":false,"type":"Point","coordinates":[27.73355301932937,45.49567163763943]},"id":"+102888-168797_0","properties":{"count":193,"label":1,"Flood_Risk_Index":0.8686755963209014}},{"type":"Feature","geometry":{"geodesic":false,"type":"Point","coordinates":[27.733822513914607,45.44985755814934]},"id":"+102909-168645_0","properties":{"count":16,"label":1,"Flood_Risk_Index":0.8859379005280674}},{"type":"Feature","geometry":{"geodesic":false,"type":"Point","coordinates":[27.731397062647485,45.45174402024599]},"id":"+102909-168654_0","properties":{"count":38,"label":1,"Flood_Risk_Index":0.8764169734060486}},{"type":"Feature","geometry":{"geodesic":false,"type":"Point","coordinates":[27.734092008499843,45.442581204347974]},"id":"+102911-168612_0","properties":{"count":193,"label":1,"Flood_Risk_Index":0.4300432102755174}},{"type":"Feature","geometry":{"geodesic":false,"type":"Point","coordinates":[27.724659698016588,46.11577867826714]},"id":"+102912-171110_0","properties":{"count":623,"label":1,"Flood_Risk_Index":0.7565887901144621}},{"type":"Feature","geometry":{"geodesic":false,"type":"Point","coordinates":[27.737864932693146,45.492437702616606]},"id":"+102925-168803_0","properties":{"count":26,"label":1,"Flood_Risk_Index":0.8700138142202088}},{"type":"Feature","geometry":{"geodesic":false,"type":"Point","coordinates":[27.738942911034087,45.49405467012802]},"id":"+102929-168813_0","properties":{"count":2,"label":1,"Flood_Risk_Index":0.8707634936106936}},{"type":"Feature","geometry":{"geodesic":false,"type":"Point","coordinates":[27.739212405619323,45.417518207921034]},"id":"+102931-168528_0","properties":{"count":9,"label":1,"Flood_Risk_Index":0.8652284327392179}},{"type":"Feature","geometry":{"geodesic":false,"type":"Point","coordinates":[27.73948190020456,45.4210216375291]},"id":"+102931-168540_0","properties":{"count":16,"label":1,"Flood_Risk_Index":0.8800789421675765}},{"type":"Feature","geometry":{"geodesic":false,"type":"Point","coordinates":[27.74002088937503,45.50510394812269]},"id":"+102934-168853_0","properties":{"count":9,"label":1,"Flood_Risk_Index":0.8714014847769087}},{"type":"Feature","geometry":{"geodesic":false,"type":"Point","coordinates":[27.740559878545504,45.415631745824385]},"id":"+102937-168519_0","properties":{"count":18,"label":1,"Flood_Risk_Index":0.7766509157711663}},{"type":"Feature","geometry":{"geodesic":false,"type":"Point","coordinates":[27.743254824397862,45.445006655615096]},"id":"+102943-168627_0","properties":{"count":26,"label":1,"Flood_Risk_Index":0.8934211215598413}},{"type":"Feature","geometry":{"geodesic":false,"type":"Point","coordinates":[27.743254824397862,45.43422687220566]},"id":"+102946-168590_0","properties":{"count":9,"label":1,"Flood_Risk_Index":0.89024042140931}},{"type":"Feature","geometry":{"geodesic":false,"type":"Point","coordinates":[27.74406330815357,45.42587254006335]},"id":"+102947-168559_0","properties":{"count":4,"label":1,"Flood_Risk_Index":0.8752452613675967}},{"type":"Feature","geometry":{"geodesic":false,"type":"Point","coordinates":[27.7435243189831,45.430723442597596]},"id":"+102949-168571_0","properties":{"count":29,"label":1,"Flood_Risk_Index":0.8906900322163758}},{"type":"Feature","geometry":{"geodesic":false,"type":"Point","coordinates":[27.744602297324043,45.43746080722849]},"id":"+102949-168599_0","properties":{"count":28,"label":1,"Flood_Risk_Index":0.853423875514495}},{"type":"Feature","geometry":{"geodesic":false,"type":"Point","coordinates":[27.745410781079748,45.44770160146745]},"id":"+102953-168639_0","properties":{"count":21,"label":1,"Flood_Risk_Index":0.885447986126271}},{"type":"Feature","geometry":{"geodesic":false,"type":"Point","coordinates":[27.74594977025022,45.41509275665391]},"id":"+102956-168519_0","properties":{"count":7,"label":1,"Flood_Risk_Index":0.8662352059239917}},{"type":"Feature","geometry":{"geodesic":false,"type":"Point","coordinates":[27.7472972431764,45.44150322600703]},"id":"+102959-168614_0","properties":{"count":20,"label":1,"Flood_Risk_Index":0.8939056740063656}},{"type":"Feature","geometry":{"geodesic":false,"type":"Point","coordinates":[27.74918370527305,45.492437702616606]},"id":"+102962-168805_0","properties":{"count":34,"label":1,"Flood_Risk_Index":0.8840750971433915}},{"type":"Feature","geometry":{"geodesic":false,"type":"Point","coordinates":[27.74864471610258,45.4991750672475]},"id":"+102965-168819_0","properties":{"count":105,"label":1,"Flood_Risk_Index":0.755147390860076}},{"type":"Feature","geometry":{"geodesic":false,"type":"Point","coordinates":[27.745680275664984,45.68323986896359]},"id":"+102966-169502_0","properties":{"count":191,"label":1,"Flood_Risk_Index":0.9533768838949631}},{"type":"Feature","geometry":{"geodesic":false,"type":"Point","coordinates":[27.74918370527305,45.444198171859384]},"id":"+102968-168627_0","properties":{"count":7,"label":1,"Flood_Risk_Index":0.8935484751139176}},{"type":"Feature","geometry":{"geodesic":false,"type":"Point","coordinates":[27.74999218902876,46.12548048333563]},"id":"+102970-171153_0","properties":{"count":12,"label":1,"Flood_Risk_Index":0.8566648466535889}},{"type":"Feature","geometry":{"geodesic":false,"type":"Point","coordinates":[27.750800672784468,45.44662362312651]},"id":"+102973-168636_0","properties":{"count":5,"label":1,"Flood_Risk_Index":0.8840422344757104}},{"type":"Feature","geometry":{"geodesic":false,"type":"Point","coordinates":[27.74999218902876,45.448779579808395]},"id":"+102974-168642_0","properties":{"count":18,"label":1,"Flood_Risk_Index":0.8874476174395476}},{"type":"Feature","geometry":{"geodesic":false,"type":"Point","coordinates":[27.75592106990395,45.41913517543245]},"id":"+102993-168534_0","properties":{"count":9,"label":1,"Flood_Risk_Index":0.8658803514688505}},{"type":"Feature","geometry":{"geodesic":false,"type":"Point","coordinates":[27.769126304580503,45.419943659188164]},"id":"+103042-168537_0","properties":{"count":6,"label":1,"Flood_Risk_Index":0.9005948506452836}},{"type":"Feature","geometry":{"geodesic":false,"type":"Point","coordinates":[27.77074327209192,45.42075214294387]},"id":"+103048-168540_0","properties":{"count":9,"label":1,"Flood_Risk_Index":0.8992555788395242}},{"type":"Feature","geometry":{"geodesic":false,"type":"Point","coordinates":[27.77155175584763,46.03007940016214]},"id":"+103051-170801_0","properties":{"count":9,"label":1,"Flood_Risk_Index":0.8588036172141996}},{"type":"Feature","geometry":{"geodesic":false,"type":"Point","coordinates":[27.77343821794428,45.42156062669957]},"id":"+103056-168543_0","properties":{"count":7,"label":1,"Flood_Risk_Index":0.8949578210120893}},{"type":"Feature","geometry":{"geodesic":false,"type":"Point","coordinates":[27.77505518545569,45.422369110455286]},"id":"+103062-168546_0","properties":{"count":7,"label":1,"Flood_Risk_Index":0.8765543706156739}},{"type":"Feature","geometry":{"geodesic":false,"type":"Point","coordinates":[27.776133163796636,46.00851983334327]},"id":"+103067-170717_0","properties":{"count":21,"label":1,"Flood_Risk_Index":0.854888609195353}},{"type":"Feature","geometry":{"geodesic":false,"type":"Point","coordinates":[27.77667215296711,46.01256225212181]},"id":"+103070-170733_0","properties":{"count":27,"label":1,"Flood_Risk_Index":0.8501015894123077}},{"type":"Feature","geometry":{"geodesic":false,"type":"Point","coordinates":[27.777480636722817,46.005016403735205]},"id":"+103073-170708_0","properties":{"count":9,"label":1,"Flood_Risk_Index":0.8639848568669651}},{"type":"Feature","geometry":{"geodesic":false,"type":"Point","coordinates":[27.783679012183242,45.422099615870046]},"id":"+103095-168546_0","properties":{"count":1,"label":1,"Flood_Risk_Index":0.912746229080189}},{"type":"Feature","geometry":{"geodesic":false,"type":"Point","coordinates":[27.785834968865128,45.41617073499486]},"id":"+103104-168522_0","properties":{"count":13,"label":1,"Flood_Risk_Index":0.9202502326050676}},{"type":"Feature","geometry":{"geodesic":false,"type":"Point","coordinates":[27.785295979694656,45.42156062669957]},"id":"+103104-168541_0","properties":{"count":10,"label":1,"Flood_Risk_Index":0.9197002867720219}},{"type":"Feature","geometry":{"geodesic":false,"type":"Point","coordinates":[27.786643452620837,45.411858821631085]},"id":"+103105-168502_0","properties":{"count":21,"label":1,"Flood_Risk_Index":0.9124628168526405}},{"type":"Feature","geometry":{"geodesic":false,"type":"Point","coordinates":[27.786643452620837,45.40808589743778]},"id":"+103107-168491_0","properties":{"count":17,"label":1,"Flood_Risk_Index":0.9014860028347873}},{"type":"Feature","geometry":{"geodesic":false,"type":"Point","coordinates":[27.786643452620837,45.419943659188164]},"id":"+103107-168537_0","properties":{"count":7,"label":1,"Flood_Risk_Index":0.91182877461114}},{"type":"Feature","geometry":{"geodesic":false,"type":"Point","coordinates":[27.789877387643667,45.4067384245116]},"id":"+103126-168488_0","properties":{"count":45,"label":1,"Flood_Risk_Index":0.9124075008481424}},{"type":"Feature","geometry":{"geodesic":false,"type":"Point","coordinates":[27.797153741445033,45.40566044617066]},"id":"+103147-168485_0","properties":{"count":12,"label":1,"Flood_Risk_Index":0.9130981940911649}},{"type":"Feature","geometry":{"geodesic":false,"type":"Point","coordinates":[27.801735149394045,45.405121457000185]},"id":"+103163-168482_0","properties":{"count":6,"label":1,"Flood_Risk_Index":0.8818508791735759}},{"type":"Feature","geometry":{"geodesic":false,"type":"Point","coordinates":[27.810089481536355,45.403234994903535]},"id":"+103193-168475_0","properties":{"count":8,"label":1,"Flood_Risk_Index":0.9019563386057752}},{"type":"Feature","geometry":{"geodesic":false,"type":"Point","coordinates":[27.812514932803477,45.40215701656259]},"id":"+103203-168472_0","properties":{"count":5,"label":1,"Flood_Risk_Index":0.9027861732195518}},{"type":"Feature","geometry":{"geodesic":false,"type":"Point","coordinates":[27.814131900314894,45.401618027392125]},"id":"+103209-168469_0","properties":{"count":7,"label":1,"Flood_Risk_Index":0.901331474938178}},{"type":"Feature","geometry":{"geodesic":false,"type":"Point","coordinates":[27.815748867826308,45.40080954363641]},"id":"+103215-168466_0","properties":{"count":5,"label":1,"Flood_Risk_Index":0.9036564697902664}},{"type":"Feature","geometry":{"geodesic":false,"type":"Point","coordinates":[27.818443813678666,45.399462070710236]},"id":"+103228-168460_0","properties":{"count":28,"label":1,"Flood_Risk_Index":0.8976137994873351}},{"type":"Feature","geometry":{"geodesic":false,"type":"Point","coordinates":[27.820599770360552,45.39784510319882]},"id":"+103234-168454_0","properties":{"count":14,"label":1,"Flood_Risk_Index":0.8829579938276695}},{"type":"Feature","geometry":{"geodesic":false,"type":"Point","coordinates":[27.824911683724327,45.397575608613586]},"id":"+103249-168454_0","properties":{"count":9,"label":1,"Flood_Risk_Index":0.9169853554058871}},{"type":"Feature","geometry":{"geodesic":false,"type":"Point","coordinates":[27.8254506728948,45.4134757891425]},"id":"+103249-168497_0","properties":{"count":101,"label":1,"Flood_Risk_Index":0.8651787107215412}},{"type":"Feature","geometry":{"geodesic":false,"type":"Point","coordinates":[27.827067640406213,45.39838409236929]},"id":"+103258-168457_0","properties":{"count":20,"label":1,"Flood_Risk_Index":0.9096400363488769}},{"type":"Feature","geometry":{"geodesic":false,"type":"Point","coordinates":[27.827067640406213,45.450935536490285]},"id":"+103262-168610_0","properties":{"count":1853,"label":1,"Flood_Risk_Index":0.8568828031176557}},{"type":"Feature","geometry":{"geodesic":false,"type":"Point","coordinates":[27.829223597088102,45.399192576124996]},"id":"+103265-168460_0","properties":{"count":9,"label":1,"Flood_Risk_Index":0.9131648276895502}},{"type":"Feature","geometry":{"geodesic":false,"type":"Point","coordinates":[27.829223597088102,45.47087813579774]},"id":"+103265-168726_0","properties":{"count":9,"label":1,"Flood_Risk_Index":0.8566589794922185}},{"type":"Feature","geometry":{"geodesic":false,"type":"Point","coordinates":[27.828415113332394,45.417787702506274]},"id":"+103268-168524_0","properties":{"count":40,"label":1,"Flood_Risk_Index":0.6529959947736844}},{"type":"Feature","geometry":{"geodesic":false,"type":"Point","coordinates":[27.830032080843807,45.46737470618967]},"id":"+103268-168713_0","properties":{"count":5,"label":1,"Flood_Risk_Index":0.8510620191499002}},{"type":"Feature","geometry":{"geodesic":false,"type":"Point","coordinates":[27.836769445474705,45.40889438119349]},"id":"+103271-168478_0","properties":{"count":167,"label":1,"Flood_Risk_Index":0.8895679288882198}},{"type":"Feature","geometry":{"geodesic":false,"type":"Point","coordinates":[27.831649048355224,45.463332287411134]},"id":"+103274-168698_0","properties":{"count":9,"label":1,"Flood_Risk_Index":0.8532461630811659}},{"type":"Feature","geometry":{"geodesic":false,"type":"Point","coordinates":[27.831649048355224,45.41428427289821]},"id":"+103277-168512_0","properties":{"count":33,"label":1,"Flood_Risk_Index":0.9026934997530365}},{"type":"Feature","geometry":{"geodesic":false,"type":"Point","coordinates":[27.837577929230413,45.414014778312975]},"id":"+103293-168513_0","properties":{"count":29,"label":1,"Flood_Risk_Index":0.9040936256949945}},{"type":"Feature","geometry":{"geodesic":false,"type":"Point","coordinates":[27.840003380497535,45.41509275665391]},"id":"+103306-168519_0","properties":{"count":10,"label":1,"Flood_Risk_Index":0.9294320518053845}},{"type":"Feature","geometry":{"geodesic":false,"type":"Point","coordinates":[27.84108135883848,45.40000105988071]},"id":"+103308-168463_0","properties":{"count":3,"label":1,"Flood_Risk_Index":0.9189448625426163}},{"type":"Feature","geometry":{"geodesic":false,"type":"Point","coordinates":[27.842428831764657,45.41509275665391]},"id":"+103317-168519_0","properties":{"count":26,"label":1,"Flood_Risk_Index":0.9136279085153632}},{"type":"Feature","geometry":{"geodesic":false,"type":"Point","coordinates":[27.845123777617015,45.41482326206868]},"id":"+103325-168517_0","properties":{"count":12,"label":1,"Flood_Risk_Index":0.9003998901061984}},{"type":"Feature","geometry":{"geodesic":false,"type":"Point","coordinates":[27.848357712639846,45.39973156529547]},"id":"+103336-168463_0","properties":{"count":4,"label":1,"Flood_Risk_Index":0.9147288330250198}},{"type":"Feature","geometry":{"geodesic":false,"type":"Point","coordinates":[27.849166196395554,46.13410431006318]},"id":"+103339-171187_0","properties":{"count":9,"label":1,"Flood_Risk_Index":0.8506062874391721}},{"type":"Feature","geometry":{"geodesic":false,"type":"Point","coordinates":[27.852400131418385,45.39811459778406]},"id":"+103351-168457_0","properties":{"count":4,"label":1,"Flood_Risk_Index":0.9007068496047218}},{"type":"Feature","geometry":{"geodesic":false,"type":"Point","coordinates":[27.858868001464046,45.40269600573306]},"id":"+103378-168460_0","properties":{"count":137,"label":1,"Flood_Risk_Index":0.38769433005841014}},{"type":"Feature","geometry":{"geodesic":false,"type":"Point","coordinates":[27.86183244190164,45.39865358695453]},"id":"+103388-168456_0","properties":{"count":42,"label":1,"Flood_Risk_Index":0.9200541518764325}},{"type":"Feature","geometry":{"geodesic":false,"type":"Point","coordinates":[27.86291042024258,45.397306114028346]},"id":"+103389-168454_0","properties":{"count":2,"label":1,"Flood_Risk_Index":0.9238239294809216}},{"type":"Feature","geometry":{"geodesic":false,"type":"Point","coordinates":[27.86506637692447,45.405121457000185]},"id":"+103396-168482_0","properties":{"count":6,"label":1,"Flood_Risk_Index":0.9029779068560128}},{"type":"Feature","geometry":{"geodesic":false,"type":"Point","coordinates":[27.865874860680176,45.397575608613586]},"id":"+103401-168454_0","properties":{"count":9,"label":1,"Flood_Risk_Index":0.8727884361332642}},{"type":"Feature","geometry":{"geodesic":false,"type":"Point","coordinates":[27.866683344435884,45.40835539202302]},"id":"+103404-168494_0","properties":{"count":10,"label":1,"Flood_Risk_Index":0.8977547468884}},{"type":"Feature","geometry":{"geodesic":false,"type":"Point","coordinates":[27.8683003119473,45.409163875778724]},"id":"+103410-168497_0","properties":{"count":9,"label":1,"Flood_Risk_Index":0.8923330004655282}},{"type":"Feature","geometry":{"geodesic":false,"type":"Point","coordinates":[27.87153424697013,45.409972359534436]},"id":"+103422-168500_0","properties":{"count":10,"label":1,"Flood_Risk_Index":0.9050493319596471}},{"type":"Feature","geometry":{"geodesic":false,"type":"Point","coordinates":[27.87342070906678,45.417518207921034]},"id":"+103428-168528_0","properties":{"count":5,"label":1,"Flood_Risk_Index":0.9011942588718439}},{"type":"Feature","geometry":{"geodesic":false,"type":"Point","coordinates":[27.87611565491914,45.41805719709151]},"id":"+103441-168531_0","properties":{"count":7,"label":1,"Flood_Risk_Index":0.904741299854894}},{"type":"Feature","geometry":{"geodesic":false,"type":"Point","coordinates":[27.879080095356734,45.417518207921034]},"id":"+103450-168528_0","properties":{"count":7,"label":1,"Flood_Risk_Index":0.9086925466124512}},{"type":"Feature","geometry":{"geodesic":false,"type":"Point","coordinates":[27.882853019550037,45.41859618626198]},"id":"+103463-168528_0","properties":{"count":54,"label":1,"Flood_Risk_Index":0.8372497636922246}},{"type":"Feature","geometry":{"geodesic":false,"type":"Point","coordinates":[27.886625943743336,45.419943659188164]},"id":"+103484-168537_0","properties":{"count":24,"label":1,"Flood_Risk_Index":0.9058922017644977}},{"type":"Feature","geometry":{"geodesic":false,"type":"Point","coordinates":[27.893363308374234,45.41886568084722]},"id":"+103503-168534_0","properties":{"count":3,"label":1,"Flood_Risk_Index":0.9104963753331995}},{"type":"Feature","geometry":{"geodesic":false,"type":"Point","coordinates":[27.896597243397064,45.41805719709151]},"id":"+103515-168531_0","properties":{"count":6,"label":1,"Flood_Risk_Index":0.890252425875331}},{"type":"Feature","geometry":{"geodesic":false,"type":"Point","coordinates":[27.89821421090848,45.417518207921034]},"id":"+103520-168529_0","properties":{"count":4,"label":1,"Flood_Risk_Index":0.8939429061047189}},{"type":"Feature","geometry":{"geodesic":false,"type":"Point","coordinates":[27.9073770268065,45.41266730538679]},"id":"+103556-168509_0","properties":{"count":10,"label":1,"Flood_Risk_Index":0.8788447925504743}},{"type":"Feature","geometry":{"geodesic":false,"type":"Point","coordinates":[27.90926348890315,45.41131983246061]},"id":"+103562-168506_0","properties":{"count":5,"label":1,"Flood_Risk_Index":0.8623159501668328}},{"type":"Feature","geometry":{"geodesic":false,"type":"Point","coordinates":[27.911688940170272,45.409972359534436]},"id":"+103571-168500_0","properties":{"count":7,"label":1,"Flood_Risk_Index":0.8736109089058341}},{"type":"Feature","geometry":{"geodesic":false,"type":"Point","coordinates":[27.91330590768169,45.409163875778724]},"id":"+103577-168497_0","properties":{"count":9,"label":1,"Flood_Risk_Index":0.8725290377301183}},{"type":"Feature","geometry":{"geodesic":false,"type":"Point","coordinates":[27.914922875193103,45.40835539202302]},"id":"+103583-168494_0","properties":{"count":9,"label":1,"Flood_Risk_Index":0.8802545085287558}},{"type":"Feature","geometry":{"geodesic":false,"type":"Point","coordinates":[27.916809337289752,45.407277413682074]},"id":"+103590-168491_0","properties":{"count":6,"label":1,"Flood_Risk_Index":0.8795175213733413}},{"type":"Feature","geometry":{"geodesic":false,"type":"Point","coordinates":[27.930284066551547,45.89721856964086]},"id":"+103639-170300_0","properties":{"count":51,"label":1,"Flood_Risk_Index":0.8561706968069424}},{"type":"Feature","geometry":{"geodesic":false,"type":"Point","coordinates":[27.93648244201197,45.40808589743778]},"id":"+103661-168491_0","properties":{"count":18,"label":1,"Flood_Risk_Index":0.8536751937751703}},{"type":"Feature","geometry":{"geodesic":false,"type":"Point","coordinates":[27.941333344546216,45.45336098775741]},"id":"+103685-168599_0","properties":{"count":498,"label":1,"Flood_Risk_Index":0.7944938957593202}},{"type":"Feature","geometry":{"geodesic":false,"type":"Point","coordinates":[27.94510626873952,45.419943659188164]},"id":"+103695-168537_0","properties":{"count":7,"label":1,"Flood_Risk_Index":0.8816187389503931}},{"type":"Feature","geometry":{"geodesic":false,"type":"Point","coordinates":[27.945914752495227,45.4059299407559]},"id":"+103698-168485_0","properties":{"count":9,"label":1,"Flood_Risk_Index":0.8632552635031567}},{"type":"Feature","geometry":{"geodesic":false,"type":"Point","coordinates":[27.94753172000664,45.411589327045846]},"id":"+103704-168506_0","properties":{"count":9,"label":1,"Flood_Risk_Index":0.8559800484965887}},{"type":"Feature","geometry":{"geodesic":false,"type":"Point","coordinates":[27.949148687518058,45.405121457000185]},"id":"+103710-168482_0","properties":{"count":9,"label":1,"Flood_Risk_Index":0.8726406225377819}},{"type":"Feature","geometry":{"geodesic":false,"type":"Point","coordinates":[27.947801214591877,45.4172487133358]},"id":"+103712-168525_0","properties":{"count":51,"label":1,"Flood_Risk_Index":0.8406600194773123}},{"type":"Feature","geometry":{"geodesic":false,"type":"Point","coordinates":[27.961545438438907,45.84305015800845]},"id":"+103756-170108_0","properties":{"count":3,"label":1,"Flood_Risk_Index":0.850006415481323}},{"type":"Feature","geometry":{"geodesic":false,"type":"Point","coordinates":[27.964240384291266,45.39973156529547]},"id":"+103766-168463_0","properties":{"count":3,"label":1,"Flood_Risk_Index":0.8976437548787499}},{"type":"Feature","geometry":{"geodesic":false,"type":"Point","coordinates":[27.96585735180268,45.399462070710236]},"id":"+103772-168460_0","properties":{"count":9,"label":1,"Flood_Risk_Index":0.8985979654976388}},{"type":"Feature","geometry":{"geodesic":false,"type":"Point","coordinates":[27.967743813899332,45.39811459778406]},"id":"+103781-168454_0","properties":{"count":15,"label":1,"Flood_Risk_Index":0.8953397733376034}},{"type":"Feature","geometry":{"geodesic":false,"type":"Point","coordinates":[27.96989977058122,45.39649763027264]},"id":"+103786-168451_0","properties":{"count":2,"label":1,"Flood_Risk_Index":0.891586330589576}},{"type":"Feature","geometry":{"geodesic":false,"type":"Point","coordinates":[27.97825410272353,45.394880662761224]},"id":"+103818-168444_0","properties":{"count":4,"label":1,"Flood_Risk_Index":0.8970276215813726}},{"type":"Feature","geometry":{"geodesic":false,"type":"Point","coordinates":[27.979871070234946,45.876736981162935]},"id":"+103823-170232_0","properties":{"count":7,"label":1,"Flood_Risk_Index":0.8548492904337116}},{"type":"Feature","geometry":{"geodesic":false,"type":"Point","coordinates":[27.98067955399065,45.87161658404346]},"id":"+103826-170213_0","properties":{"count":5,"label":1,"Flood_Risk_Index":0.852458269355043}},{"type":"Feature","geometry":{"geodesic":false,"type":"Point","coordinates":[27.981757532331596,45.39218571690887]},"id":"+103831-168435_0","properties":{"count":6,"label":1,"Flood_Risk_Index":0.8948898249142828}},{"type":"Feature","geometry":{"geodesic":false,"type":"Point","coordinates":[27.982566016087304,45.39137723315316]},"id":"+103834-168432_0","properties":{"count":3,"label":1,"Flood_Risk_Index":0.8935231864952932}},{"type":"Feature","geometry":{"geodesic":false,"type":"Point","coordinates":[27.982566016087304,45.8479010605427]},"id":"+103834-170120_0","properties":{"count":31,"label":1,"Flood_Risk_Index":0.6989641892227755}},{"type":"Feature","geometry":{"geodesic":false,"type":"Point","coordinates":[27.98391348901348,45.841972179667515]},"id":"+103837-170101_0","properties":{"count":14,"label":1,"Flood_Risk_Index":0.8738627699043986}},{"type":"Feature","geometry":{"geodesic":false,"type":"Point","coordinates":[27.98337449984301,45.84466712551987]},"id":"+103837-170114_0","properties":{"count":5,"label":1,"Flood_Risk_Index":0.8697676124188484}},{"type":"Feature","geometry":{"geodesic":false,"type":"Point","coordinates":[27.984182983598718,45.84008571757086]},"id":"+103840-170096_0","properties":{"count":9,"label":1,"Flood_Risk_Index":0.8745252115945157}},{"type":"Feature","geometry":{"geodesic":false,"type":"Point","coordinates":[27.9855304565249,45.831461890843315]},"id":"+103843-170062_0","properties":{"count":21,"label":1,"Flood_Risk_Index":0.8681344835828827}},{"type":"Feature","geometry":{"geodesic":false,"type":"Point","coordinates":[27.984452478183954,45.83631279337756]},"id":"+103843-170074_0","properties":{"count":57,"label":1,"Flood_Risk_Index":0.8551240819923703}},{"type":"Feature","geometry":{"geodesic":false,"type":"Point","coordinates":[27.986069445695367,45.39137723315316]},"id":"+103846-168432_0","properties":{"count":3,"label":1,"Flood_Risk_Index":0.898529997270124}},{"type":"Feature","geometry":{"geodesic":false,"type":"Point","coordinates":[27.98795590779202,45.392994200664575]},"id":"+103851-168435_0","properties":{"count":8,"label":1,"Flood_Risk_Index":0.8891140974191567}},{"type":"Feature","geometry":{"geodesic":false,"type":"Point","coordinates":[27.98876439154773,45.82822795582048]},"id":"+103856-170052_0","properties":{"count":3,"label":1,"Flood_Risk_Index":0.8502689364046135}},{"type":"Feature","geometry":{"geodesic":false,"type":"Point","coordinates":[27.99065085364438,45.83011441791713]},"id":"+103862-170056_0","properties":{"count":18,"label":1,"Flood_Risk_Index":0.8754602684630789}},{"type":"Feature","geometry":{"geodesic":false,"type":"Point","coordinates":[27.990920348229615,45.39838409236929]},"id":"+103865-168457_0","properties":{"count":9,"label":1,"Flood_Risk_Index":0.8984375614350177}},{"type":"Feature","geometry":{"geodesic":false,"type":"Point","coordinates":[27.991459337400087,45.83253986918426]},"id":"+103866-170067_0","properties":{"count":5,"label":1,"Flood_Risk_Index":0.8649444067089499}},{"type":"Feature","geometry":{"geodesic":false,"type":"Point","coordinates":[27.9930763049115,45.83469582586614]},"id":"+103871-170075_0","properties":{"count":13,"label":1,"Flood_Risk_Index":0.8787670362403299}},{"type":"Feature","geometry":{"geodesic":false,"type":"Point","coordinates":[27.994962767008154,45.836043298792326]},"id":"+103880-170081_0","properties":{"count":6,"label":1,"Flood_Risk_Index":0.8615489493138566}},{"type":"Feature","geometry":{"geodesic":false,"type":"Point","coordinates":[27.99631023993433,45.83846875005945]},"id":"+103884-170091_0","properties":{"count":2,"label":1,"Flood_Risk_Index":0.8659825364129824}},{"type":"Feature","geometry":{"geodesic":false,"type":"Point","coordinates":[27.996579734519567,45.837121277133264]},"id":"+103886-170086_0","properties":{"count":3,"label":1,"Flood_Risk_Index":0.875829064114377}},{"type":"Feature","geometry":{"geodesic":false,"type":"Point","coordinates":[27.996579734519567,45.841702685082275]},"id":"+103886-170099_0","properties":{"count":27,"label":1,"Flood_Risk_Index":0.8594390460990684}},{"type":"Feature","geometry":{"geodesic":false,"type":"Point","coordinates":[27.996579734519567,45.8441281363494]},"id":"+103886-170111_0","properties":{"count":9,"label":1,"Flood_Risk_Index":0.850685341553963}},{"type":"Feature","geometry":{"geodesic":false,"type":"Point","coordinates":[27.996579734519567,45.84978752263935]},"id":"+103886-170133_0","properties":{"count":3,"label":1,"Flood_Risk_Index":0.8552996902674798}},{"type":"Feature","geometry":{"geodesic":false,"type":"Point","coordinates":[27.997657712860512,45.39973156529547]},"id":"+103889-168463_0","properties":{"count":1,"label":1,"Flood_Risk_Index":0.8852411246460977}},{"type":"Feature","geometry":{"geodesic":false,"type":"Point","coordinates":[27.99900518578669,45.399462070710236]},"id":"+103894-168462_0","properties":{"count":1,"label":1,"Flood_Risk_Index":0.879657477774345}},{"type":"Feature","geometry":{"geodesic":false,"type":"Point","coordinates":[27.999813669542398,45.39838409236929]},"id":"+103897-168457_0","properties":{"count":3,"label":1,"Flood_Risk_Index":0.8837149826594443}},{"type":"Feature","geometry":{"geodesic":false,"type":"Point","coordinates":[28.100335149835374,46.04301514025346]},"id":"+104270-170850_0","properties":{"count":4,"label":1,"Flood_Risk_Index":0.8616002276117667}},{"type":"Feature","geometry":{"geodesic":false,"type":"Point","coordinates":[28.100335149835374,46.044093118594404]},"id":"+104270-170853_0","properties":{"count":6,"label":1,"Flood_Risk_Index":0.8529474289239062}},{"type":"Feature","geometry":{"geodesic":false,"type":"Point","coordinates":[28.100335149835374,45.98561279359822]},"id":"+104271-170632_0","properties":{"count":20,"label":1,"Flood_Risk_Index":0.8694937142690411}},{"type":"Feature","geometry":{"geodesic":false,"type":"Point","coordinates":[28.100874139005843,46.04921351571389]},"id":"+104272-170872_0","properties":{"count":8,"label":1,"Flood_Risk_Index":0.8614921826425672}},{"type":"Feature","geometry":{"geodesic":false,"type":"Point","coordinates":[28.10249110651726,45.961627775512234]},"id":"+104282-170538_0","properties":{"count":81,"label":1,"Flood_Risk_Index":0.8694937142690411}},{"type":"Feature","geometry":{"geodesic":false,"type":"Point","coordinates":[28.10491655778438,45.95920232424511]},"id":"+104288-170538_0","properties":{"count":9,"label":1,"Flood_Risk_Index":0.8613449115181823}},{"type":"Feature","geometry":{"geodesic":false,"type":"Point","coordinates":[28.103569084858204,45.95408192712563]},"id":"+104295-170505_0","properties":{"count":128,"label":1,"Flood_Risk_Index":0.7893978252061208}}]}